Image,Name,Centroid X µm,Centroid Y µm
TMA_963_10_P16_-_2016-10-25_11.00.00.ndpi,A-1,3820.5,374.56
TMA_963_10_P16_-_2016-10-25_11.00.00.ndpi,A-2,5368.1,946.78
TMA_963_10_P16_-_2016-10-25_11.00.00.ndpi,A-3,6860.2,1149.8
TMA_963_10_P16_-_2016-10-25_11.00.00.ndpi,A-4,8436.6,825.5
TMA_963_10_P16_-_2016-10-25_11.00.00.ndpi,A-5,9924.9,1201.8
TMA_963_10_P16_-_2016-10-25_11.00.00.ndpi,A-6,11261.7,1123.7
TMA_963_10_P16_-_2016-10-25_11.00.00.ndpi,A-7,12784.9,1148.6
TMA_963_10_P16_-_2016-10-25_11.00.00.ndpi,A-8,14283.1,1448.3
TMA_963_10_P16_-_2016-10-25_11.00.00.ndpi,A-9,15681.5,1673
TMA_963_10_P16_-_2016-10-25_11.00.00.ndpi,A-10,17104.8,2097.5
TMA_963_10_P16_-_2016-10-25_11.00.00.ndpi,B-1,4003.6,2622.2
TMA_963_10_P16_-_2016-10-25_11.00.00.ndpi,B-2,5322.6,2409.2
TMA_963_10_P16_-_2016-10-25_11.00.00.ndpi,B-3,6841.9,2547
TMA_963_10_P16_-_2016-10-25_11.00.00.ndpi,B-4,8246.1,2588.3
TMA_963_10_P16_-_2016-10-25_11.00.00.ndpi,B-5,9679.9,2579.4
TMA_963_10_P16_-_2016-10-25_11.00.00.ndpi,B-6,11118.8,2671.8
TMA_963_10_P16_-_2016-10-25_11.00.00.ndpi,B-7,12660,2671.8
TMA_963_10_P16_-_2016-10-25_11.00.00.ndpi,B-8,14133.3,2921.5
TMA_963_10_P16_-_2016-10-25_11.00.00.ndpi,B-9,15633,3138.4
TMA_963_10_P16_-_2016-10-25_11.00.00.ndpi,B-10,16979.9,3470.9
TMA_963_10_P16_-_2016-10-25_11.00.00.ndpi,C-1,3464.2,3951.4
TMA_963_10_P16_-_2016-10-25_11.00.00.ndpi,C-2,5193.9,3970.3
TMA_963_10_P16_-_2016-10-25_11.00.00.ndpi,C-3,6642.2,3920.4
TMA_963_10_P16_-_2016-10-25_11.00.00.ndpi,C-4,8115.4,3995.3
TMA_963_10_P16_-_2016-10-25_11.00.00.ndpi,C-5,9513.8,4045.2
TMA_963_10_P16_-_2016-10-25_11.00.00.ndpi,C-6,10962,4170.1
TMA_963_10_P16_-_2016-10-25_11.00.00.ndpi,C-7,12510.2,4120.1
TMA_963_10_P16_-_2016-10-25_11.00.00.ndpi,C-8,14221.6,4307.4
TMA_963_10_P16_-_2016-10-25_11.00.00.ndpi,C-9,15700.6,4453.5
TMA_963_10_P16_-_2016-10-25_11.00.00.ndpi,C-10,16976.7,4850.9
TMA_963_10_P16_-_2016-10-25_11.00.00.ndpi,D-1,3620.7,5343.7
TMA_963_10_P16_-_2016-10-25_11.00.00.ndpi,D-2,5019.1,5293.7
TMA_963_10_P16_-_2016-10-25_11.00.00.ndpi,D-3,6492.3,5318.7
TMA_963_10_P16_-_2016-10-25_11.00.00.ndpi,D-4,7865.7,5568.4
TMA_963_10_P16_-_2016-10-25_11.00.00.ndpi,D-5,9413.9,5543.4
TMA_963_10_P16_-_2016-10-25_11.00.00.ndpi,D-6,10862.2,5743.2
TMA_963_10_P16_-_2016-10-25_11.00.00.ndpi,D-7,12335.4,5643.3
TMA_963_10_P16_-_2016-10-25_11.00.00.ndpi,D-8,13766,5846.9
TMA_963_10_P16_-_2016-10-25_11.00.00.ndpi,D-9,15656.5,6017.9
TMA_963_10_P16_-_2016-10-25_11.00.00.ndpi,D-10,16977.5,6304.6
TMA_963_10_P16_-_2016-10-25_11.00.00.ndpi,E-1,3495.9,6916.8
TMA_963_10_P16_-_2016-10-25_11.00.00.ndpi,E-2,4969.1,6866.9
TMA_963_10_P16_-_2016-10-25_11.00.00.ndpi,E-3,6427.4,7063.9
TMA_963_10_P16_-_2016-10-25_11.00.00.ndpi,E-4,8015.5,7041.7
TMA_963_10_P16_-_2016-10-25_11.00.00.ndpi,E-5,9438.8,7216.5
TMA_963_10_P16_-_2016-10-25_11.00.00.ndpi,E-6,10787.3,7216.5
TMA_963_10_P16_-_2016-10-25_11.00.00.ndpi,E-7,12253.8,7408.5
TMA_963_10_P16_-_2016-10-25_11.00.00.ndpi,E-8,13858.6,7466.2
TMA_963_10_P16_-_2016-10-25_11.00.00.ndpi,E-9,15257,7715.9
TMA_963_10_P16_-_2016-10-25_11.00.00.ndpi,E-10,16755.2,7740.9
TMA_963_10_P16_-_2016-10-25_11.00.00.ndpi,F-1,3371,8315.2
TMA_963_10_P16_-_2016-10-25_11.00.00.ndpi,F-2,4844.3,8465
TMA_963_10_P16_-_2016-10-25_11.00.00.ndpi,F-3,6317.5,8465
TMA_963_10_P16_-_2016-10-25_11.00.00.ndpi,F-4,7865.7,8614.8
TMA_963_10_P16_-_2016-10-25_11.00.00.ndpi,F-5,9289,8639.8
TMA_963_10_P16_-_2016-10-25_11.00.00.ndpi,F-6,10662.4,8839.6
TMA_963_10_P16_-_2016-10-25_11.00.00.ndpi,F-7,12135.7,8839.6
TMA_963_10_P16_-_2016-10-25_11.00.00.ndpi,F-8,13633.9,9014.3
TMA_963_10_P16_-_2016-10-25_11.00.00.ndpi,F-9,15157.1,9089.3
TMA_963_10_P16_-_2016-10-25_11.00.00.ndpi,F-10,16480.5,9239.1
TMA_963_10_P16_-_2016-10-25_11.00.00.ndpi,G-1,3346,9838.4
TMA_963_10_P16_-_2016-10-25_11.00.00.ndpi,G-2,4744.4,9863.3
TMA_963_10_P16_-_2016-10-25_11.00.00.ndpi,G-3,6267.6,10038.1
TMA_963_10_P16_-_2016-10-25_11.00.00.ndpi,G-4,7815.8,10088.1
TMA_963_10_P16_-_2016-10-25_11.00.00.ndpi,G-5,9264.1,10188
TMA_963_10_P16_-_2016-10-25_11.00.00.ndpi,G-6,10662.4,10262.9
TMA_963_10_P16_-_2016-10-25_11.00.00.ndpi,G-7,12035.8,10412.7
TMA_963_10_P16_-_2016-10-25_11.00.00.ndpi,G-8,13559,10412.7
TMA_963_10_P16_-_2016-10-25_11.00.00.ndpi,G-9,14982.3,10587.5
TMA_963_10_P16_-_2016-10-25_11.00.00.ndpi,G-10,16405.6,10537.5
TMA_963_10_P16_-_2016-10-25_11.00.00.ndpi,H-1,3271.1,11211.7
TMA_963_10_P16_-_2016-10-25_11.00.00.ndpi,H-2,4719.4,11411.5
TMA_963_10_P16_-_2016-10-25_11.00.00.ndpi,H-3,6217.7,11436.5
TMA_963_10_P16_-_2016-10-25_11.00.00.ndpi,H-4,7665.9,11686.2
TMA_963_10_P16_-_2016-10-25_11.00.00.ndpi,H-5,9089.3,11536.4
TMA_963_10_P16_-_2016-10-25_11.00.00.ndpi,H-6,10512.6,11861
TMA_963_10_P16_-_2016-10-25_11.00.00.ndpi,H-7,11890.1,11841.7
TMA_963_10_P16_-_2016-10-25_11.00.00.ndpi,H-8,13334.2,11960.9
TMA_963_10_P16_-_2016-10-25_11.00.00.ndpi,H-9,14857.4,11935.9
TMA_963_10_P16_-_2016-10-25_11.00.00.ndpi,H-10,16255.8,12110.7
TMA_963_10_P16_-_2016-10-25_11.00.00.ndpi,I-1,3321.1,12809.9
TMA_963_10_P16_-_2016-10-25_11.00.00.ndpi,I-2,4744.4,12884.8
TMA_963_10_P16_-_2016-10-25_11.00.00.ndpi,I-3,6242.6,13059.6
TMA_963_10_P16_-_2016-10-25_11.00.00.ndpi,I-4,7715.9,13059.6
TMA_963_10_P16_-_2016-10-25_11.00.00.ndpi,I-5,9014.3,13159.4
TMA_963_10_P16_-_2016-10-25_11.00.00.ndpi,I-6,10537.5,13159.4
TMA_963_10_P16_-_2016-10-25_11.00.00.ndpi,I-7,11805.6,13364.4
TMA_963_10_P16_-_2016-10-25_11.00.00.ndpi,I-8,13184.4,13409.2
TMA_963_10_P16_-_2016-10-25_11.00.00.ndpi,I-9,14607.7,13534
TMA_963_10_P16_-_2016-10-25_11.00.00.ndpi,I-10,16155.9,13534
TMA_963_10_P16_-_2016-10-25_11.00.00.ndpi,J-1,3121.3,14283.1
TMA_963_10_P16_-_2016-10-25_11.00.00.ndpi,J-2,4594.6,14432.9
TMA_963_10_P16_-_2016-10-25_11.00.00.ndpi,J-3,6117.8,14482.9
TMA_963_10_P16_-_2016-10-25_11.00.00.ndpi,J-4,7566.1,14607.7
TMA_963_10_P16_-_2016-10-25_11.00.00.ndpi,J-5,8939.4,14607.7
TMA_963_10_P16_-_2016-10-25_11.00.00.ndpi,J-6,10262.9,14732.6
TMA_963_10_P16_-_2016-10-25_11.00.00.ndpi,J-7,11611.3,14707.6
TMA_963_10_P16_-_2016-10-25_11.00.00.ndpi,J-8,13159.4,14857.4
TMA_963_10_P16_-_2016-10-25_11.00.00.ndpi,J-9,14408,15057.2
TMA_963_10_P16_-_2016-10-25_11.00.00.ndpi,J-10,15995.7,15155.8
TMA_963_10_P16_-_2016-10-25_11.00.00.ndpi,K-1,3046.4,15756.4
TMA_963_10_P16_-_2016-10-25_11.00.00.ndpi,K-2,4469.7,15981.1
TMA_963_10_P16_-_2016-10-25_11.00.00.ndpi,K-3,5992.9,15981.1
TMA_963_10_P16_-_2016-10-25_11.00.00.ndpi,K-4,7416.2,16081
TMA_963_10_P16_-_2016-10-25_11.00.00.ndpi,K-5,8889.5,16180.9
TMA_963_10_P16_-_2016-10-25_11.00.00.ndpi,K-6,10237.9,16355.7
TMA_963_10_P16_-_2016-10-25_11.00.00.ndpi,K-7,11661.2,16280.8
TMA_963_10_P16_-_2016-10-25_11.00.00.ndpi,K-8,13109.5,16505.5
TMA_963_10_P16_-_2016-10-25_11.00.00.ndpi,K-9,14482.9,16355.7
TMA_963_10_P16_-_2016-10-25_11.00.00.ndpi,K-10,15806.3,16430.6
TMA_963_10_P16_-_2016-10-25_11.00.00.ndpi,L-1,3046.4,17479.3
TMA_963_10_P16_-_2016-10-25_11.00.00.ndpi,L-2,4519.7,17554.3
TMA_963_10_P16_-_2016-10-25_11.00.00.ndpi,L-3,6017.9,17704.1
TMA_963_10_P16_-_2016-10-25_11.00.00.ndpi,L-4,7516.1,17529.3
TMA_963_10_P16_-_2016-10-25_11.00.00.ndpi,L-5,8789.6,17878.9
TMA_963_10_P16_-_2016-10-25_11.00.00.ndpi,L-6,10088.1,17853.9
TMA_963_10_P16_-_2016-10-25_11.00.00.ndpi,L-7,11486.4,17978.8
TMA_963_10_P16_-_2016-10-25_11.00.00.ndpi,L-8,12909.7,17903.8
TMA_963_10_P16_-_2016-10-25_11.00.00.ndpi,L-9,14258.1,17903.8
TMA_963_10_P16_-_2016-10-25_11.00.00.ndpi,L-10,15606.6,18003.7
TMA_963_32_CyclinD1_-_2016-10-25_10.57.55.ndpi,A-1,3458.4,1396.2
TMA_963_32_CyclinD1_-_2016-10-25_10.57.55.ndpi,A-2,5081.6,1270.9
TMA_963_32_CyclinD1_-_2016-10-25_10.57.55.ndpi,A-3,6467.4,1323.4
TMA_963_32_CyclinD1_-_2016-10-25_10.57.55.ndpi,A-4,7962.3,1031
TMA_963_32_CyclinD1_-_2016-10-25_10.57.55.ndpi,A-5,9193.7,1259.9
TMA_963_32_CyclinD1_-_2016-10-25_10.57.55.ndpi,A-6,10462.6,1123.7
TMA_963_32_CyclinD1_-_2016-10-25_10.57.55.ndpi,A-7,11910.9,1123.7
TMA_963_32_CyclinD1_-_2016-10-25_10.57.55.ndpi,A-8,13334.2,1323.4
TMA_963_32_CyclinD1_-_2016-10-25_10.57.55.ndpi,A-9,14657.7,1373.4
TMA_963_32_CyclinD1_-_2016-10-25_10.57.55.ndpi,A-10,15881.2,1747.9
TMA_963_32_CyclinD1_-_2016-10-25_10.57.55.ndpi,B-1,3900.8,2948.9
TMA_963_32_CyclinD1_-_2016-10-25_10.57.55.ndpi,B-2,5168.9,2796.7
TMA_963_32_CyclinD1_-_2016-10-25_10.57.55.ndpi,B-3,6542.3,2821.7
TMA_963_32_CyclinD1_-_2016-10-25_10.57.55.ndpi,B-4,7875.1,2782.6
TMA_963_32_CyclinD1_-_2016-10-25_10.57.55.ndpi,B-5,9201.6,2809.2
TMA_963_32_CyclinD1_-_2016-10-25_10.57.55.ndpi,B-6,10508.7,2710.9
TMA_963_32_CyclinD1_-_2016-10-25_10.57.55.ndpi,B-7,11960.9,2621.9
TMA_963_32_CyclinD1_-_2016-10-25_10.57.55.ndpi,B-8,13359.2,2821.7
TMA_963_32_CyclinD1_-_2016-10-25_10.57.55.ndpi,B-9,14832.5,2821.7
TMA_963_32_CyclinD1_-_2016-10-25_10.57.55.ndpi,B-10,15956.1,3096.3
TMA_963_32_CyclinD1_-_2016-10-25_10.57.55.ndpi,C-1,3590.5,4331.9
TMA_963_32_CyclinD1_-_2016-10-25_10.57.55.ndpi,C-2,5074.1,4342.2
TMA_963_32_CyclinD1_-_2016-10-25_10.57.55.ndpi,C-3,6414.6,4214.9
TMA_963_32_CyclinD1_-_2016-10-25_10.57.55.ndpi,C-4,7886.7,4191.5
TMA_963_32_CyclinD1_-_2016-10-25_10.57.55.ndpi,C-5,9164.2,4170.1
TMA_963_32_CyclinD1_-_2016-10-25_10.57.55.ndpi,C-6,10534,4210.1
TMA_963_32_CyclinD1_-_2016-10-25_10.57.55.ndpi,C-7,11960.9,4070.2
TMA_963_32_CyclinD1_-_2016-10-25_10.57.55.ndpi,C-8,13534,4170.1
TMA_963_32_CyclinD1_-_2016-10-25_10.57.55.ndpi,C-9,14907.4,4170.1
TMA_963_32_CyclinD1_-_2016-10-25_10.57.55.ndpi,C-10,16088.3,4466.7
TMA_963_32_CyclinD1_-_2016-10-25_10.57.55.ndpi,D-1,3790.7,5744
TMA_963_32_CyclinD1_-_2016-10-25_10.57.55.ndpi,D-2,5049.2,5670
TMA_963_32_CyclinD1_-_2016-10-25_10.57.55.ndpi,D-3,6290.9,5601.3
TMA_963_32_CyclinD1_-_2016-10-25_10.57.55.ndpi,D-4,7781.3,5700.4
TMA_963_32_CyclinD1_-_2016-10-25_10.57.55.ndpi,D-5,9239.1,5643.3
TMA_963_32_CyclinD1_-_2016-10-25_10.57.55.ndpi,D-6,10587.5,5768.2
TMA_963_32_CyclinD1_-_2016-10-25_10.57.55.ndpi,D-7,12010.8,5543.4
TMA_963_32_CyclinD1_-_2016-10-25_10.57.55.ndpi,D-8,13459.1,5793.2
TMA_963_32_CyclinD1_-_2016-10-25_10.57.55.ndpi,D-9,15057.2,5643.3
TMA_963_32_CyclinD1_-_2016-10-25_10.57.55.ndpi,D-10,16205.8,5818.1
TMA_963_32_CyclinD1_-_2016-10-25_10.57.55.ndpi,E-1,3708.7,7319.1
TMA_963_32_CyclinD1_-_2016-10-25_10.57.55.ndpi,E-2,5044,7216.5
TMA_963_32_CyclinD1_-_2016-10-25_10.57.55.ndpi,E-3,6507.4,7449.7
TMA_963_32_CyclinD1_-_2016-10-25_10.57.55.ndpi,E-4,7990.6,7166.5
TMA_963_32_CyclinD1_-_2016-10-25_10.57.55.ndpi,E-5,9388.9,7291.4
TMA_963_32_CyclinD1_-_2016-10-25_10.57.55.ndpi,E-6,10687.4,7116.6
TMA_963_32_CyclinD1_-_2016-10-25_10.57.55.ndpi,E-7,12135.7,7216.5
TMA_963_32_CyclinD1_-_2016-10-25_10.57.55.ndpi,E-8,13534,7191.5
TMA_963_32_CyclinD1_-_2016-10-25_10.57.55.ndpi,E-9,14832.5,7341.3
TMA_963_32_CyclinD1_-_2016-10-25_10.57.55.ndpi,E-10,16255.8,7266.4
TMA_963_32_CyclinD1_-_2016-10-25_10.57.55.ndpi,F-1,3695.6,8664.8
TMA_963_32_CyclinD1_-_2016-10-25_10.57.55.ndpi,F-2,5019.1,8739.7
TMA_963_32_CyclinD1_-_2016-10-25_10.57.55.ndpi,F-3,6442.4,8803.4
TMA_963_32_CyclinD1_-_2016-10-25_10.57.55.ndpi,F-4,8015.5,8789.6
TMA_963_32_CyclinD1_-_2016-10-25_10.57.55.ndpi,F-5,9363.9,8714.7
TMA_963_32_CyclinD1_-_2016-10-25_10.57.55.ndpi,F-6,10662.4,8814.6
TMA_963_32_CyclinD1_-_2016-10-25_10.57.55.ndpi,F-7,12110.7,8714.7
TMA_963_32_CyclinD1_-_2016-10-25_10.57.55.ndpi,F-8,13484.1,8764.6
TMA_963_32_CyclinD1_-_2016-10-25_10.57.55.ndpi,F-9,14957.3,8739.7
TMA_963_32_CyclinD1_-_2016-10-25_10.57.55.ndpi,F-10,16205.8,8789.6
TMA_963_32_CyclinD1_-_2016-10-25_10.57.55.ndpi,G-1,3745.6,10163
TMA_963_32_CyclinD1_-_2016-10-25_10.57.55.ndpi,G-2,5069,10138
TMA_963_32_CyclinD1_-_2016-10-25_10.57.55.ndpi,G-3,6567.2,10237.9
TMA_963_32_CyclinD1_-_2016-10-25_10.57.55.ndpi,G-4,8090.4,10212.9
TMA_963_32_CyclinD1_-_2016-10-25_10.57.55.ndpi,G-5,9463.8,10237.9
TMA_963_32_CyclinD1_-_2016-10-25_10.57.55.ndpi,G-6,10762.3,10188
TMA_963_32_CyclinD1_-_2016-10-25_10.57.55.ndpi,G-7,12110.7,10287.8
TMA_963_32_CyclinD1_-_2016-10-25_10.57.55.ndpi,G-8,13583.9,10163
TMA_963_32_CyclinD1_-_2016-10-25_10.57.55.ndpi,G-9,14957.3,10163
TMA_963_32_CyclinD1_-_2016-10-25_10.57.55.ndpi,G-10,16255.8,10063.1
TMA_963_32_CyclinD1_-_2016-10-25_10.57.55.ndpi,H-1,3770.5,11536.4
TMA_963_32_CyclinD1_-_2016-10-25_10.57.55.ndpi,H-2,5168.9,11686.2
TMA_963_32_CyclinD1_-_2016-10-25_10.57.55.ndpi,H-3,6642.2,11586.3
TMA_963_32_CyclinD1_-_2016-10-25_10.57.55.ndpi,H-4,8065.5,11786.1
TMA_963_32_CyclinD1_-_2016-10-25_10.57.55.ndpi,H-5,9413.9,11561.3
TMA_963_32_CyclinD1_-_2016-10-25_10.57.55.ndpi,H-6,10762.3,11786.1
TMA_963_32_CyclinD1_-_2016-10-25_10.57.55.ndpi,H-7,12108.4,11672.1
TMA_963_32_CyclinD1_-_2016-10-25_10.57.55.ndpi,H-8,13468.1,11665.6
TMA_963_32_CyclinD1_-_2016-10-25_10.57.55.ndpi,H-9,14932.4,11561.3
TMA_963_32_CyclinD1_-_2016-10-25_10.57.55.ndpi,H-10,16280.8,11611.3
TMA_963_32_CyclinD1_-_2016-10-25_10.57.55.ndpi,I-1,3945.3,13084.5
TMA_963_32_CyclinD1_-_2016-10-25_10.57.55.ndpi,I-2,5318.7,13109.5
TMA_963_32_CyclinD1_-_2016-10-25_10.57.55.ndpi,I-3,6792,13234.4
TMA_963_32_CyclinD1_-_2016-10-25_10.57.55.ndpi,I-4,8215.3,13134.5
TMA_963_32_CyclinD1_-_2016-10-25_10.57.55.ndpi,I-5,9388.9,13159.4
TMA_963_32_CyclinD1_-_2016-10-25_10.57.55.ndpi,I-6,10712.3,13084.5
TMA_963_32_CyclinD1_-_2016-10-25_10.57.55.ndpi,I-7,12153.5,13167.9
TMA_963_32_CyclinD1_-_2016-10-25_10.57.55.ndpi,I-8,13486.3,13086.5
TMA_963_32_CyclinD1_-_2016-10-25_10.57.55.ndpi,I-9,14857.4,13159.4
TMA_963_32_CyclinD1_-_2016-10-25_10.57.55.ndpi,I-10,16389.7,13021.2
TMA_963_32_CyclinD1_-_2016-10-25_10.57.55.ndpi,J-1,3795.5,14532.8
TMA_963_32_CyclinD1_-_2016-10-25_10.57.55.ndpi,J-2,5218.8,14607.7
TMA_963_32_CyclinD1_-_2016-10-25_10.57.55.ndpi,J-3,6692.1,14607.7
TMA_963_32_CyclinD1_-_2016-10-25_10.57.55.ndpi,J-4,8115.4,14657.7
TMA_963_32_CyclinD1_-_2016-10-25_10.57.55.ndpi,J-5,9409.2,14564.3
TMA_963_32_CyclinD1_-_2016-10-25_10.57.55.ndpi,J-6,10712.3,14682.6
TMA_963_32_CyclinD1_-_2016-10-25_10.57.55.ndpi,J-7,12135.7,14507.9
TMA_963_32_CyclinD1_-_2016-10-25_10.57.55.ndpi,J-8,13583.9,14457.9
TMA_963_32_CyclinD1_-_2016-10-25_10.57.55.ndpi,J-9,14832.5,14657.7
TMA_963_32_CyclinD1_-_2016-10-25_10.57.55.ndpi,J-10,16467.6,14596.1
TMA_963_32_CyclinD1_-_2016-10-25_10.57.55.ndpi,K-1,3795.5,16056
TMA_963_32_CyclinD1_-_2016-10-25_10.57.55.ndpi,K-2,5143.9,16130.9
TMA_963_32_CyclinD1_-_2016-10-25_10.57.55.ndpi,K-3,6642.2,16130.9
TMA_963_32_CyclinD1_-_2016-10-25_10.57.55.ndpi,K-4,8015.5,16106
TMA_963_32_CyclinD1_-_2016-10-25_10.57.55.ndpi,K-5,9488.8,16130.9
TMA_963_32_CyclinD1_-_2016-10-25_10.57.55.ndpi,K-6,10812.2,16230.8
TMA_963_32_CyclinD1_-_2016-10-25_10.57.55.ndpi,K-7,12274.5,16069.7
TMA_963_32_CyclinD1_-_2016-10-25_10.57.55.ndpi,K-8,13658.9,16155.9
TMA_963_32_CyclinD1_-_2016-10-25_10.57.55.ndpi,K-9,15032.2,15956.1
TMA_963_32_CyclinD1_-_2016-10-25_10.57.55.ndpi,K-10,16380.6,15931.2
TMA_963_32_CyclinD1_-_2016-10-25_10.57.55.ndpi,L-1,3743.3,17717.5
TMA_963_32_CyclinD1_-_2016-10-25_10.57.55.ndpi,L-2,5268.8,17704.1
TMA_963_32_CyclinD1_-_2016-10-25_10.57.55.ndpi,L-3,6717.1,17804
TMA_963_32_CyclinD1_-_2016-10-25_10.57.55.ndpi,L-4,8215.3,17479.3
TMA_963_32_CyclinD1_-_2016-10-25_10.57.55.ndpi,L-5,9538.7,17454.4
TMA_963_32_CyclinD1_-_2016-10-25_10.57.55.ndpi,L-6,10762.3,17704.1
TMA_963_32_CyclinD1_-_2016-10-25_10.57.55.ndpi,L-7,12135.7,17754
TMA_963_32_CyclinD1_-_2016-10-25_10.57.55.ndpi,L-8,13583.9,17579.2
TMA_963_32_CyclinD1_-_2016-10-25_10.57.55.ndpi,L-9,14882.4,17504.3
TMA_963_32_CyclinD1_-_2016-10-25_10.57.55.ndpi,L-10,16271.6,17465.6
TMA_963_55_P63_-_2016-10-25_11.41.35.ndpi,A-1,4844.3,1997.6
TMA_963_55_P63_-_2016-10-25_11.41.35.ndpi,A-2,6007.5,1919.4
TMA_963_55_P63_-_2016-10-25_11.41.35.ndpi,A-3,7327,2101.7
TMA_963_55_P63_-_2016-10-25_11.41.35.ndpi,A-4,8789.6,1797.9
TMA_963_55_P63_-_2016-10-25_11.41.35.ndpi,A-5,10281.3,1702.2
TMA_963_55_P63_-_2016-10-25_11.41.35.ndpi,A-6,11586.3,1498.2
TMA_963_55_P63_-_2016-10-25_11.41.35.ndpi,A-7,13109.5,1298.5
TMA_963_55_P63_-_2016-10-25_11.41.35.ndpi,A-8,14582.8,1373.4
TMA_963_55_P63_-_2016-10-25_11.41.35.ndpi,A-9,16031.1,1373.4
TMA_963_55_P63_-_2016-10-25_11.41.35.ndpi,A-10,17903.8,1523.2
TMA_963_55_P63_-_2016-10-25_11.41.35.ndpi,B-1,4778,3810
TMA_963_55_P63_-_2016-10-25_11.41.35.ndpi,B-2,6042.9,3495.9
TMA_963_55_P63_-_2016-10-25_11.41.35.ndpi,B-3,7591,3421
TMA_963_55_P63_-_2016-10-25_11.41.35.ndpi,B-4,9014.3,3196.2
TMA_963_55_P63_-_2016-10-25_11.41.35.ndpi,B-5,10326.1,3172.7
TMA_963_55_P63_-_2016-10-25_11.41.35.ndpi,B-6,11736.1,3096.3
TMA_963_55_P63_-_2016-10-25_11.41.35.ndpi,B-7,13209.4,2871.6
TMA_963_55_P63_-_2016-10-25_11.41.35.ndpi,B-8,14732.6,2896.6
TMA_963_55_P63_-_2016-10-25_11.41.35.ndpi,B-9,16198.4,2846.4
TMA_963_55_P63_-_2016-10-25_11.41.35.ndpi,B-10,17562.4,2991.1
TMA_963_55_P63_-_2016-10-25_11.41.35.ndpi,C-1,4794.3,5069
TMA_963_55_P63_-_2016-10-25_11.41.35.ndpi,C-2,6067.8,5119
TMA_963_55_P63_-_2016-10-25_11.41.35.ndpi,C-3,7491.1,4869.2
TMA_963_55_P63_-_2016-10-25_11.41.35.ndpi,C-4,9035.8,4737.9
TMA_963_55_P63_-_2016-10-25_11.41.35.ndpi,C-5,10487.6,4569.6
TMA_963_55_P63_-_2016-10-25_11.41.35.ndpi,C-6,11880.8,4594.1
TMA_963_55_P63_-_2016-10-25_11.41.35.ndpi,C-7,13359.2,4344.9
TMA_963_55_P63_-_2016-10-25_11.41.35.ndpi,C-8,14907.4,4369.8
TMA_963_55_P63_-_2016-10-25_11.41.35.ndpi,C-9,16480.5,4394.8
TMA_963_55_P63_-_2016-10-25_11.41.35.ndpi,C-10,18003.7,4344.9
TMA_963_55_P63_-_2016-10-25_11.41.35.ndpi,D-1,4741.2,6595.4
TMA_963_55_P63_-_2016-10-25_11.41.35.ndpi,D-2,6114.7,6429.8
TMA_963_55_P63_-_2016-10-25_11.41.35.ndpi,D-3,7566.1,6317.5
TMA_963_55_P63_-_2016-10-25_11.41.35.ndpi,D-4,9064.3,6292.6
TMA_963_55_P63_-_2016-10-25_11.41.35.ndpi,D-5,10562.5,6092.8
TMA_963_55_P63_-_2016-10-25_11.41.35.ndpi,D-6,11985.8,6142.7
TMA_963_55_P63_-_2016-10-25_11.41.35.ndpi,D-7,13459.1,5843.1
TMA_963_55_P63_-_2016-10-25_11.41.35.ndpi,D-8,14957.3,5868.1
TMA_963_55_P63_-_2016-10-25_11.41.35.ndpi,D-9,16530.5,5743.2
TMA_963_55_P63_-_2016-10-25_11.41.35.ndpi,D-10,17978.8,5818.1
TMA_963_55_P63_-_2016-10-25_11.41.35.ndpi,E-1,4869.2,8165.4
TMA_963_55_P63_-_2016-10-25_11.41.35.ndpi,E-2,6317.5,7940.6
TMA_963_55_P63_-_2016-10-25_11.41.35.ndpi,E-3,7765.8,7865.7
TMA_963_55_P63_-_2016-10-25_11.41.35.ndpi,E-4,9264.1,7690.9
TMA_963_55_P63_-_2016-10-25_11.41.35.ndpi,E-5,10762.3,7665.9
TMA_963_55_P63_-_2016-10-25_11.41.35.ndpi,E-6,12135.7,7591
TMA_963_55_P63_-_2016-10-25_11.41.35.ndpi,E-7,13559,7466.2
TMA_963_55_P63_-_2016-10-25_11.41.35.ndpi,E-8,15107.1,7341.3
TMA_963_55_P63_-_2016-10-25_11.41.35.ndpi,E-9,16580.4,7391.3
TMA_963_55_P63_-_2016-10-25_11.41.35.ndpi,E-10,18053.7,7216.5
TMA_963_55_P63_-_2016-10-25_11.41.35.ndpi,F-1,4919.2,9538.7
TMA_963_55_P63_-_2016-10-25_11.41.35.ndpi,F-2,6349.3,9510.5
TMA_963_55_P63_-_2016-10-25_11.41.35.ndpi,F-3,7815.8,9289
TMA_963_55_P63_-_2016-10-25_11.41.35.ndpi,F-4,9363.9,9264.1
TMA_963_55_P63_-_2016-10-25_11.41.35.ndpi,F-5,10837.2,9089.3
TMA_963_55_P63_-_2016-10-25_11.41.35.ndpi,F-6,12210.6,9114.2
TMA_963_55_P63_-_2016-10-25_11.41.35.ndpi,F-7,13683.8,8914.5
TMA_963_55_P63_-_2016-10-25_11.41.35.ndpi,F-8,15213.1,8911.5
TMA_963_55_P63_-_2016-10-25_11.41.35.ndpi,F-9,16705.3,8814.6
TMA_963_55_P63_-_2016-10-25_11.41.35.ndpi,F-10,18078.6,8789.6
TMA_963_55_P63_-_2016-10-25_11.41.35.ndpi,G-1,5044,11111.9
TMA_963_55_P63_-_2016-10-25_11.41.35.ndpi,G-2,6492.3,10887.1
TMA_963_55_P63_-_2016-10-25_11.41.35.ndpi,G-3,8015.5,10937.1
TMA_963_55_P63_-_2016-10-25_11.41.35.ndpi,G-4,9538.7,10712.3
TMA_963_55_P63_-_2016-10-25_11.41.35.ndpi,G-5,11018.2,10634.4
TMA_963_55_P63_-_2016-10-25_11.41.35.ndpi,G-6,12335.4,10537.5
TMA_963_55_P63_-_2016-10-25_11.41.35.ndpi,G-7,13883.6,10512.6
TMA_963_55_P63_-_2016-10-25_11.41.35.ndpi,G-8,15356.9,10339.1
TMA_963_55_P63_-_2016-10-25_11.41.35.ndpi,G-9,16680.3,10387.7
TMA_963_55_P63_-_2016-10-25_11.41.35.ndpi,G-10,18228.5,10138
TMA_963_55_P63_-_2016-10-25_11.41.35.ndpi,H-1,5168.9,12485.2
TMA_963_55_P63_-_2016-10-25_11.41.35.ndpi,H-2,6642.2,12460.3
TMA_963_55_P63_-_2016-10-25_11.41.35.ndpi,H-3,8140.4,12210.6
TMA_963_55_P63_-_2016-10-25_11.41.35.ndpi,H-4,9638.6,12310.5
TMA_963_55_P63_-_2016-10-25_11.41.35.ndpi,H-5,11086.9,11935.9
TMA_963_55_P63_-_2016-10-25_11.41.35.ndpi,H-6,12485.2,12110.7
TMA_963_55_P63_-_2016-10-25_11.41.35.ndpi,H-7,13883.6,11910.9
TMA_963_55_P63_-_2016-10-25_11.41.35.ndpi,H-8,15356.9,11886
TMA_963_55_P63_-_2016-10-25_11.41.35.ndpi,H-9,16880.1,11711.2
TMA_963_55_P63_-_2016-10-25_11.41.35.ndpi,H-10,18344.1,11719
TMA_963_55_P63_-_2016-10-25_11.41.35.ndpi,I-1,5468.5,14008.4
TMA_963_55_P63_-_2016-10-25_11.41.35.ndpi,I-2,6916.8,13833.7
TMA_963_55_P63_-_2016-10-25_11.41.35.ndpi,I-3,8415.1,13858.6
TMA_963_55_P63_-_2016-10-25_11.41.35.ndpi,I-4,9888.3,13683.8
TMA_963_55_P63_-_2016-10-25_11.41.35.ndpi,I-5,11336.6,13658.9
TMA_963_55_P63_-_2016-10-25_11.41.35.ndpi,I-6,12648.3,13485.4
TMA_963_55_P63_-_2016-10-25_11.41.35.ndpi,I-7,14075.5,13469.6
TMA_963_55_P63_-_2016-10-25_11.41.35.ndpi,I-8,15481.7,13284.3
TMA_963_55_P63_-_2016-10-25_11.41.35.ndpi,I-9,16930,13309.3
TMA_963_55_P63_-_2016-10-25_11.41.35.ndpi,I-10,18403.3,13084.5
TMA_963_55_P63_-_2016-10-25_11.41.35.ndpi,J-1,5518.5,15406.8
TMA_963_55_P63_-_2016-10-25_11.41.35.ndpi,J-2,6991.7,15406.8
TMA_963_55_P63_-_2016-10-25_11.41.35.ndpi,J-3,8514.9,15257
TMA_963_55_P63_-_2016-10-25_11.41.35.ndpi,J-4,9963.2,15232
TMA_963_55_P63_-_2016-10-25_11.41.35.ndpi,J-5,11411.5,15082.2
TMA_963_55_P63_-_2016-10-25_11.41.35.ndpi,J-6,12560.2,15157.1
TMA_963_55_P63_-_2016-10-25_11.41.35.ndpi,J-7,13958.5,14857.4
TMA_963_55_P63_-_2016-10-25_11.41.35.ndpi,J-8,15456.7,14807.5
TMA_963_55_P63_-_2016-10-25_11.41.35.ndpi,J-9,16894.5,14672.1
TMA_963_55_P63_-_2016-10-25_11.41.35.ndpi,J-10,18482.1,14662.9
TMA_963_55_P63_-_2016-10-25_11.41.35.ndpi,K-1,5743.2,16855.1
TMA_963_55_P63_-_2016-10-25_11.41.35.ndpi,K-2,7116.6,16930
TMA_963_55_P63_-_2016-10-25_11.41.35.ndpi,K-3,8614.8,16705.3
TMA_963_55_P63_-_2016-10-25_11.41.35.ndpi,K-4,10063.1,16655.3
TMA_963_55_P63_-_2016-10-25_11.41.35.ndpi,K-5,11536.4,16530.5
TMA_963_55_P63_-_2016-10-25_11.41.35.ndpi,K-6,12909.7,16555.4
TMA_963_55_P63_-_2016-10-25_11.41.35.ndpi,K-7,14358,16355.7
TMA_963_55_P63_-_2016-10-25_11.41.35.ndpi,K-8,15806.3,16305.7
TMA_963_55_P63_-_2016-10-25_11.41.35.ndpi,K-9,17154.7,16081
TMA_963_55_P63_-_2016-10-25_11.41.35.ndpi,K-10,18453.2,15981.1
TMA_963_55_P63_-_2016-10-25_11.41.35.ndpi,L-1,5903.5,18445.6
TMA_963_55_P63_-_2016-10-25_11.41.35.ndpi,L-2,7291.4,18328.3
TMA_963_55_P63_-_2016-10-25_11.41.35.ndpi,L-3,8793.7,18321.9
TMA_963_55_P63_-_2016-10-25_11.41.35.ndpi,L-4,10191.2,18094.8
TMA_963_55_P63_-_2016-10-25_11.41.35.ndpi,L-5,11519.8,18161.9
TMA_963_55_P63_-_2016-10-25_11.41.35.ndpi,L-6,12934.7,17978.8
TMA_963_55_P63_-_2016-10-25_11.41.35.ndpi,L-7,14358,17953.8
TMA_963_55_P63_-_2016-10-25_11.41.35.ndpi,L-8,15806.3,17729
TMA_963_55_P63_-_2016-10-25_11.41.35.ndpi,L-9,16979.9,17903.8
TMA_963_55_P63_-_2016-10-25_11.41.35.ndpi,L-10,18553.1,17529.3
TMA_963_117_CK20_-_2016-10-25_11.36.06.ndpi,A-1,4070.2,1023.8
TMA_963_117_CK20_-_2016-10-25_11.36.06.ndpi,A-2,5567.1,769.33
TMA_963_117_CK20_-_2016-10-25_11.36.06.ndpi,A-3,6866.9,1073.7
TMA_963_117_CK20_-_2016-10-25_11.36.06.ndpi,A-4,8390.1,824.03
TMA_963_117_CK20_-_2016-10-25_11.36.06.ndpi,A-5,9869.9,875.45
TMA_963_117_CK20_-_2016-10-25_11.36.06.ndpi,A-6,11243.6,723.1
TMA_963_117_CK20_-_2016-10-25_11.36.06.ndpi,A-7,12759.9,649.23
TMA_963_117_CK20_-_2016-10-25_11.36.06.ndpi,A-8,14258.1,824.03
TMA_963_117_CK20_-_2016-10-25_11.36.06.ndpi,A-9,15706.4,898.94
TMA_963_117_CK20_-_2016-10-25_11.36.06.ndpi,A-10,17029.9,674.2
TMA_963_117_CK20_-_2016-10-25_11.36.06.ndpi,B-1,4189.4,2593.4
TMA_963_117_CK20_-_2016-10-25_11.36.06.ndpi,B-2,5517.4,2383.8
TMA_963_117_CK20_-_2016-10-25_11.36.06.ndpi,B-3,7015.4,2426.9
TMA_963_117_CK20_-_2016-10-25_11.36.06.ndpi,B-4,8490,2222.4
TMA_963_117_CK20_-_2016-10-25_11.36.06.ndpi,B-5,9838.4,2297.3
TMA_963_117_CK20_-_2016-10-25_11.36.06.ndpi,B-6,11236.7,2297.3
TMA_963_117_CK20_-_2016-10-25_11.36.06.ndpi,B-7,12734.9,2172.4
TMA_963_117_CK20_-_2016-10-25_11.36.06.ndpi,B-8,14258.1,2322.3
TMA_963_117_CK20_-_2016-10-25_11.36.06.ndpi,B-9,15734.4,2411.7
TMA_963_117_CK20_-_2016-10-25_11.36.06.ndpi,B-10,17071.2,2656.5
TMA_963_117_CK20_-_2016-10-25_11.36.06.ndpi,C-1,3945.3,3895.4
TMA_963_117_CK20_-_2016-10-25_11.36.06.ndpi,C-2,5418.6,3945.3
TMA_963_117_CK20_-_2016-10-25_11.36.06.ndpi,C-3,6866.9,3770.5
TMA_963_117_CK20_-_2016-10-25_11.36.06.ndpi,C-4,8415.1,3770.5
TMA_963_117_CK20_-_2016-10-25_11.36.06.ndpi,C-5,9863.3,3695.6
TMA_963_117_CK20_-_2016-10-25_11.36.06.ndpi,C-6,11286.7,3820.5
TMA_963_117_CK20_-_2016-10-25_11.36.06.ndpi,C-7,12784.9,3670.7
TMA_963_117_CK20_-_2016-10-25_11.36.06.ndpi,C-8,14308.1,3770.5
TMA_963_117_CK20_-_2016-10-25_11.36.06.ndpi,C-9,15756.4,3920.4
TMA_963_117_CK20_-_2016-10-25_11.36.06.ndpi,C-10,17185.8,4048.6
TMA_963_117_CK20_-_2016-10-25_11.36.06.ndpi,D-1,3945.3,5343.7
TMA_963_117_CK20_-_2016-10-25_11.36.06.ndpi,D-2,5314.9,5269.9
TMA_963_117_CK20_-_2016-10-25_11.36.06.ndpi,D-3,6816.9,5243.8
TMA_963_117_CK20_-_2016-10-25_11.36.06.ndpi,D-4,8315.2,5293.7
TMA_963_117_CK20_-_2016-10-25_11.36.06.ndpi,D-5,9838.4,5218.8
TMA_963_117_CK20_-_2016-10-25_11.36.06.ndpi,D-6,11261.7,5393.6
TMA_963_117_CK20_-_2016-10-25_11.36.06.ndpi,D-7,12734.9,5218.8
TMA_963_117_CK20_-_2016-10-25_11.36.06.ndpi,D-8,14261.9,5519.9
TMA_963_117_CK20_-_2016-10-25_11.36.06.ndpi,D-9,15881.2,5268.8
TMA_963_117_CK20_-_2016-10-25_11.36.06.ndpi,D-10,17306.2,5423.3
TMA_963_117_CK20_-_2016-10-25_11.36.06.ndpi,E-1,3959.9,6932.5
TMA_963_117_CK20_-_2016-10-25_11.36.06.ndpi,E-2,5443.6,6792
TMA_963_117_CK20_-_2016-10-25_11.36.06.ndpi,E-3,6945.6,6848.3
TMA_963_117_CK20_-_2016-10-25_11.36.06.ndpi,E-4,8415.1,6742
TMA_963_117_CK20_-_2016-10-25_11.36.06.ndpi,E-5,9913.3,6816.9
TMA_963_117_CK20_-_2016-10-25_11.36.06.ndpi,E-6,11336.6,6822.8
TMA_963_117_CK20_-_2016-10-25_11.36.06.ndpi,E-7,12794.5,6741.5
TMA_963_117_CK20_-_2016-10-25_11.36.06.ndpi,E-8,14344.4,6883.3
TMA_963_117_CK20_-_2016-10-25_11.36.06.ndpi,E-9,15781.3,6966.8
TMA_963_117_CK20_-_2016-10-25_11.36.06.ndpi,E-10,17254.6,6866.9
TMA_963_117_CK20_-_2016-10-25_11.36.06.ndpi,F-1,3945.3,8315.2
TMA_963_117_CK20_-_2016-10-25_11.36.06.ndpi,F-2,5493.5,8390.1
TMA_963_117_CK20_-_2016-10-25_11.36.06.ndpi,F-3,6866.9,8265.2
TMA_963_117_CK20_-_2016-10-25_11.36.06.ndpi,F-4,8415.1,8340.1
TMA_963_117_CK20_-_2016-10-25_11.36.06.ndpi,F-5,9888.3,8240.3
TMA_963_117_CK20_-_2016-10-25_11.36.06.ndpi,F-6,11286.7,8390.1
TMA_963_117_CK20_-_2016-10-25_11.36.06.ndpi,F-7,12781.5,8302.8
TMA_963_117_CK20_-_2016-10-25_11.36.06.ndpi,F-8,14276.3,8426.6
TMA_963_117_CK20_-_2016-10-25_11.36.06.ndpi,F-9,15806.3,8365.1
TMA_963_117_CK20_-_2016-10-25_11.36.06.ndpi,F-10,17204.7,8415.1
TMA_963_117_CK20_-_2016-10-25_11.36.06.ndpi,G-1,3970.3,9863.3
TMA_963_117_CK20_-_2016-10-25_11.36.06.ndpi,G-2,5418.6,9788.4
TMA_963_117_CK20_-_2016-10-25_11.36.06.ndpi,G-3,6956.5,9848.3
TMA_963_117_CK20_-_2016-10-25_11.36.06.ndpi,G-4,8514.9,9788.4
TMA_963_117_CK20_-_2016-10-25_11.36.06.ndpi,G-5,10013.2,9838.4
TMA_963_117_CK20_-_2016-10-25_11.36.06.ndpi,G-6,11411.5,9688.5
TMA_963_117_CK20_-_2016-10-25_11.36.06.ndpi,G-7,12826.7,9904.4
TMA_963_117_CK20_-_2016-10-25_11.36.06.ndpi,G-8,14358,9813.4
TMA_963_117_CK20_-_2016-10-25_11.36.06.ndpi,G-9,15788.5,9923.4
TMA_963_117_CK20_-_2016-10-25_11.36.06.ndpi,G-10,17229.6,9763.5
TMA_963_117_CK20_-_2016-10-25_11.36.06.ndpi,H-1,3995.3,11261.7
TMA_963_117_CK20_-_2016-10-25_11.36.06.ndpi,H-2,5493.5,11361.6
TMA_963_117_CK20_-_2016-10-25_11.36.06.ndpi,H-3,7013.5,11229.7
TMA_963_117_CK20_-_2016-10-25_11.36.06.ndpi,H-4,8514.9,11386.5
TMA_963_117_CK20_-_2016-10-25_11.36.06.ndpi,H-5,9981.4,11149.5
TMA_963_117_CK20_-_2016-10-25_11.36.06.ndpi,H-6,11386.5,11386.5
TMA_963_117_CK20_-_2016-10-25_11.36.06.ndpi,H-7,12784.9,11286.7
TMA_963_117_CK20_-_2016-10-25_11.36.06.ndpi,H-8,14233.2,11336.6
TMA_963_117_CK20_-_2016-10-25_11.36.06.ndpi,H-9,15756.4,11261.7
TMA_963_117_CK20_-_2016-10-25_11.36.06.ndpi,H-10,17229.6,11361.6
TMA_963_117_CK20_-_2016-10-25_11.36.06.ndpi,I-1,4220,12809.9
TMA_963_117_CK20_-_2016-10-25_11.36.06.ndpi,I-2,5668.3,12759.9
TMA_963_117_CK20_-_2016-10-25_11.36.06.ndpi,I-3,7166.5,12884.8
TMA_963_117_CK20_-_2016-10-25_11.36.06.ndpi,I-4,8639.8,12809.9
TMA_963_117_CK20_-_2016-10-25_11.36.06.ndpi,I-5,10138,12859.8
TMA_963_117_CK20_-_2016-10-25_11.36.06.ndpi,I-6,11486.4,12759.9
TMA_963_117_CK20_-_2016-10-25_11.36.06.ndpi,I-7,12868.8,12894.4
TMA_963_117_CK20_-_2016-10-25_11.36.06.ndpi,I-8,14258.1,12734.9
TMA_963_117_CK20_-_2016-10-25_11.36.06.ndpi,I-9,15706.4,12859.8
TMA_963_117_CK20_-_2016-10-25_11.36.06.ndpi,I-10,17204.7,12685
TMA_963_117_CK20_-_2016-10-25_11.36.06.ndpi,J-1,4163.6,14238.9
TMA_963_117_CK20_-_2016-10-25_11.36.06.ndpi,J-2,5643.3,14333.1
TMA_963_117_CK20_-_2016-10-25_11.36.06.ndpi,J-3,7174.4,14281
TMA_963_117_CK20_-_2016-10-25_11.36.06.ndpi,J-4,8639.8,14383
TMA_963_117_CK20_-_2016-10-25_11.36.06.ndpi,J-5,10088.1,14333.1
TMA_963_117_CK20_-_2016-10-25_11.36.06.ndpi,J-6,11461.5,14258.1
TMA_963_117_CK20_-_2016-10-25_11.36.06.ndpi,J-7,12854,14276.8
TMA_963_117_CK20_-_2016-10-25_11.36.06.ndpi,J-8,14281.8,14155.7
TMA_963_117_CK20_-_2016-10-25_11.36.06.ndpi,J-9,15597.6,14214.6
TMA_963_117_CK20_-_2016-10-25_11.36.06.ndpi,J-10,17157.3,14288.2
TMA_963_117_CK20_-_2016-10-25_11.36.06.ndpi,K-1,4270,15681.5
TMA_963_117_CK20_-_2016-10-25_11.36.06.ndpi,K-2,5643.3,15856.3
TMA_963_117_CK20_-_2016-10-25_11.36.06.ndpi,K-3,7191.5,15731.4
TMA_963_117_CK20_-_2016-10-25_11.36.06.ndpi,K-4,8614.8,15831.3
TMA_963_117_CK20_-_2016-10-25_11.36.06.ndpi,K-5,10163,15756.4
TMA_963_117_CK20_-_2016-10-25_11.36.06.ndpi,K-6,11536.4,15856.3
TMA_963_117_CK20_-_2016-10-25_11.36.06.ndpi,K-7,12984.7,15731.4
TMA_963_117_CK20_-_2016-10-25_11.36.06.ndpi,K-8,14408,15756.4
TMA_963_117_CK20_-_2016-10-25_11.36.06.ndpi,K-9,15781.3,15606.6
TMA_963_117_CK20_-_2016-10-25_11.36.06.ndpi,K-10,17079.8,15581.6
TMA_963_117_CK20_-_2016-10-25_11.36.06.ndpi,L-1,4307.1,17297
TMA_963_117_CK20_-_2016-10-25_11.36.06.ndpi,L-2,5735.3,17283.5
TMA_963_117_CK20_-_2016-10-25_11.36.06.ndpi,L-3,7241.4,17412.1
TMA_963_117_CK20_-_2016-10-25_11.36.06.ndpi,L-4,8689.7,17254.6
TMA_963_117_CK20_-_2016-10-25_11.36.06.ndpi,L-5,10065.8,17439.3
TMA_963_117_CK20_-_2016-10-25_11.36.06.ndpi,L-6,11486.4,17304.5
TMA_963_117_CK20_-_2016-10-25_11.36.06.ndpi,L-7,12933.7,17370.8
TMA_963_117_CK20_-_2016-10-25_11.36.06.ndpi,L-8,14383,17204.7
TMA_963_117_CK20_-_2016-10-25_11.36.06.ndpi,L-9,15881.2,17104.8
TMA_963_117_CK20_-_2016-10-25_11.36.06.ndpi,L-10,17129.8,17079.8
TMA_963_133_P53_-_2016-10-25_11.32.36.ndpi,A-1,3301.9,1273.5
TMA_963_133_P53_-_2016-10-25_11.32.36.ndpi,A-2,5214.3,1047.2
TMA_963_133_P53_-_2016-10-25_11.32.36.ndpi,A-3,6617.2,1123.7
TMA_963_133_P53_-_2016-10-25_11.32.36.ndpi,A-4,8173.5,858.83
TMA_963_133_P53_-_2016-10-25_11.32.36.ndpi,A-5,9725.5,1139.8
TMA_963_133_P53_-_2016-10-25_11.32.36.ndpi,A-6,11031.5,1052
TMA_963_133_P53_-_2016-10-25_11.32.36.ndpi,A-7,12535.2,1023.8
TMA_963_133_P53_-_2016-10-25_11.32.36.ndpi,A-8,13983.5,1273.5
TMA_963_133_P53_-_2016-10-25_11.32.36.ndpi,A-9,15232,1323.4
TMA_963_133_P53_-_2016-10-25_11.32.36.ndpi,A-10,16730.2,1698
TMA_963_133_P53_-_2016-10-25_11.32.36.ndpi,B-1,3883.4,2754.9
TMA_963_133_P53_-_2016-10-25_11.32.36.ndpi,B-2,5044.1,2566.5
TMA_963_133_P53_-_2016-10-25_11.32.36.ndpi,B-3,6642.2,2596.9
TMA_963_133_P53_-_2016-10-25_11.32.36.ndpi,B-4,8052.5,2610.9
TMA_963_133_P53_-_2016-10-25_11.32.36.ndpi,B-5,9438.5,2551.5
TMA_963_133_P53_-_2016-10-25_11.32.36.ndpi,B-6,10937.1,2547
TMA_963_133_P53_-_2016-10-25_11.32.36.ndpi,B-7,12460.3,2522
TMA_963_133_P53_-_2016-10-25_11.32.36.ndpi,B-8,13883.6,2771.7
TMA_963_133_P53_-_2016-10-25_11.32.36.ndpi,B-9,15374.9,2838.8
TMA_963_133_P53_-_2016-10-25_11.32.36.ndpi,B-10,16705.3,3096.3
TMA_963_133_P53_-_2016-10-25_11.32.36.ndpi,C-1,3636,3992.3
TMA_963_133_P53_-_2016-10-25_11.32.36.ndpi,C-2,5044,4020.2
TMA_963_133_P53_-_2016-10-25_11.32.36.ndpi,C-3,6467.4,3920.4
TMA_963_133_P53_-_2016-10-25_11.32.36.ndpi,C-4,7965.6,3920.4
TMA_963_133_P53_-_2016-10-25_11.32.36.ndpi,C-5,9314,3870.4
TMA_963_133_P53_-_2016-10-25_11.32.36.ndpi,C-6,10789.4,4017
TMA_963_133_P53_-_2016-10-25_11.32.36.ndpi,C-7,12306.1,3929.1
TMA_963_133_P53_-_2016-10-25_11.32.36.ndpi,C-8,14025.5,4159
TMA_963_133_P53_-_2016-10-25_11.32.36.ndpi,C-9,15413.8,4200.3
TMA_963_133_P53_-_2016-10-25_11.32.36.ndpi,C-10,16706,4446.6
TMA_963_133_P53_-_2016-10-25_11.32.36.ndpi,D-1,3545.8,5318.7
TMA_963_133_P53_-_2016-10-25_11.32.36.ndpi,D-2,4873.4,5343.6
TMA_963_133_P53_-_2016-10-25_11.32.36.ndpi,D-3,6367.5,5293.7
TMA_963_133_P53_-_2016-10-25_11.32.36.ndpi,D-4,7849.2,5395.8
TMA_963_133_P53_-_2016-10-25_11.32.36.ndpi,D-5,9314,5368.7
TMA_963_133_P53_-_2016-10-25_11.32.36.ndpi,D-6,10712.3,5468.5
TMA_963_133_P53_-_2016-10-25_11.32.36.ndpi,D-7,12235.5,5368.7
TMA_963_133_P53_-_2016-10-25_11.32.36.ndpi,D-8,13883.6,5543.4
TMA_963_133_P53_-_2016-10-25_11.32.36.ndpi,D-9,15400,5608.5
TMA_963_133_P53_-_2016-10-25_11.32.36.ndpi,D-10,16705.3,5768.2
TMA_963_133_P53_-_2016-10-25_11.32.36.ndpi,E-1,3391.7,6888.5
TMA_963_133_P53_-_2016-10-25_11.32.36.ndpi,E-2,4835.7,6767
TMA_963_133_P53_-_2016-10-25_11.32.36.ndpi,E-3,6356.3,6960.1
TMA_963_133_P53_-_2016-10-25_11.32.36.ndpi,E-4,7940.6,6816.9
TMA_963_133_P53_-_2016-10-25_11.32.36.ndpi,E-5,9363.9,6941.8
TMA_963_133_P53_-_2016-10-25_11.32.36.ndpi,E-6,10712.3,6841.9
TMA_963_133_P53_-_2016-10-25_11.32.36.ndpi,E-7,12177.3,7033.5
TMA_963_133_P53_-_2016-10-25_11.32.36.ndpi,E-8,13862.4,6975.2
TMA_963_133_P53_-_2016-10-25_11.32.36.ndpi,E-9,15232,7191.5
TMA_963_133_P53_-_2016-10-25_11.32.36.ndpi,E-10,16680.3,7191.5
TMA_963_133_P53_-_2016-10-25_11.32.36.ndpi,F-1,3296.1,8215.3
TMA_963_133_P53_-_2016-10-25_11.32.36.ndpi,F-2,4769.4,8240.3
TMA_963_133_P53_-_2016-10-25_11.32.36.ndpi,F-3,6279.9,8273.5
TMA_963_133_P53_-_2016-10-25_11.32.36.ndpi,F-4,7840.7,8365.1
TMA_963_133_P53_-_2016-10-25_11.32.36.ndpi,F-5,9239.1,8315.2
TMA_963_133_P53_-_2016-10-25_11.32.36.ndpi,F-6,10637.4,8490
TMA_963_133_P53_-_2016-10-25_11.32.36.ndpi,F-7,12135.7,8415.1
TMA_963_133_P53_-_2016-10-25_11.32.36.ndpi,F-8,13658.9,8514.9
TMA_963_133_P53_-_2016-10-25_11.32.36.ndpi,F-9,15257,8564.9
TMA_963_133_P53_-_2016-10-25_11.32.36.ndpi,F-10,16505.5,8689.7
TMA_963_133_P53_-_2016-10-25_11.32.36.ndpi,G-1,3371,9638.6
TMA_963_133_P53_-_2016-10-25_11.32.36.ndpi,G-2,4744.4,9613.6
TMA_963_133_P53_-_2016-10-25_11.32.36.ndpi,G-3,6292.7,9742.7
TMA_963_133_P53_-_2016-10-25_11.32.36.ndpi,G-4,7865.7,9763.5
TMA_963_133_P53_-_2016-10-25_11.32.36.ndpi,G-5,9289,9838.4
TMA_963_133_P53_-_2016-10-25_11.32.36.ndpi,G-6,10737.3,9863.3
TMA_963_133_P53_-_2016-10-25_11.32.36.ndpi,G-7,12110.7,9963.2
TMA_963_133_P53_-_2016-10-25_11.32.36.ndpi,G-8,13658.9,9938.3
TMA_963_133_P53_-_2016-10-25_11.32.36.ndpi,G-9,15082.2,9863.3
TMA_963_133_P53_-_2016-10-25_11.32.36.ndpi,G-10,16455.6,9988.2
TMA_963_133_P53_-_2016-10-25_11.32.36.ndpi,H-1,3366.8,11016.3
TMA_963_133_P53_-_2016-10-25_11.32.36.ndpi,H-2,4819.3,11111.9
TMA_963_133_P53_-_2016-10-25_11.32.36.ndpi,H-3,6342.5,11061.9
TMA_963_133_P53_-_2016-10-25_11.32.36.ndpi,H-4,7790.8,11286.7
TMA_963_133_P53_-_2016-10-25_11.32.36.ndpi,H-5,9214.1,11111.9
TMA_963_133_P53_-_2016-10-25_11.32.36.ndpi,H-6,10612.5,11386.5
TMA_963_133_P53_-_2016-10-25_11.32.36.ndpi,H-7,12035.8,11361.6
TMA_963_133_P53_-_2016-10-25_11.32.36.ndpi,H-8,13484.1,11436.5
TMA_963_133_P53_-_2016-10-25_11.32.36.ndpi,H-9,14982.3,11361.6
TMA_963_133_P53_-_2016-10-25_11.32.36.ndpi,H-10,16355.7,11536.4
TMA_963_133_P53_-_2016-10-25_11.32.36.ndpi,I-1,3545.8,12460.3
TMA_963_133_P53_-_2016-10-25_11.32.36.ndpi,I-2,4944.2,12510.2
TMA_963_133_P53_-_2016-10-25_11.32.36.ndpi,I-3,6442.4,12635.1
TMA_963_133_P53_-_2016-10-25_11.32.36.ndpi,I-4,7890.7,12610.1
TMA_963_133_P53_-_2016-10-25_11.32.36.ndpi,I-5,9214.1,12610.1
TMA_963_133_P53_-_2016-10-25_11.32.36.ndpi,I-6,10695.6,12743.6
TMA_963_133_P53_-_2016-10-25_11.32.36.ndpi,I-7,12031.4,12788.8
TMA_963_133_P53_-_2016-10-25_11.32.36.ndpi,I-8,13463.4,12801.8
TMA_963_133_P53_-_2016-10-25_11.32.36.ndpi,I-9,14857.4,12934.7
TMA_963_133_P53_-_2016-10-25_11.32.36.ndpi,I-10,16330.7,12859.8
TMA_963_133_P53_-_2016-10-25_11.32.36.ndpi,J-1,3421,13883.6
TMA_963_133_P53_-_2016-10-25_11.32.36.ndpi,J-2,4869.2,13983.5
TMA_963_133_P53_-_2016-10-25_11.32.36.ndpi,J-3,6367.5,14008.4
TMA_963_133_P53_-_2016-10-25_11.32.36.ndpi,J-4,7790.8,14108.3
TMA_963_133_P53_-_2016-10-25_11.32.36.ndpi,J-5,9164.2,14058.4
TMA_963_133_P53_-_2016-10-25_11.32.36.ndpi,J-6,10487.6,14208.2
TMA_963_133_P53_-_2016-10-25_11.32.36.ndpi,J-7,11935.9,14083.4
TMA_963_133_P53_-_2016-10-25_11.32.36.ndpi,J-8,13338.6,14204.7
TMA_963_133_P53_-_2016-10-25_11.32.36.ndpi,J-9,14731.7,14316.5
TMA_963_133_P53_-_2016-10-25_11.32.36.ndpi,J-10,16313.7,14423.5
TMA_963_133_P53_-_2016-10-25_11.32.36.ndpi,K-1,3445.9,15381.8
TMA_963_133_P53_-_2016-10-25_11.32.36.ndpi,K-2,4819.3,15481.7
TMA_963_133_P53_-_2016-10-25_11.32.36.ndpi,K-3,6317.5,15481.7
TMA_963_133_P53_-_2016-10-25_11.32.36.ndpi,K-4,7715.9,15531.6
TMA_963_133_P53_-_2016-10-25_11.32.36.ndpi,K-5,9189.1,15606.6
TMA_963_133_P53_-_2016-10-25_11.32.36.ndpi,K-6,10537.5,15756.4
TMA_963_133_P53_-_2016-10-25_11.32.36.ndpi,K-7,12010.8,15631.5
TMA_963_133_P53_-_2016-10-25_11.32.36.ndpi,K-8,13434.1,15806.3
TMA_963_133_P53_-_2016-10-25_11.32.36.ndpi,K-9,14857.4,15656.5
TMA_963_133_P53_-_2016-10-25_11.32.36.ndpi,K-10,16180.9,15731.4
TMA_963_133_P53_-_2016-10-25_11.32.36.ndpi,L-1,3537.5,17009
TMA_963_133_P53_-_2016-10-25_11.32.36.ndpi,L-2,4969.1,17004.9
TMA_963_133_P53_-_2016-10-25_11.32.36.ndpi,L-3,6342.5,17129.8
TMA_963_133_P53_-_2016-10-25_11.32.36.ndpi,L-4,7865.7,16880.1
TMA_963_133_P53_-_2016-10-25_11.32.36.ndpi,L-5,9164.2,17304.5
TMA_963_133_P53_-_2016-10-25_11.32.36.ndpi,L-6,10462.6,17204.7
TMA_963_133_P53_-_2016-10-25_11.32.36.ndpi,L-7,11869.3,17317.1
TMA_963_133_P53_-_2016-10-25_11.32.36.ndpi,L-8,13309.3,17204.7
TMA_963_133_P53_-_2016-10-25_11.32.36.ndpi,L-9,14644.8,17246.2
TMA_963_133_P53_-_2016-10-25_11.32.36.ndpi,L-10,16056,17279.6
TMA_963_321_Her2Neu_4B_-_2016-10-25_11.43.37.ndpi,A-1,4748.4,1110
TMA_963_321_Her2Neu_4B_-_2016-10-25_11.43.37.ndpi,A-2,6117.8,1123.7
TMA_963_321_Her2Neu_4B_-_2016-10-25_11.43.37.ndpi,A-3,7389.6,1441.6
TMA_963_321_Her2Neu_4B_-_2016-10-25_11.43.37.ndpi,A-4,8889.5,1348.4
TMA_963_321_Her2Neu_4B_-_2016-10-25_11.43.37.ndpi,A-5,10381,1453.3
TMA_963_321_Her2Neu_4B_-_2016-10-25_11.43.37.ndpi,A-6,11736.1,1498.2
TMA_963_321_Her2Neu_4B_-_2016-10-25_11.43.37.ndpi,A-7,13259.3,1548.2
TMA_963_321_Her2Neu_4B_-_2016-10-25_11.43.37.ndpi,A-8,14707.6,1872.8
TMA_963_321_Her2Neu_4B_-_2016-10-25_11.43.37.ndpi,A-9,16130.9,1997.6
TMA_963_321_Her2Neu_4B_-_2016-10-25_11.43.37.ndpi,A-10,17729,2247.3
TMA_963_321_Her2Neu_4B_-_2016-10-25_11.43.37.ndpi,B-1,4578.2,2710.2
TMA_963_321_Her2Neu_4B_-_2016-10-25_11.43.37.ndpi,B-2,5873.1,2606.9
TMA_963_321_Her2Neu_4B_-_2016-10-25_11.43.37.ndpi,B-3,7384.6,2778.4
TMA_963_321_Her2Neu_4B_-_2016-10-25_11.43.37.ndpi,B-4,8914.5,2721.8
TMA_963_321_Her2Neu_4B_-_2016-10-25_11.43.37.ndpi,B-5,10312.8,2846.6
TMA_963_321_Her2Neu_4B_-_2016-10-25_11.43.37.ndpi,B-6,11561.3,3071.4
TMA_963_321_Her2Neu_4B_-_2016-10-25_11.43.37.ndpi,B-7,13109.5,3071.4
TMA_963_321_Her2Neu_4B_-_2016-10-25_11.43.37.ndpi,B-8,14607.7,3396
TMA_963_321_Her2Neu_4B_-_2016-10-25_11.43.37.ndpi,B-9,16069.3,3495.9
TMA_963_321_Her2Neu_4B_-_2016-10-25_11.43.37.ndpi,B-10,17364.4,3962.1
TMA_963_321_Her2Neu_4B_-_2016-10-25_11.43.37.ndpi,C-1,4369.8,3895.4
TMA_963_321_Her2Neu_4B_-_2016-10-25_11.43.37.ndpi,C-2,5668.3,4170.1
TMA_963_321_Her2Neu_4B_-_2016-10-25_11.43.37.ndpi,C-3,7116.6,4120.1
TMA_963_321_Her2Neu_4B_-_2016-10-25_11.43.37.ndpi,C-4,8614.8,4245
TMA_963_321_Her2Neu_4B_-_2016-10-25_11.43.37.ndpi,C-5,10088.1,4294.9
TMA_963_321_Her2Neu_4B_-_2016-10-25_11.43.37.ndpi,C-6,11476.4,4549.6
TMA_963_321_Her2Neu_4B_-_2016-10-25_11.43.37.ndpi,C-7,13034.6,4569.6
TMA_963_321_Her2Neu_4B_-_2016-10-25_11.43.37.ndpi,C-8,14506.2,4816
TMA_963_321_Her2Neu_4B_-_2016-10-25_11.43.37.ndpi,C-9,16006.1,4994.1
TMA_963_321_Her2Neu_4B_-_2016-10-25_11.43.37.ndpi,C-10,17342.8,5250.6
TMA_963_321_Her2Neu_4B_-_2016-10-25_11.43.37.ndpi,D-1,4095.2,5393.6
TMA_963_321_Her2Neu_4B_-_2016-10-25_11.43.37.ndpi,D-2,5470.2,5488.5
TMA_963_321_Her2Neu_4B_-_2016-10-25_11.43.37.ndpi,D-3,6941.8,5568.4
TMA_963_321_Her2Neu_4B_-_2016-10-25_11.43.37.ndpi,D-4,8390.1,5768.2
TMA_963_321_Her2Neu_4B_-_2016-10-25_11.43.37.ndpi,D-5,9913.3,5843.1
TMA_963_321_Her2Neu_4B_-_2016-10-25_11.43.37.ndpi,D-6,11411.5,6117.8
TMA_963_321_Her2Neu_4B_-_2016-10-25_11.43.37.ndpi,D-7,12834.8,6017.9
TMA_963_321_Her2Neu_4B_-_2016-10-25_11.43.37.ndpi,D-8,14353,6340.8
TMA_963_321_Her2Neu_4B_-_2016-10-25_11.43.37.ndpi,D-9,15881.2,6392.4
TMA_963_321_Her2Neu_4B_-_2016-10-25_11.43.37.ndpi,D-10,17304.5,6657.2
TMA_963_321_Her2Neu_4B_-_2016-10-25_11.43.37.ndpi,E-1,3943.7,6926.8
TMA_963_321_Her2Neu_4B_-_2016-10-25_11.43.37.ndpi,E-2,5443.6,6941.8
TMA_963_321_Her2Neu_4B_-_2016-10-25_11.43.37.ndpi,E-3,6891.9,7141.6
TMA_963_321_Her2Neu_4B_-_2016-10-25_11.43.37.ndpi,E-4,8365.1,7191.5
TMA_963_321_Her2Neu_4B_-_2016-10-25_11.43.37.ndpi,E-5,9863.3,7391.3
TMA_963_321_Her2Neu_4B_-_2016-10-25_11.43.37.ndpi,E-6,11256.7,7426.2
TMA_963_321_Her2Neu_4B_-_2016-10-25_11.43.37.ndpi,E-7,12710,7641
TMA_963_321_Her2Neu_4B_-_2016-10-25_11.43.37.ndpi,E-8,14233.2,7715.9
TMA_963_321_Her2Neu_4B_-_2016-10-25_11.43.37.ndpi,E-9,15681.5,8015.5
TMA_963_321_Her2Neu_4B_-_2016-10-25_11.43.37.ndpi,E-10,17154.7,8065.5
TMA_963_321_Her2Neu_4B_-_2016-10-25_11.43.37.ndpi,F-1,3770.5,8315.2
TMA_963_321_Her2Neu_4B_-_2016-10-25_11.43.37.ndpi,F-2,5343.7,8465
TMA_963_321_Her2Neu_4B_-_2016-10-25_11.43.37.ndpi,F-3,6692.1,8514.9
TMA_963_321_Her2Neu_4B_-_2016-10-25_11.43.37.ndpi,F-4,8191,8732.6
TMA_963_321_Her2Neu_4B_-_2016-10-25_11.43.37.ndpi,F-5,9688.5,8789.6
TMA_963_321_Her2Neu_4B_-_2016-10-25_11.43.37.ndpi,F-6,11073.5,9030.7
TMA_963_321_Her2Neu_4B_-_2016-10-25_11.43.37.ndpi,F-7,12585.1,9039.3
TMA_963_321_Her2Neu_4B_-_2016-10-25_11.43.37.ndpi,F-8,14033.4,9264.1
TMA_963_321_Her2Neu_4B_-_2016-10-25_11.43.37.ndpi,F-9,15617.8,9361
TMA_963_321_Her2Neu_4B_-_2016-10-25_11.43.37.ndpi,F-10,16979.9,9563.7
TMA_963_321_Her2Neu_4B_-_2016-10-25_11.43.37.ndpi,G-1,3681.1,9828
TMA_963_321_Her2Neu_4B_-_2016-10-25_11.43.37.ndpi,G-2,5127.9,9884.2
TMA_963_321_Her2Neu_4B_-_2016-10-25_11.43.37.ndpi,G-3,6614.2,10079.5
TMA_963_321_Her2Neu_4B_-_2016-10-25_11.43.37.ndpi,G-4,8161.2,10161.1
TMA_963_321_Her2Neu_4B_-_2016-10-25_11.43.37.ndpi,G-5,9613.6,10312.8
TMA_963_321_Her2Neu_4B_-_2016-10-25_11.43.37.ndpi,G-6,11037,10462.6
TMA_963_321_Her2Neu_4B_-_2016-10-25_11.43.37.ndpi,G-7,12535.2,10612.5
TMA_963_321_Her2Neu_4B_-_2016-10-25_11.43.37.ndpi,G-8,13963.7,10633.7
TMA_963_321_Her2Neu_4B_-_2016-10-25_11.43.37.ndpi,G-9,15356.9,10887.1
TMA_963_321_Her2Neu_4B_-_2016-10-25_11.43.37.ndpi,G-10,16805.1,10937.1
TMA_963_321_Her2Neu_4B_-_2016-10-25_11.43.37.ndpi,H-1,3570.8,11261.7
TMA_963_321_Her2Neu_4B_-_2016-10-25_11.43.37.ndpi,H-2,5019.1,11461.5
TMA_963_321_Her2Neu_4B_-_2016-10-25_11.43.37.ndpi,H-3,6517.3,11436.5
TMA_963_321_Her2Neu_4B_-_2016-10-25_11.43.37.ndpi,H-4,8015.5,11711.2
TMA_963_321_Her2Neu_4B_-_2016-10-25_11.43.37.ndpi,H-5,9497.7,11608.3
TMA_963_321_Her2Neu_4B_-_2016-10-25_11.43.37.ndpi,H-6,10873.3,11975.4
TMA_963_321_Her2Neu_4B_-_2016-10-25_11.43.37.ndpi,H-7,12260.5,11985.8
TMA_963_321_Her2Neu_4B_-_2016-10-25_11.43.37.ndpi,H-8,13733.8,12160.6
TMA_963_321_Her2Neu_4B_-_2016-10-25_11.43.37.ndpi,H-9,15257,12235.5
TMA_963_321_Her2Neu_4B_-_2016-10-25_11.43.37.ndpi,H-10,16669.7,12386
TMA_963_321_Her2Neu_4B_-_2016-10-25_11.43.37.ndpi,I-1,3620.7,12809.9
TMA_963_321_Her2Neu_4B_-_2016-10-25_11.43.37.ndpi,I-2,5069,12859.8
TMA_963_321_Her2Neu_4B_-_2016-10-25_11.43.37.ndpi,I-3,6542.3,13084.5
TMA_963_321_Her2Neu_4B_-_2016-10-25_11.43.37.ndpi,I-4,8015.5,13134.5
TMA_963_321_Her2Neu_4B_-_2016-10-25_11.43.37.ndpi,I-5,9463.8,13309.3
TMA_963_321_Her2Neu_4B_-_2016-10-25_11.43.37.ndpi,I-6,10787.3,13334.2
TMA_963_321_Her2Neu_4B_-_2016-10-25_11.43.37.ndpi,I-7,12185.6,13633.9
TMA_963_321_Her2Neu_4B_-_2016-10-25_11.43.37.ndpi,I-8,13633.9,13559
TMA_963_321_Her2Neu_4B_-_2016-10-25_11.43.37.ndpi,I-9,15041.5,13760.6
TMA_963_321_Her2Neu_4B_-_2016-10-25_11.43.37.ndpi,I-10,16520.6,13777.7
TMA_963_321_Her2Neu_4B_-_2016-10-25_11.43.37.ndpi,J-1,3445.9,14183.2
TMA_963_321_Her2Neu_4B_-_2016-10-25_11.43.37.ndpi,J-2,4894.2,14432.9
TMA_963_321_Her2Neu_4B_-_2016-10-25_11.43.37.ndpi,J-3,6417.4,14482.9
TMA_963_321_Her2Neu_4B_-_2016-10-25_11.43.37.ndpi,J-4,7840.7,14682.6
TMA_963_321_Her2Neu_4B_-_2016-10-25_11.43.37.ndpi,J-5,9388.9,14732.6
TMA_963_321_Her2Neu_4B_-_2016-10-25_11.43.37.ndpi,J-6,10612.5,14907.4
TMA_963_321_Her2Neu_4B_-_2016-10-25_11.43.37.ndpi,J-7,11960.9,14982.3
TMA_963_321_Her2Neu_4B_-_2016-10-25_11.43.37.ndpi,J-8,13459.1,15182.1
TMA_963_321_Her2Neu_4B_-_2016-10-25_11.43.37.ndpi,J-9,14857.4,15157.1
TMA_963_321_Her2Neu_4B_-_2016-10-25_11.43.37.ndpi,J-10,16332.9,15333.7
TMA_963_321_Her2Neu_4B_-_2016-10-25_11.43.37.ndpi,K-1,3378.2,15654.6
TMA_963_321_Her2Neu_4B_-_2016-10-25_11.43.37.ndpi,K-2,4744.4,15931.2
TMA_963_321_Her2Neu_4B_-_2016-10-25_11.43.37.ndpi,K-3,6292.6,15906.2
TMA_963_321_Her2Neu_4B_-_2016-10-25_11.43.37.ndpi,K-4,7750,16113.2
TMA_963_321_Her2Neu_4B_-_2016-10-25_11.43.37.ndpi,K-5,9214.1,16180.9
TMA_963_321_Her2Neu_4B_-_2016-10-25_11.43.37.ndpi,K-6,10606.9,16379
TMA_963_321_Her2Neu_4B_-_2016-10-25_11.43.37.ndpi,K-7,12012.1,16328.8
TMA_963_321_Her2Neu_4B_-_2016-10-25_11.43.37.ndpi,K-8,13484.1,16555.4
TMA_963_321_Her2Neu_4B_-_2016-10-25_11.43.37.ndpi,K-9,14844.6,16537.4
TMA_963_321_Her2Neu_4B_-_2016-10-25_11.43.37.ndpi,K-10,16146.9,16678.7
TMA_963_321_Her2Neu_4B_-_2016-10-25_11.43.37.ndpi,L-1,3284.5,17246.4
TMA_963_321_Her2Neu_4B_-_2016-10-25_11.43.37.ndpi,L-2,4694.5,17329.5
TMA_963_321_Her2Neu_4B_-_2016-10-25_11.43.37.ndpi,L-3,6203.2,17548.3
TMA_963_321_Her2Neu_4B_-_2016-10-25_11.43.37.ndpi,L-4,7641,17524.7
TMA_963_321_Her2Neu_4B_-_2016-10-25_11.43.37.ndpi,L-5,9037.3,17816.1
TMA_963_321_Her2Neu_4B_-_2016-10-25_11.43.37.ndpi,L-6,10401.2,17811.2
TMA_963_321_Her2Neu_4B_-_2016-10-25_11.43.37.ndpi,L-7,11792,17965.3
TMA_963_321_Her2Neu_4B_-_2016-10-25_11.43.37.ndpi,L-8,13213.7,17946.2
TMA_963_321_Her2Neu_4B_-_2016-10-25_11.43.37.ndpi,L-9,14596.3,18061.9
TMA_963_321_Her2Neu_4B_-_2016-10-25_11.43.37.ndpi,L-10,15961.7,18109.6
TMA_963_512_Ki67_-_2016-10-25_11.34.10.ndpi,A-1,2683.8,1202.1
TMA_963_512_Ki67_-_2016-10-25_11.34.10.ndpi,A-2,4486.2,1135.6
TMA_963_512_Ki67_-_2016-10-25_11.34.10.ndpi,A-3,5868.1,1273.5
TMA_963_512_Ki67_-_2016-10-25_11.34.10.ndpi,A-4,7411.6,1040.4
TMA_963_512_Ki67_-_2016-10-25_11.34.10.ndpi,A-5,8739.7,1348.4
TMA_963_512_Ki67_-_2016-10-25_11.34.10.ndpi,A-6,9965.9,1311.1
TMA_963_512_Ki67_-_2016-10-25_11.34.10.ndpi,A-7,11386.5,1398.3
TMA_963_512_Ki67_-_2016-10-25_11.34.10.ndpi,A-8,12734.9,1673
TMA_963_512_Ki67_-_2016-10-25_11.34.10.ndpi,A-9,14010.7,1827.8
TMA_963_512_Ki67_-_2016-10-25_11.34.10.ndpi,A-10,15358.8,2231.6
TMA_963_512_Ki67_-_2016-10-25_11.34.10.ndpi,B-1,3174.9,2777.4
TMA_963_512_Ki67_-_2016-10-25_11.34.10.ndpi,B-2,4479.6,2683.3
TMA_963_512_Ki67_-_2016-10-25_11.34.10.ndpi,B-3,5818.1,2796.7
TMA_963_512_Ki67_-_2016-10-25_11.34.10.ndpi,B-4,7201.2,2821.2
TMA_963_512_Ki67_-_2016-10-25_11.34.10.ndpi,B-5,8512.5,2818.7
TMA_963_512_Ki67_-_2016-10-25_11.34.10.ndpi,B-6,9838.4,2921.5
TMA_963_512_Ki67_-_2016-10-25_11.34.10.ndpi,B-7,11286.7,2921.5
TMA_963_512_Ki67_-_2016-10-25_11.34.10.ndpi,B-8,12635.1,3196.2
TMA_963_512_Ki67_-_2016-10-25_11.34.10.ndpi,B-9,13958.5,3343.3
TMA_963_512_Ki67_-_2016-10-25_11.34.10.ndpi,B-10,15207,3645.7
TMA_963_512_Ki67_-_2016-10-25_11.34.10.ndpi,C-1,2890.6,4154.6
TMA_963_512_Ki67_-_2016-10-25_11.34.10.ndpi,C-2,4270,4220
TMA_963_512_Ki67_-_2016-10-25_11.34.10.ndpi,C-3,5633.9,4177.7
TMA_963_512_Ki67_-_2016-10-25_11.34.10.ndpi,C-4,7091.6,4270
TMA_963_512_Ki67_-_2016-10-25_11.34.10.ndpi,C-5,8422.5,4291.1
TMA_963_512_Ki67_-_2016-10-25_11.34.10.ndpi,C-6,9688.5,4419.8
TMA_963_512_Ki67_-_2016-10-25_11.34.10.ndpi,C-7,11186.8,4369.8
TMA_963_512_Ki67_-_2016-10-25_11.34.10.ndpi,C-8,12747,4574
TMA_963_512_Ki67_-_2016-10-25_11.34.10.ndpi,C-9,13933.5,4519.7
TMA_963_512_Ki67_-_2016-10-25_11.34.10.ndpi,C-10,15300.5,4981
TMA_963_512_Ki67_-_2016-10-25_11.34.10.ndpi,D-1,2771.7,5543.4
TMA_963_512_Ki67_-_2016-10-25_11.34.10.ndpi,D-2,3845.5,5493.5
TMA_963_512_Ki67_-_2016-10-25_11.34.10.ndpi,D-3,5493.5,5568.4
TMA_963_512_Ki67_-_2016-10-25_11.34.10.ndpi,D-4,6792,5768.2
TMA_963_512_Ki67_-_2016-10-25_11.34.10.ndpi,D-5,8340.1,5793.2
TMA_963_512_Ki67_-_2016-10-25_11.34.10.ndpi,D-6,9696.2,6006.2
TMA_963_512_Ki67_-_2016-10-25_11.34.10.ndpi,D-7,11111.9,5843.1
TMA_963_512_Ki67_-_2016-10-25_11.34.10.ndpi,D-8,12504.8,6181
TMA_963_512_Ki67_-_2016-10-25_11.34.10.ndpi,D-9,14044.2,6169.1
TMA_963_512_Ki67_-_2016-10-25_11.34.10.ndpi,D-10,15182.1,6445.8
TMA_963_512_Ki67_-_2016-10-25_11.34.10.ndpi,E-1,2646.9,7116.6
TMA_963_512_Ki67_-_2016-10-25_11.34.10.ndpi,E-2,4045.2,7091.6
TMA_963_512_Ki67_-_2016-10-25_11.34.10.ndpi,E-3,5476.6,7437.6
TMA_963_512_Ki67_-_2016-10-25_11.34.10.ndpi,E-4,6966.8,7266.4
TMA_963_512_Ki67_-_2016-10-25_11.34.10.ndpi,E-5,8363.1,7405
TMA_963_512_Ki67_-_2016-10-25_11.34.10.ndpi,E-6,9711.5,7398.7
TMA_963_512_Ki67_-_2016-10-25_11.34.10.ndpi,E-7,11138.6,7613.8
TMA_963_512_Ki67_-_2016-10-25_11.34.10.ndpi,E-8,12410.3,7566.1
TMA_963_512_Ki67_-_2016-10-25_11.34.10.ndpi,E-9,13708.8,7840.7
TMA_963_512_Ki67_-_2016-10-25_11.34.10.ndpi,E-10,15132.1,7840.7
TMA_963_512_Ki67_-_2016-10-25_11.34.10.ndpi,F-1,2547,8539.9
TMA_963_512_Ki67_-_2016-10-25_11.34.10.ndpi,F-2,3920.4,8664.8
TMA_963_512_Ki67_-_2016-10-25_11.34.10.ndpi,F-3,5317.1,8778.1
TMA_963_512_Ki67_-_2016-10-25_11.34.10.ndpi,F-4,6866.9,8889.5
TMA_963_512_Ki67_-_2016-10-25_11.34.10.ndpi,F-5,8228.6,8885.7
TMA_963_512_Ki67_-_2016-10-25_11.34.10.ndpi,F-6,9538.7,9039.3
TMA_963_512_Ki67_-_2016-10-25_11.34.10.ndpi,F-7,11023.2,9039.3
TMA_963_512_Ki67_-_2016-10-25_11.34.10.ndpi,F-8,12279.6,9179.5
TMA_963_512_Ki67_-_2016-10-25_11.34.10.ndpi,F-9,13808.7,9214.1
TMA_963_512_Ki67_-_2016-10-25_11.34.10.ndpi,F-10,15028.2,9386.9
TMA_963_512_Ki67_-_2016-10-25_11.34.10.ndpi,G-1,2547,10088.1
TMA_963_512_Ki67_-_2016-10-25_11.34.10.ndpi,G-2,3845.5,10088.1
TMA_963_512_Ki67_-_2016-10-25_11.34.10.ndpi,G-3,5293.7,10262.9
TMA_963_512_Ki67_-_2016-10-25_11.34.10.ndpi,G-4,6816.9,10312.8
TMA_963_512_Ki67_-_2016-10-25_11.34.10.ndpi,G-5,8215.3,10437.7
TMA_963_512_Ki67_-_2016-10-25_11.34.10.ndpi,G-6,9538.7,10412.7
TMA_963_512_Ki67_-_2016-10-25_11.34.10.ndpi,G-7,10862.2,10637.4
TMA_963_512_Ki67_-_2016-10-25_11.34.10.ndpi,G-8,12310.5,10612.5
TMA_963_512_Ki67_-_2016-10-25_11.34.10.ndpi,G-9,13716.7,10675
TMA_963_512_Ki67_-_2016-10-25_11.34.10.ndpi,G-10,14982.3,10637.4
TMA_963_512_Ki67_-_2016-10-25_11.34.10.ndpi,H-1,2454.5,11461.5
TMA_963_512_Ki67_-_2016-10-25_11.34.10.ndpi,H-2,3845.5,11661.2
TMA_963_512_Ki67_-_2016-10-25_11.34.10.ndpi,H-3,5293.7,11636.2
TMA_963_512_Ki67_-_2016-10-25_11.34.10.ndpi,H-4,6692.1,11910.9
TMA_963_512_Ki67_-_2016-10-25_11.34.10.ndpi,H-5,8065.5,11761.1
TMA_963_512_Ki67_-_2016-10-25_11.34.10.ndpi,H-6,9438.8,12060.7
TMA_963_512_Ki67_-_2016-10-25_11.34.10.ndpi,H-7,10785.2,12040
TMA_963_512_Ki67_-_2016-10-25_11.34.10.ndpi,H-8,12152.8,12120.4
TMA_963_512_Ki67_-_2016-10-25_11.34.10.ndpi,H-9,13583.9,12085.7
TMA_963_512_Ki67_-_2016-10-25_11.34.10.ndpi,H-10,14932.4,12185.6
TMA_963_512_Ki67_-_2016-10-25_11.34.10.ndpi,I-1,2522,13034.6
TMA_963_512_Ki67_-_2016-10-25_11.34.10.ndpi,I-2,3895.4,13109.5
TMA_963_512_Ki67_-_2016-10-25_11.34.10.ndpi,I-3,5343.7,13284.3
TMA_963_512_Ki67_-_2016-10-25_11.34.10.ndpi,I-4,6767,13259.3
TMA_963_512_Ki67_-_2016-10-25_11.34.10.ndpi,I-5,8115.4,13359.2
TMA_963_512_Ki67_-_2016-10-25_11.34.10.ndpi,I-6,9463.8,13359.2
TMA_963_512_Ki67_-_2016-10-25_11.34.10.ndpi,I-7,10745.2,13527
TMA_963_512_Ki67_-_2016-10-25_11.34.10.ndpi,I-8,12060.7,13583.9
TMA_963_512_Ki67_-_2016-10-25_11.34.10.ndpi,I-9,13434.1,13683.8
TMA_963_512_Ki67_-_2016-10-25_11.34.10.ndpi,I-10,15024.4,13656.6
TMA_963_512_Ki67_-_2016-10-25_11.34.10.ndpi,J-1,2272.3,14507.9
TMA_963_512_Ki67_-_2016-10-25_11.34.10.ndpi,J-2,3695.6,14632.7
TMA_963_512_Ki67_-_2016-10-25_11.34.10.ndpi,J-3,5168.9,14657.7
TMA_963_512_Ki67_-_2016-10-25_11.34.10.ndpi,J-4,6592.2,14807.5
TMA_963_512_Ki67_-_2016-10-25_11.34.10.ndpi,J-5,7940.6,14782.5
TMA_963_512_Ki67_-_2016-10-25_11.34.10.ndpi,J-6,9214.1,14932.4
TMA_963_512_Ki67_-_2016-10-25_11.34.10.ndpi,J-7,10637.4,14857.4
TMA_963_512_Ki67_-_2016-10-25_11.34.10.ndpi,J-8,12135.7,14957.3
TMA_963_512_Ki67_-_2016-10-25_11.34.10.ndpi,J-9,13405.3,15126.7
TMA_963_512_Ki67_-_2016-10-25_11.34.10.ndpi,J-10,14961.4,15213.3
TMA_963_512_Ki67_-_2016-10-25_11.34.10.ndpi,K-1,2197.4,16031.1
TMA_963_512_Ki67_-_2016-10-25_11.34.10.ndpi,K-2,3520.8,16180.9
TMA_963_512_Ki67_-_2016-10-25_11.34.10.ndpi,K-3,5019.1,16205.8
TMA_963_512_Ki67_-_2016-10-25_11.34.10.ndpi,K-4,6417.4,16265.2
TMA_963_512_Ki67_-_2016-10-25_11.34.10.ndpi,K-5,7890.7,16355.7
TMA_963_512_Ki67_-_2016-10-25_11.34.10.ndpi,K-6,9239.1,16505.5
TMA_963_512_Ki67_-_2016-10-25_11.34.10.ndpi,K-7,10687.4,16405.6
TMA_963_512_Ki67_-_2016-10-25_11.34.10.ndpi,K-8,12085.7,16605.4
TMA_963_512_Ki67_-_2016-10-25_11.34.10.ndpi,K-9,13528.9,16481.1
TMA_963_512_Ki67_-_2016-10-25_11.34.10.ndpi,K-10,14832.5,16530.5
TMA_963_512_Ki67_-_2016-10-25_11.34.10.ndpi,L-1,2222.4,17729
TMA_963_512_Ki67_-_2016-10-25_11.34.10.ndpi,L-2,3570.8,17754
TMA_963_512_Ki67_-_2016-10-25_11.34.10.ndpi,L-3,5038,17857.7
TMA_963_512_Ki67_-_2016-10-25_11.34.10.ndpi,L-4,6542.3,17629.2
TMA_963_512_Ki67_-_2016-10-25_11.34.10.ndpi,L-5,7837.1,17985.7
TMA_963_512_Ki67_-_2016-10-25_11.34.10.ndpi,L-6,9114.2,18003.7
TMA_963_512_Ki67_-_2016-10-25_11.34.10.ndpi,L-7,10541.4,18084.3
TMA_963_512_Ki67_-_2016-10-25_11.34.10.ndpi,L-8,11985.8,18003.7
TMA_963_512_Ki67_-_2016-10-25_11.34.10.ndpi,L-9,13334.2,18003.7
TMA_963_512_Ki67_-_2016-10-25_11.34.10.ndpi,L-10,14682.6,18078.6
TMA_963_BladderNeo_HE_-_2016-10-25_10.56.13.ndpi,A-1,3524.9,1252
TMA_963_BladderNeo_HE_-_2016-10-25_10.56.13.ndpi,A-2,5361.1,1089.5
TMA_963_BladderNeo_HE_-_2016-10-25_10.56.13.ndpi,A-3,6826.2,1321.5
TMA_963_BladderNeo_HE_-_2016-10-25_10.56.13.ndpi,A-4,8395.6,949.08
TMA_963_BladderNeo_HE_-_2016-10-25_10.56.13.ndpi,A-5,9806,1254.9
TMA_963_BladderNeo_HE_-_2016-10-25_10.56.13.ndpi,A-6,11136.8,1148.6
TMA_963_BladderNeo_HE_-_2016-10-25_10.56.13.ndpi,A-7,12660,1173.6
TMA_963_BladderNeo_HE_-_2016-10-25_10.56.13.ndpi,A-8,14083.4,1473.3
TMA_963_BladderNeo_HE_-_2016-10-25_10.56.13.ndpi,A-9,15456.7,1673
TMA_963_BladderNeo_HE_-_2016-10-25_10.56.13.ndpi,A-10,16805.1,2122.5
TMA_963_BladderNeo_HE_-_2016-10-25_10.56.13.ndpi,B-1,4118.5,2796.7
TMA_963_BladderNeo_HE_-_2016-10-25_10.56.13.ndpi,B-2,5343.7,2621.9
TMA_963_BladderNeo_HE_-_2016-10-25_10.56.13.ndpi,B-3,6841.9,2721.8
TMA_963_BladderNeo_HE_-_2016-10-25_10.56.13.ndpi,B-4,8223.9,2713.3
TMA_963_BladderNeo_HE_-_2016-10-25_10.56.13.ndpi,B-5,9763.5,2696.8
TMA_963_BladderNeo_HE_-_2016-10-25_10.56.13.ndpi,B-6,11043.4,2715.3
TMA_963_BladderNeo_HE_-_2016-10-25_10.56.13.ndpi,B-7,12535.2,2721.8
TMA_963_BladderNeo_HE_-_2016-10-25_10.56.13.ndpi,B-8,13983.5,2971.5
TMA_963_BladderNeo_HE_-_2016-10-25_10.56.13.ndpi,B-9,15506.7,3096.3
TMA_963_BladderNeo_HE_-_2016-10-25_10.56.13.ndpi,B-10,16730.2,3495.9
TMA_963_BladderNeo_HE_-_2016-10-25_10.56.13.ndpi,C-1,3995.3,3995.3
TMA_963_BladderNeo_HE_-_2016-10-25_10.56.13.ndpi,C-2,5293.7,4170.1
TMA_963_BladderNeo_HE_-_2016-10-25_10.56.13.ndpi,C-3,6717.1,4095.2
TMA_963_BladderNeo_HE_-_2016-10-25_10.56.13.ndpi,C-4,8190.3,4120.1
TMA_963_BladderNeo_HE_-_2016-10-25_10.56.13.ndpi,C-5,9538.7,4120.1
TMA_963_BladderNeo_HE_-_2016-10-25_10.56.13.ndpi,C-6,10987,4245
TMA_963_BladderNeo_HE_-_2016-10-25_10.56.13.ndpi,C-7,12485.2,4195
TMA_963_BladderNeo_HE_-_2016-10-25_10.56.13.ndpi,C-8,14111.7,4419
TMA_963_BladderNeo_HE_-_2016-10-25_10.56.13.ndpi,C-9,15431.8,4419.8
TMA_963_BladderNeo_HE_-_2016-10-25_10.56.13.ndpi,C-10,16726.8,4818.5
TMA_963_BladderNeo_HE_-_2016-10-25_10.56.13.ndpi,D-1,3795.5,5568.4
TMA_963_BladderNeo_HE_-_2016-10-25_10.56.13.ndpi,D-2,5168.9,5493.5
TMA_963_BladderNeo_HE_-_2016-10-25_10.56.13.ndpi,D-3,6574.9,5496.6
TMA_963_BladderNeo_HE_-_2016-10-25_10.56.13.ndpi,D-4,7990.6,5693.3
TMA_963_BladderNeo_HE_-_2016-10-25_10.56.13.ndpi,D-5,9563.7,5668.3
TMA_963_BladderNeo_HE_-_2016-10-25_10.56.13.ndpi,D-6,10962,5793.2
TMA_963_BladderNeo_HE_-_2016-10-25_10.56.13.ndpi,D-7,12435.3,5693.3
TMA_963_BladderNeo_HE_-_2016-10-25_10.56.13.ndpi,D-8,13953.6,6058.7
TMA_963_BladderNeo_HE_-_2016-10-25_10.56.13.ndpi,D-9,15531.6,6042.9
TMA_963_BladderNeo_HE_-_2016-10-25_10.56.13.ndpi,D-10,16880.1,6267.6
TMA_963_BladderNeo_HE_-_2016-10-25_10.56.13.ndpi,E-1,3770.5,7141.6
TMA_963_BladderNeo_HE_-_2016-10-25_10.56.13.ndpi,E-2,5218.8,7041.7
TMA_963_BladderNeo_HE_-_2016-10-25_10.56.13.ndpi,E-3,6710.2,7219.2
TMA_963_BladderNeo_HE_-_2016-10-25_10.56.13.ndpi,E-4,8190.3,7141.6
TMA_963_BladderNeo_HE_-_2016-10-25_10.56.13.ndpi,E-5,9638.6,7266.4
TMA_963_BladderNeo_HE_-_2016-10-25_10.56.13.ndpi,E-6,10962,7266.4
TMA_963_BladderNeo_HE_-_2016-10-25_10.56.13.ndpi,E-7,12413.8,7449.6
TMA_963_BladderNeo_HE_-_2016-10-25_10.56.13.ndpi,E-8,13983.5,7466.2
TMA_963_BladderNeo_HE_-_2016-10-25_10.56.13.ndpi,E-9,15306.9,7715.9
TMA_963_BladderNeo_HE_-_2016-10-25_10.56.13.ndpi,E-10,16730.2,7690.9
TMA_963_BladderNeo_HE_-_2016-10-25_10.56.13.ndpi,F-1,3670.7,8539.9
TMA_963_BladderNeo_HE_-_2016-10-25_10.56.13.ndpi,F-2,5143.9,8614.8
TMA_963_BladderNeo_HE_-_2016-10-25_10.56.13.ndpi,F-3,6617.2,8589.8
TMA_963_BladderNeo_HE_-_2016-10-25_10.56.13.ndpi,F-4,8115.4,8739.7
TMA_963_BladderNeo_HE_-_2016-10-25_10.56.13.ndpi,F-5,9538.7,8689.7
TMA_963_BladderNeo_HE_-_2016-10-25_10.56.13.ndpi,F-6,10887.1,8889.5
TMA_963_BladderNeo_HE_-_2016-10-25_10.56.13.ndpi,F-7,12360.4,8864.5
TMA_963_BladderNeo_HE_-_2016-10-25_10.56.13.ndpi,F-8,13808.7,9039.3
TMA_963_BladderNeo_HE_-_2016-10-25_10.56.13.ndpi,F-9,15331.9,9089.3
TMA_963_BladderNeo_HE_-_2016-10-25_10.56.13.ndpi,F-10,16580.4,9239.1
TMA_963_BladderNeo_HE_-_2016-10-25_10.56.13.ndpi,G-1,3695.6,10063.1
TMA_963_BladderNeo_HE_-_2016-10-25_10.56.13.ndpi,G-2,5119,10013.2
TMA_963_BladderNeo_HE_-_2016-10-25_10.56.13.ndpi,G-3,6592.2,10138
TMA_963_BladderNeo_HE_-_2016-10-25_10.56.13.ndpi,G-4,8140.4,10163
TMA_963_BladderNeo_HE_-_2016-10-25_10.56.13.ndpi,G-5,9588.7,10262.9
TMA_963_BladderNeo_HE_-_2016-10-25_10.56.13.ndpi,G-6,10962,10287.8
TMA_963_BladderNeo_HE_-_2016-10-25_10.56.13.ndpi,G-7,12335.4,10462.6
TMA_963_BladderNeo_HE_-_2016-10-25_10.56.13.ndpi,G-8,13833.7,10462.6
TMA_963_BladderNeo_HE_-_2016-10-25_10.56.13.ndpi,G-9,15228.9,10558.8
TMA_963_BladderNeo_HE_-_2016-10-25_10.56.13.ndpi,G-10,16580.4,10537.5
TMA_963_BladderNeo_HE_-_2016-10-25_10.56.13.ndpi,H-1,3695.6,11436.5
TMA_963_BladderNeo_HE_-_2016-10-25_10.56.13.ndpi,H-2,5143.9,11561.3
TMA_963_BladderNeo_HE_-_2016-10-25_10.56.13.ndpi,H-3,6617.2,11511.4
TMA_963_BladderNeo_HE_-_2016-10-25_10.56.13.ndpi,H-4,8090.4,11761.1
TMA_963_BladderNeo_HE_-_2016-10-25_10.56.13.ndpi,H-5,9488.8,11586.3
TMA_963_BladderNeo_HE_-_2016-10-25_10.56.13.ndpi,H-6,10887.1,11886
TMA_963_BladderNeo_HE_-_2016-10-25_10.56.13.ndpi,H-7,12285.5,11886
TMA_963_BladderNeo_HE_-_2016-10-25_10.56.13.ndpi,H-8,13683.8,11985.8
TMA_963_BladderNeo_HE_-_2016-10-25_10.56.13.ndpi,H-9,15157.1,11960.9
TMA_963_BladderNeo_HE_-_2016-10-25_10.56.13.ndpi,H-10,16530.5,12160.6
TMA_963_BladderNeo_HE_-_2016-10-25_10.56.13.ndpi,I-1,3829.1,12959.7
TMA_963_BladderNeo_HE_-_2016-10-25_10.56.13.ndpi,I-2,5243.8,12984.7
TMA_963_BladderNeo_HE_-_2016-10-25_10.56.13.ndpi,I-3,6742,13134.5
TMA_963_BladderNeo_HE_-_2016-10-25_10.56.13.ndpi,I-4,8190.3,13109.5
TMA_963_BladderNeo_HE_-_2016-10-25_10.56.13.ndpi,I-5,9488.8,13159.4
TMA_963_BladderNeo_HE_-_2016-10-25_10.56.13.ndpi,I-6,10909.1,13255.3
TMA_963_BladderNeo_HE_-_2016-10-25_10.56.13.ndpi,I-7,12290.9,13411.9
TMA_963_BladderNeo_HE_-_2016-10-25_10.56.13.ndpi,I-8,13633.9,13384.2
TMA_963_BladderNeo_HE_-_2016-10-25_10.56.13.ndpi,I-9,15057.2,13559
TMA_963_BladderNeo_HE_-_2016-10-25_10.56.13.ndpi,I-10,16584.8,13527
TMA_963_BladderNeo_HE_-_2016-10-25_10.56.13.ndpi,J-1,3720.6,14383
TMA_963_BladderNeo_HE_-_2016-10-25_10.56.13.ndpi,J-2,5168.9,14532.8
TMA_963_BladderNeo_HE_-_2016-10-25_10.56.13.ndpi,J-3,6667.1,14557.8
TMA_963_BladderNeo_HE_-_2016-10-25_10.56.13.ndpi,J-4,8115.4,14657.7
TMA_963_BladderNeo_HE_-_2016-10-25_10.56.13.ndpi,J-5,9463.8,14632.7
TMA_963_BladderNeo_HE_-_2016-10-25_10.56.13.ndpi,J-6,10787.3,14757.6
TMA_963_BladderNeo_HE_-_2016-10-25_10.56.13.ndpi,J-7,12275.7,14762.7
TMA_963_BladderNeo_HE_-_2016-10-25_10.56.13.ndpi,J-8,13633.9,14757.6
TMA_963_BladderNeo_HE_-_2016-10-25_10.56.13.ndpi,J-9,14947.3,14902.2
TMA_963_BladderNeo_HE_-_2016-10-25_10.56.13.ndpi,J-10,16471.2,15067.8
TMA_963_BladderNeo_HE_-_2016-10-25_10.56.13.ndpi,K-1,3745.6,15881.2
TMA_963_BladderNeo_HE_-_2016-10-25_10.56.13.ndpi,K-2,5087.5,16046.8
TMA_963_BladderNeo_HE_-_2016-10-25_10.56.13.ndpi,K-3,6617.2,16031.1
TMA_963_BladderNeo_HE_-_2016-10-25_10.56.13.ndpi,K-4,8015.5,16141.1
TMA_963_BladderNeo_HE_-_2016-10-25_10.56.13.ndpi,K-5,9488.8,16180.9
TMA_963_BladderNeo_HE_-_2016-10-25_10.56.13.ndpi,K-6,10774.3,16361.1
TMA_963_BladderNeo_HE_-_2016-10-25_10.56.13.ndpi,K-7,12260.5,16280.8
TMA_963_BladderNeo_HE_-_2016-10-25_10.56.13.ndpi,K-8,13633.9,16480.5
TMA_963_BladderNeo_HE_-_2016-10-25_10.56.13.ndpi,K-9,15082.2,16330.7
TMA_963_BladderNeo_HE_-_2016-10-25_10.56.13.ndpi,K-10,16364.1,16425.1
TMA_963_BladderNeo_HE_-_2016-10-25_10.56.13.ndpi,L-1,3795.5,17454.4
TMA_963_BladderNeo_HE_-_2016-10-25_10.56.13.ndpi,L-2,5193.9,17641
TMA_963_BladderNeo_HE_-_2016-10-25_10.56.13.ndpi,L-3,6617.2,17699.5
TMA_963_BladderNeo_HE_-_2016-10-25_10.56.13.ndpi,L-4,8068.9,17600.7
TMA_963_BladderNeo_HE_-_2016-10-25_10.56.13.ndpi,L-5,9388.9,17853.9
TMA_963_BladderNeo_HE_-_2016-10-25_10.56.13.ndpi,L-6,10712.3,17828.9
TMA_963_BladderNeo_HE_-_2016-10-25_10.56.13.ndpi,L-7,12110.7,17953.8
TMA_963_BladderNeo_HE_-_2016-10-25_10.56.13.ndpi,L-8,13509,17853.9
TMA_963_BladderNeo_HE_-_2016-10-25_10.56.13.ndpi,L-9,14832.5,17853.9
TMA_963_BladderNeo_HE_-_2016-10-25_10.56.13.ndpi,L-10,16205.8,17928.8
TMA_963_U53_CK5-6_-_2016-10-25_11.59.52.ndpi,A-1,4220,973.85
TMA_963_U53_CK5-6_-_2016-10-25_11.59.52.ndpi,A-2,5696,840.56
TMA_963_U53_CK5-6_-_2016-10-25_11.59.52.ndpi,A-3,6975.2,1175.3
TMA_963_U53_CK5-6_-_2016-10-25_11.59.52.ndpi,A-4,8467.7,1002.5
TMA_963_U53_CK5-6_-_2016-10-25_11.59.52.ndpi,A-5,9953.1,1057.9
TMA_963_U53_CK5-6_-_2016-10-25_11.59.52.ndpi,A-6,11311.6,1032.2
TMA_963_U53_CK5-6_-_2016-10-25_11.59.52.ndpi,A-7,12859.8,998.82
TMA_963_U53_CK5-6_-_2016-10-25_11.59.52.ndpi,A-8,14283.1,1223.6
TMA_963_U53_CK5-6_-_2016-10-25_11.59.52.ndpi,A-9,15731.4,1373.4
TMA_963_U53_CK5-6_-_2016-10-25_11.59.52.ndpi,A-10,17004.9,1348.4
TMA_963_U53_CK5-6_-_2016-10-25_11.59.52.ndpi,B-1,4176.9,2570.3
TMA_963_U53_CK5-6_-_2016-10-25_11.59.52.ndpi,B-2,5515.8,2457.6
TMA_963_U53_CK5-6_-_2016-10-25_11.59.52.ndpi,B-3,7025.8,2530.5
TMA_963_U53_CK5-6_-_2016-10-25_11.59.52.ndpi,B-4,8465,2422.1
TMA_963_U53_CK5-6_-_2016-10-25_11.59.52.ndpi,B-5,9813.4,2522
TMA_963_U53_CK5-6_-_2016-10-25_11.59.52.ndpi,B-6,11211.7,2621.9
TMA_963_U53_CK5-6_-_2016-10-25_11.59.52.ndpi,B-7,12759.9,2547
TMA_963_U53_CK5-6_-_2016-10-25_11.59.52.ndpi,B-8,14258.1,2771.7
TMA_963_U53_CK5-6_-_2016-10-25_11.59.52.ndpi,B-9,15723.7,2934.4
TMA_963_U53_CK5-6_-_2016-10-25_11.59.52.ndpi,B-10,17091.3,3140.5
TMA_963_U53_CK5-6_-_2016-10-25_11.59.52.ndpi,C-1,3920.4,3870.4
TMA_963_U53_CK5-6_-_2016-10-25_11.59.52.ndpi,C-2,5328.8,4011.1
TMA_963_U53_CK5-6_-_2016-10-25_11.59.52.ndpi,C-3,6792,3905.5
TMA_963_U53_CK5-6_-_2016-10-25_11.59.52.ndpi,C-4,8306.7,3962.9
TMA_963_U53_CK5-6_-_2016-10-25_11.59.52.ndpi,C-5,9788.4,3970.3
TMA_963_U53_CK5-6_-_2016-10-25_11.59.52.ndpi,C-6,11184.8,4145.1
TMA_963_U53_CK5-6_-_2016-10-25_11.59.52.ndpi,C-7,12734.9,4070.2
TMA_963_U53_CK5-6_-_2016-10-25_11.59.52.ndpi,C-8,14233.2,4245
TMA_963_U53_CK5-6_-_2016-10-25_11.59.52.ndpi,C-9,15696.7,4367.5
TMA_963_U53_CK5-6_-_2016-10-25_11.59.52.ndpi,C-10,17063,4536.9
TMA_963_U53_CK5-6_-_2016-10-25_11.59.52.ndpi,D-1,3795.5,5318.7
TMA_963_U53_CK5-6_-_2016-10-25_11.59.52.ndpi,D-2,5190.6,5334.9
TMA_963_U53_CK5-6_-_2016-10-25_11.59.52.ndpi,D-3,6667.1,5343.7
TMA_963_U53_CK5-6_-_2016-10-25_11.59.52.ndpi,D-4,8140.4,5493.5
TMA_963_U53_CK5-6_-_2016-10-25_11.59.52.ndpi,D-5,9663.6,5468.5
TMA_963_U53_CK5-6_-_2016-10-25_11.59.52.ndpi,D-6,11086.9,5693.3
TMA_963_U53_CK5-6_-_2016-10-25_11.59.52.ndpi,D-7,12582.4,5568.4
TMA_963_U53_CK5-6_-_2016-10-25_11.59.52.ndpi,D-8,14096.6,5736.4
TMA_963_U53_CK5-6_-_2016-10-25_11.59.52.ndpi,D-9,15706.4,5768.2
TMA_963_U53_CK5-6_-_2016-10-25_11.59.52.ndpi,D-10,17103.1,6035.9
TMA_963_U53_CK5-6_-_2016-10-25_11.59.52.ndpi,E-1,3720.6,6866.9
TMA_963_U53_CK5-6_-_2016-10-25_11.59.52.ndpi,E-2,5191.5,6829.1
TMA_963_U53_CK5-6_-_2016-10-25_11.59.52.ndpi,E-3,6662.6,6932
TMA_963_U53_CK5-6_-_2016-10-25_11.59.52.ndpi,E-4,8160.8,6942.5
TMA_963_U53_CK5-6_-_2016-10-25_11.59.52.ndpi,E-5,9649.9,7062.9
TMA_963_U53_CK5-6_-_2016-10-25_11.59.52.ndpi,E-6,11061.9,7081.6
TMA_963_U53_CK5-6_-_2016-10-25_11.59.52.ndpi,E-7,12460.3,7191.5
TMA_963_U53_CK5-6_-_2016-10-25_11.59.52.ndpi,E-8,14008.4,7241.4
TMA_963_U53_CK5-6_-_2016-10-25_11.59.52.ndpi,E-9,15506.7,7441.2
TMA_963_U53_CK5-6_-_2016-10-25_11.59.52.ndpi,E-10,16979.9,7441.2
TMA_963_U53_CK5-6_-_2016-10-25_11.59.52.ndpi,F-1,3620.7,8265.2
TMA_963_U53_CK5-6_-_2016-10-25_11.59.52.ndpi,F-2,5068.8,8427.9
TMA_963_U53_CK5-6_-_2016-10-25_11.59.52.ndpi,F-3,6517.3,8315.2
TMA_963_U53_CK5-6_-_2016-10-25_11.59.52.ndpi,F-4,8050.3,8506.7
TMA_963_U53_CK5-6_-_2016-10-25_11.59.52.ndpi,F-5,9538.7,8490
TMA_963_U53_CK5-6_-_2016-10-25_11.59.52.ndpi,F-6,10924.2,8686.7
TMA_963_U53_CK5-6_-_2016-10-25_11.59.52.ndpi,F-7,12440.6,8625.4
TMA_963_U53_CK5-6_-_2016-10-25_11.59.52.ndpi,F-8,13933.5,8814.6
TMA_963_U53_CK5-6_-_2016-10-25_11.59.52.ndpi,F-9,15436.9,8837.2
TMA_963_U53_CK5-6_-_2016-10-25_11.59.52.ndpi,F-10,16910.5,9017.4
TMA_963_U53_CK5-6_-_2016-10-25_11.59.52.ndpi,G-1,3545.8,9838.4
TMA_963_U53_CK5-6_-_2016-10-25_11.59.52.ndpi,G-2,5003.3,9819.2
TMA_963_U53_CK5-6_-_2016-10-25_11.59.52.ndpi,G-3,6505,9936.4
TMA_963_U53_CK5-6_-_2016-10-25_11.59.52.ndpi,G-4,8065.5,9963.2
TMA_963_U53_CK5-6_-_2016-10-25_11.59.52.ndpi,G-5,9562.9,10052.3
TMA_963_U53_CK5-6_-_2016-10-25_11.59.52.ndpi,G-6,11012,10038.1
TMA_963_U53_CK5-6_-_2016-10-25_11.59.52.ndpi,G-7,12410.3,10237.9
TMA_963_U53_CK5-6_-_2016-10-25_11.59.52.ndpi,G-8,13933.5,10212.9
TMA_963_U53_CK5-6_-_2016-10-25_11.59.52.ndpi,G-9,15306.9,10387.7
TMA_963_U53_CK5-6_-_2016-10-25_11.59.52.ndpi,G-10,16780.2,10362.8
TMA_963_U53_CK5-6_-_2016-10-25_11.59.52.ndpi,H-1,3495.9,11211.7
TMA_963_U53_CK5-6_-_2016-10-25_11.59.52.ndpi,H-2,4956.7,11390.7
TMA_963_U53_CK5-6_-_2016-10-25_11.59.52.ndpi,H-3,6492.3,11311.6
TMA_963_U53_CK5-6_-_2016-10-25_11.59.52.ndpi,H-4,7965.6,11536.4
TMA_963_U53_CK5-6_-_2016-10-25_11.59.52.ndpi,H-5,9432.2,11379.1
TMA_963_U53_CK5-6_-_2016-10-25_11.59.52.ndpi,H-6,10837.2,11686.2
TMA_963_U53_CK5-6_-_2016-10-25_11.59.52.ndpi,H-7,12235.5,11611.3
TMA_963_U53_CK5-6_-_2016-10-25_11.59.52.ndpi,H-8,13712.7,11758.8
TMA_963_U53_CK5-6_-_2016-10-25_11.59.52.ndpi,H-9,15230.8,11770
TMA_963_U53_CK5-6_-_2016-10-25_11.59.52.ndpi,H-10,16655.3,11935.9
TMA_963_U53_CK5-6_-_2016-10-25_11.59.52.ndpi,I-1,3645.7,12809.9
TMA_963_U53_CK5-6_-_2016-10-25_11.59.52.ndpi,I-2,5063.4,12820.7
TMA_963_U53_CK5-6_-_2016-10-25_11.59.52.ndpi,I-3,6542.3,12959.7
TMA_963_U53_CK5-6_-_2016-10-25_11.59.52.ndpi,I-4,8015.5,12959.7
TMA_963_U53_CK5-6_-_2016-10-25_11.59.52.ndpi,I-5,9488.8,13084.5
TMA_963_U53_CK5-6_-_2016-10-25_11.59.52.ndpi,I-6,10912.1,13059.6
TMA_963_U53_CK5-6_-_2016-10-25_11.59.52.ndpi,I-7,12255.5,13227.8
TMA_963_U53_CK5-6_-_2016-10-25_11.59.52.ndpi,I-8,13633.9,13159.4
TMA_963_U53_CK5-6_-_2016-10-25_11.59.52.ndpi,I-9,15057.2,13359.2
TMA_963_U53_CK5-6_-_2016-10-25_11.59.52.ndpi,I-10,16556.2,13305
TMA_963_U53_CK5-6_-_2016-10-25_11.59.52.ndpi,J-1,3512.4,14215.4
TMA_963_U53_CK5-6_-_2016-10-25_11.59.52.ndpi,J-2,4969.1,14358
TMA_963_U53_CK5-6_-_2016-10-25_11.59.52.ndpi,J-3,6467.4,14333.1
TMA_963_U53_CK5-6_-_2016-10-25_11.59.52.ndpi,J-4,7915.6,14532.8
TMA_963_U53_CK5-6_-_2016-10-25_11.59.52.ndpi,J-5,9363.9,14532.8
TMA_963_U53_CK5-6_-_2016-10-25_11.59.52.ndpi,J-6,10762.3,14582.8
TMA_963_U53_CK5-6_-_2016-10-25_11.59.52.ndpi,J-7,11960.9,14582.8
TMA_963_U53_CK5-6_-_2016-10-25_11.59.52.ndpi,J-8,13477.4,14575.1
TMA_963_U53_CK5-6_-_2016-10-25_11.59.52.ndpi,J-9,14838,14711.9
TMA_963_U53_CK5-6_-_2016-10-25_11.59.52.ndpi,J-10,16400.8,14889.3
TMA_963_U53_CK5-6_-_2016-10-25_11.59.52.ndpi,K-1,3570.8,15681.5
TMA_963_U53_CK5-6_-_2016-10-25_11.59.52.ndpi,K-2,4919.2,15881.2
TMA_963_U53_CK5-6_-_2016-10-25_11.59.52.ndpi,K-3,6417.4,15831.3
TMA_963_U53_CK5-6_-_2016-10-25_11.59.52.ndpi,K-4,7845.5,15973.6
TMA_963_U53_CK5-6_-_2016-10-25_11.59.52.ndpi,K-5,9339,15981.1
TMA_963_U53_CK5-6_-_2016-10-25_11.59.52.ndpi,K-6,10712.3,16155.9
TMA_963_U53_CK5-6_-_2016-10-25_11.59.52.ndpi,K-7,12135.7,16106
TMA_963_U53_CK5-6_-_2016-10-25_11.59.52.ndpi,K-8,13559,16205.8
TMA_963_U53_CK5-6_-_2016-10-25_11.59.52.ndpi,K-9,14906.1,16120.9
TMA_963_U53_CK5-6_-_2016-10-25_11.59.52.ndpi,K-10,16260.8,16265.3
TMA_963_U53_CK5-6_-_2016-10-25_11.59.52.ndpi,L-1,3535,17367.1
TMA_963_U53_CK5-6_-_2016-10-25_11.59.52.ndpi,L-2,4942.1,17314
TMA_963_U53_CK5-6_-_2016-10-25_11.59.52.ndpi,L-3,6417.4,17504.3
TMA_963_U53_CK5-6_-_2016-10-25_11.59.52.ndpi,L-4,7865.7,17404.4
TMA_963_U53_CK5-6_-_2016-10-25_11.59.52.ndpi,L-5,9145.6,17638.4
TMA_963_U53_CK5-6_-_2016-10-25_11.59.52.ndpi,L-6,10562.5,17579.2
TMA_963_U53_CK5-6_-_2016-10-25_11.59.52.ndpi,L-7,11985.8,17729
TMA_963_U53_CK5-6_-_2016-10-25_11.59.52.ndpi,L-8,13409.2,17654.1
TMA_963_U53_CK5-6_-_2016-10-25_11.59.52.ndpi,L-9,14745.8,17730.7
TMA_963_U53_CK5-6_-_2016-10-25_11.59.52.ndpi,L-10,16130.9,17729
TMA_963_U4114_uv-GATA3_-_2016-10-25_11.39.51.ndpi,A-1,4694.5,2197.4
TMA_963_U4114_uv-GATA3_-_2016-10-25_11.39.51.ndpi,A-2,6217.7,1897.8
TMA_963_U4114_uv-GATA3_-_2016-10-25_11.39.51.ndpi,A-3,7474.8,2169.8
TMA_963_U4114_uv-GATA3_-_2016-10-25_11.39.51.ndpi,A-4,8983.3,1897.8
TMA_963_U4114_uv-GATA3_-_2016-10-25_11.39.51.ndpi,A-5,10462.6,1847.8
TMA_963_U4114_uv-GATA3_-_2016-10-25_11.39.51.ndpi,A-6,11857.6,1753.3
TMA_963_U4114_uv-GATA3_-_2016-10-25_11.39.51.ndpi,A-7,13359.2,1673
TMA_963_U4114_uv-GATA3_-_2016-10-25_11.39.51.ndpi,A-8,14832.5,1822.8
TMA_963_U4114_uv-GATA3_-_2016-10-25_11.39.51.ndpi,A-9,16305.7,1872.8
TMA_963_U4114_uv-GATA3_-_2016-10-25_11.39.51.ndpi,A-10,17679.1,1648.1
TMA_963_U4114_uv-GATA3_-_2016-10-25_11.39.51.ndpi,B-1,4782.5,3669.2
TMA_963_U4114_uv-GATA3_-_2016-10-25_11.39.51.ndpi,B-2,6164.1,3497.4
TMA_963_U4114_uv-GATA3_-_2016-10-25_11.39.51.ndpi,B-3,7618.9,3537.8
TMA_963_U4114_uv-GATA3_-_2016-10-25_11.39.51.ndpi,B-4,9089.3,3296.1
TMA_963_U4114_uv-GATA3_-_2016-10-25_11.39.51.ndpi,B-5,10487.6,3346
TMA_963_U4114_uv-GATA3_-_2016-10-25_11.39.51.ndpi,B-6,11886,3371
TMA_963_U4114_uv-GATA3_-_2016-10-25_11.39.51.ndpi,B-7,13384.2,3221.2
TMA_963_U4114_uv-GATA3_-_2016-10-25_11.39.51.ndpi,B-8,14907.4,3371
TMA_963_U4114_uv-GATA3_-_2016-10-25_11.39.51.ndpi,B-9,16375.3,3407.8
TMA_963_U4114_uv-GATA3_-_2016-10-25_11.39.51.ndpi,B-10,17654.1,3595.8
TMA_963_U4114_uv-GATA3_-_2016-10-25_11.39.51.ndpi,C-1,4644.5,5119
TMA_963_U4114_uv-GATA3_-_2016-10-25_11.39.51.ndpi,C-2,6092.8,5119
TMA_963_U4114_uv-GATA3_-_2016-10-25_11.39.51.ndpi,C-3,7516.1,4919.2
TMA_963_U4114_uv-GATA3_-_2016-10-25_11.39.51.ndpi,C-4,9064.3,4894.2
TMA_963_U4114_uv-GATA3_-_2016-10-25_11.39.51.ndpi,C-5,10537.5,4769.4
TMA_963_U4114_uv-GATA3_-_2016-10-25_11.39.51.ndpi,C-6,11986.3,4891.9
TMA_963_U4114_uv-GATA3_-_2016-10-25_11.39.51.ndpi,C-7,13459.1,4719.4
TMA_963_U4114_uv-GATA3_-_2016-10-25_11.39.51.ndpi,C-8,15015.4,4847.8
TMA_963_U4114_uv-GATA3_-_2016-10-25_11.39.51.ndpi,C-9,16455.6,4869.2
TMA_963_U4114_uv-GATA3_-_2016-10-25_11.39.51.ndpi,C-10,17993.2,4942.8
TMA_963_U4114_uv-GATA3_-_2016-10-25_11.39.51.ndpi,D-1,4644.5,6492.3
TMA_963_U4114_uv-GATA3_-_2016-10-25_11.39.51.ndpi,D-2,6056.2,6439
TMA_963_U4114_uv-GATA3_-_2016-10-25_11.39.51.ndpi,D-3,7541.1,6367.5
TMA_963_U4114_uv-GATA3_-_2016-10-25_11.39.51.ndpi,D-4,8989.4,6417.4
TMA_963_U4114_uv-GATA3_-_2016-10-25_11.39.51.ndpi,D-5,10512.6,6317.5
TMA_963_U4114_uv-GATA3_-_2016-10-25_11.39.51.ndpi,D-6,11960.9,6442.4
TMA_963_U4114_uv-GATA3_-_2016-10-25_11.39.51.ndpi,D-7,13484.1,6242.6
TMA_963_U4114_uv-GATA3_-_2016-10-25_11.39.51.ndpi,D-8,14987.8,6364.9
TMA_963_U4114_uv-GATA3_-_2016-10-25_11.39.51.ndpi,D-9,16603.9,6212.4
TMA_963_U4114_uv-GATA3_-_2016-10-25_11.39.51.ndpi,D-10,18003.7,6242.6
TMA_963_U4114_uv-GATA3_-_2016-10-25_11.39.51.ndpi,E-1,4719.4,8065.5
TMA_963_U4114_uv-GATA3_-_2016-10-25_11.39.51.ndpi,E-2,6181.2,7926.4
TMA_963_U4114_uv-GATA3_-_2016-10-25_11.39.51.ndpi,E-3,7641,7965.6
TMA_963_U4114_uv-GATA3_-_2016-10-25_11.39.51.ndpi,E-4,9114.2,7865.7
TMA_963_U4114_uv-GATA3_-_2016-10-25_11.39.51.ndpi,E-5,10612.5,7890.7
TMA_963_U4114_uv-GATA3_-_2016-10-25_11.39.51.ndpi,E-6,12035.8,7840.7
TMA_963_U4114_uv-GATA3_-_2016-10-25_11.39.51.ndpi,E-7,13509,7790.8
TMA_963_U4114_uv-GATA3_-_2016-10-25_11.39.51.ndpi,E-8,15032.2,7740.9
TMA_963_U4114_uv-GATA3_-_2016-10-25_11.39.51.ndpi,E-9,16530.5,7865.7
TMA_963_U4114_uv-GATA3_-_2016-10-25_11.39.51.ndpi,E-10,18028.7,7740.9
TMA_963_U4114_uv-GATA3_-_2016-10-25_11.39.51.ndpi,F-1,4694.5,9463.8
TMA_963_U4114_uv-GATA3_-_2016-10-25_11.39.51.ndpi,F-2,6167.7,9588.7
TMA_963_U4114_uv-GATA3_-_2016-10-25_11.39.51.ndpi,F-3,7616,9363.9
TMA_963_U4114_uv-GATA3_-_2016-10-25_11.39.51.ndpi,F-4,9114.2,9438.8
TMA_963_U4114_uv-GATA3_-_2016-10-25_11.39.51.ndpi,F-5,10612.5,9339
TMA_963_U4114_uv-GATA3_-_2016-10-25_11.39.51.ndpi,F-6,12035.8,9413.9
TMA_963_U4114_uv-GATA3_-_2016-10-25_11.39.51.ndpi,F-7,13559,9264.1
TMA_963_U4114_uv-GATA3_-_2016-10-25_11.39.51.ndpi,F-8,15057.2,9314
TMA_963_U4114_uv-GATA3_-_2016-10-25_11.39.51.ndpi,F-9,16605.4,9264.1
TMA_963_U4114_uv-GATA3_-_2016-10-25_11.39.51.ndpi,F-10,18028.7,9289
TMA_963_U4114_uv-GATA3_-_2016-10-25_11.39.51.ndpi,G-1,4694.5,11061.9
TMA_963_U4114_uv-GATA3_-_2016-10-25_11.39.51.ndpi,G-2,6167.7,10937.1
TMA_963_U4114_uv-GATA3_-_2016-10-25_11.39.51.ndpi,G-3,7700.1,10974.7
TMA_963_U4114_uv-GATA3_-_2016-10-25_11.39.51.ndpi,G-4,9264.1,10887.1
TMA_963_U4114_uv-GATA3_-_2016-10-25_11.39.51.ndpi,G-5,10762.3,10887.1
TMA_963_U4114_uv-GATA3_-_2016-10-25_11.39.51.ndpi,G-6,12135.7,10787.3
TMA_963_U4114_uv-GATA3_-_2016-10-25_11.39.51.ndpi,G-7,13683.8,10837.2
TMA_963_U4114_uv-GATA3_-_2016-10-25_11.39.51.ndpi,G-8,15157.1,10712.3
TMA_963_U4114_uv-GATA3_-_2016-10-25_11.39.51.ndpi,G-9,16577.3,10772.3
TMA_963_U4114_uv-GATA3_-_2016-10-25_11.39.51.ndpi,G-10,18028.7,10637.4
TMA_963_U4114_uv-GATA3_-_2016-10-25_11.39.51.ndpi,H-1,4744.4,12460.3
TMA_963_U4114_uv-GATA3_-_2016-10-25_11.39.51.ndpi,H-2,6217.7,12535.2
TMA_963_U4114_uv-GATA3_-_2016-10-25_11.39.51.ndpi,H-3,7765.8,12335.4
TMA_963_U4114_uv-GATA3_-_2016-10-25_11.39.51.ndpi,H-4,9289,12485.2
TMA_963_U4114_uv-GATA3_-_2016-10-25_11.39.51.ndpi,H-5,10762.3,12185.6
TMA_963_U4114_uv-GATA3_-_2016-10-25_11.39.51.ndpi,H-6,12210.6,12410.3
TMA_963_U4114_uv-GATA3_-_2016-10-25_11.39.51.ndpi,H-7,13608.9,12260.5
TMA_963_U4114_uv-GATA3_-_2016-10-25_11.39.51.ndpi,H-8,15107.1,12260.5
TMA_963_U4114_uv-GATA3_-_2016-10-25_11.39.51.ndpi,H-9,16632.7,12162.6
TMA_963_U4114_uv-GATA3_-_2016-10-25_11.39.51.ndpi,H-10,18053.7,12160.6
TMA_963_U4114_uv-GATA3_-_2016-10-25_11.39.51.ndpi,I-1,5019.1,14033.4
TMA_963_U4114_uv-GATA3_-_2016-10-25_11.39.51.ndpi,I-2,6467.4,13908.6
TMA_963_U4114_uv-GATA3_-_2016-10-25_11.39.51.ndpi,I-3,7990.6,13983.5
TMA_963_U4114_uv-GATA3_-_2016-10-25_11.39.51.ndpi,I-4,9488.8,13858.6
TMA_963_U4114_uv-GATA3_-_2016-10-25_11.39.51.ndpi,I-5,10962,13908.6
TMA_963_U4114_uv-GATA3_-_2016-10-25_11.39.51.ndpi,I-6,12385.4,13783.7
TMA_963_U4114_uv-GATA3_-_2016-10-25_11.39.51.ndpi,I-7,13754.5,13845.9
TMA_963_U4114_uv-GATA3_-_2016-10-25_11.39.51.ndpi,I-8,15157.1,13683.8
TMA_963_U4114_uv-GATA3_-_2016-10-25_11.39.51.ndpi,I-9,16630.3,13733.8
TMA_963_U4114_uv-GATA3_-_2016-10-25_11.39.51.ndpi,I-10,18078.6,13559
TMA_963_U4114_uv-GATA3_-_2016-10-25_11.39.51.ndpi,J-1,5059.8,15458.3
TMA_963_U4114_uv-GATA3_-_2016-10-25_11.39.51.ndpi,J-2,6542.3,15506.7
TMA_963_U4114_uv-GATA3_-_2016-10-25_11.39.51.ndpi,J-3,8065.5,15381.8
TMA_963_U4114_uv-GATA3_-_2016-10-25_11.39.51.ndpi,J-4,9538.7,15431.8
TMA_963_U4114_uv-GATA3_-_2016-10-25_11.39.51.ndpi,J-5,10964.7,15308.5
TMA_963_U4114_uv-GATA3_-_2016-10-25_11.39.51.ndpi,J-6,12260.5,15232
TMA_963_U4114_uv-GATA3_-_2016-10-25_11.39.51.ndpi,J-7,13733.8,15157.1
TMA_963_U4114_uv-GATA3_-_2016-10-25_11.39.51.ndpi,J-8,15175.2,15094.1
TMA_963_U4114_uv-GATA3_-_2016-10-25_11.39.51.ndpi,J-9,16580.4,15132.1
TMA_963_U4114_uv-GATA3_-_2016-10-25_11.39.51.ndpi,J-10,18124,15121.8
TMA_963_U4114_uv-GATA3_-_2016-10-25_11.39.51.ndpi,K-1,5268.8,16979.9
TMA_963_U4114_uv-GATA3_-_2016-10-25_11.39.51.ndpi,K-2,6667.1,17054.8
TMA_963_U4114_uv-GATA3_-_2016-10-25_11.39.51.ndpi,K-3,8167.7,16854.7
TMA_963_U4114_uv-GATA3_-_2016-10-25_11.39.51.ndpi,K-4,9613.6,16880.1
TMA_963_U4114_uv-GATA3_-_2016-10-25_11.39.51.ndpi,K-5,11136.8,16805.1
TMA_963_U4114_uv-GATA3_-_2016-10-25_11.39.51.ndpi,K-6,12510.2,16880.1
TMA_963_U4114_uv-GATA3_-_2016-10-25_11.39.51.ndpi,K-7,13958.5,16730.2
TMA_963_U4114_uv-GATA3_-_2016-10-25_11.39.51.ndpi,K-8,15431.8,16705.3
TMA_963_U4114_uv-GATA3_-_2016-10-25_11.39.51.ndpi,K-9,16780.2,16505.5
TMA_963_U4114_uv-GATA3_-_2016-10-25_11.39.51.ndpi,K-10,18128.6,16455.6
TMA_963_U4114_uv-GATA3_-_2016-10-25_11.39.51.ndpi,L-1,5485.8,18612.6
TMA_963_U4114_uv-GATA3_-_2016-10-25_11.39.51.ndpi,L-2,6816.9,18478.2
TMA_963_U4114_uv-GATA3_-_2016-10-25_11.39.51.ndpi,L-3,8315.2,18528.1
TMA_963_U4114_uv-GATA3_-_2016-10-25_11.39.51.ndpi,L-4,9738.5,18303.4
TMA_963_U4114_uv-GATA3_-_2016-10-25_11.39.51.ndpi,L-5,11136.8,18503.1
TMA_963_U4114_uv-GATA3_-_2016-10-25_11.39.51.ndpi,L-6,12510.2,18303.4
TMA_963_U4114_uv-GATA3_-_2016-10-25_11.39.51.ndpi,L-7,13958.5,18353.3
TMA_963_U4114_uv-GATA3_-_2016-10-25_11.39.51.ndpi,L-8,15381.8,18153.5
TMA_963_U4114_uv-GATA3_-_2016-10-25_11.39.51.ndpi,L-9,16832,18093.2
TMA_963_U4114_uv-GATA3_-_2016-10-25_11.39.51.ndpi,L-10,18253.4,18003.7
