,TMA.core,Density of nucleus_mean,Density of nucleus_max,Density of nucleus_min,Density of nucleus_CoV,Density of clusters,Number of triangles,Perimeter of triangle_mean,Perimeter of triangle_max,Perimeter of triangle_min,Perimeter of triangle_CoV,Area of triangle_mean,Area of triangle_max,Area of triangle_min,Area of triangle_CoV,COrE_corrln_mean,COrE_IDM_mean,COrE_dissimilarity_mean,COrE_entropy_mean,COrE_energy_mean,COrE_diffEntropy_mean,COrE_contrast_mean,COrE_diffVariance_mean,COrE_Homogeneity1_mean,COrE_Homogeneity2_mean,COrE_SumAverage_mean,COrE_SumEntropy_mean,COrE_SumVariance_mean,COrE_corrln_max,COrE_IDM_max,COrE_dissimilarity_max,COrE_entropy_max,COrE_energy_max,COrE_diffEntropy_max,COrE_contrast_max,COrE_diffVariance_max,COrE_Homogeneity1_max,COrE_Homogeneity2_max,COrE_SumAverage_max,COrE_SumEntropy_max,COrE_SumVariance_max,COrE_corrln_min,COrE_IDM_min,COrE_dissimilarity_min,COrE_entropy_min,COrE_energy_min,COrE_diffEntropy_min,COrE_contrast_min,COrE_diffVariance_min,COrE_Homogeneity1_min,COrE_Homogeneity2_min,COrE_SumAverage_min,COrE_SumEntropy_min,COrE_SumVariance_min
1,I-6,0.02648830745397,0.0395561987457791,0.02648830745397,0.840735662276274,2229.57463263105,4691,54.5050867981731,851.397114198734,10.0365405964303,0.803167826356736,135.774873161373,12277.5749999998,2.43000000007946,2.75597953701343,-0.0398197934030076,0.000361491549916379,4.97312271025631,4.88127237194379,0.102924637302595,2.57076948848387,42.2752830820264,0.00242204929647768,-0.00905054685524289,0.202307594488569,14.1084183700039,3.11795355091886,161.691425952093,-0.0256311068229911,0.000636942675159236,5.2076241299708,5.3434206670911,0.125753491251007,2.62029685355413,44.6265296133137,0.00268662548496683,-0.00431731650173799,0.230161873057897,15.5350318471338,3.22072520731737,189.912272129101,-0.0531846963266242,0,4.74649681528663,4.52509259224437,0.0775645627394214,2.52271770690221,38.4178343949045,0.00199636399171703,-0.0119564088216009,0.151175212231736,12.1879588839941,3.02771930005475,124.029335191384
2,I-7,0.0204106975998383,0.0487195502810743,0.0204106975998383,1.07984949747022,2113.25109823533,5398,57.2092824982054,1521.54768347574,10.8074616242063,1.22842021188029,166.612995553909,33115.7600000004,1.64999999999988,5.15645774650528,-0.0371614320044872,0.000107933425807156,5.04564127797012,5.01955583775169,0.094912605411469,2.58933688996837,42.1646639098023,0.00222329719014156,-0.00760217662980326,0.189811689184195,14.1407529877001,3.14664176672805,161.015554540601,-0.023824298292365,0.000302030073565896,5.48474363007235,5.22715030611117,0.11249809802064,2.65532888045511,48.9789241899969,0.00272214313985982,-0.00476397195905806,0.233363830702636,15.0193514982849,3.19047779495412,177.876446923856,-0.0487572846426121,0,4.6958981612447,4.68489956959591,0.0843096273913967,2.52517983893715,38.0990099009901,0.0018229167141348,-0.0118817938596651,0.157011127756424,12.490720352312,3.05522805322075,131.00889448008
3,J-7,0.0142876806708206,0.0280442804428044,0.0142876806708206,1.36164647138357,1584.54352184003,6725,53.4000097879676,1366.70085449546,13.1057796713338,0.864408278728125,123.804148698885,9782.41499999976,1.81999999998672,2.45356952491182,-0.0292662198219979,0.000106871535830165,4.85269012089233,5.18091514081981,0.0870841599646373,2.5543090779273,38.5894781775182,0.00242032377259379,-0.00596804870268992,0.173931958988065,13.3901774554182,3.14167112585682,141.4652632163,-0.0224834794597231,0.000213743071660329,5.05017332603539,5.20137471851982,0.0880409756992875,2.58253678211371,40.5706987775953,0.00266492274328774,-0.00485691468426175,0.189730538442203,13.6119549838158,3.16591898691548,145.133489166117,-0.0360489601842728,0,4.65520691574926,5.1604555631198,0.086127344229987,2.52608137374089,36.608257577441,0.00217572480189983,-0.00707918272111809,0.158133379533926,13.1683999270206,3.11742326479815,137.797037266482
4,K-10,0.0168424797808115,0.0559190957763236,0.0168424797808115,1.34646715770318,1570.60197153595,8091,49.8232057654332,567.015749911096,11.7715756966097,0.7483089345678,117.870816957113,7160.83499999996,2.25500000001057,2.01847039504618,-0.0306345719581113,0.000265025733367495,4.61893451125655,4.98825114495431,0.0994756691601325,2.50606689303119,36.9081883785058,0.00285847964067648,-0.007348253816119,0.184486170263608,13.5001004542674,3.07062734152519,144.16771724465,-0.0217398032402292,0.00088339222614841,5.12720848056538,5.28068430274988,0.13084363890599,2.59615065219702,44.5583038869258,0.00393013744184778,-0.00477925333185382,0.244985694772987,14.9487632508834,3.17814839516398,180.536123799002,-0.052225029519498,0,3.94507111329083,4.45636271666832,0.0848387865293085,2.32973225446302,26.8288376655223,0.00220284538713839,-0.013320993572187,0.158053357297442,11.8548307994115,2.86000877854315,105.266327805355
5,J-9,0.0540399321001027,0.0911680911680912,0.0540399321001027,0.55158924103207,2691.21396811458,1948,91.071898212551,1168.82832293663,14.94420890658,0.93574306387536,353.655433778234,12766.9550000004,3.53500000000073,2.16743481891495,-0.103827512408696,0.000193741086564594,3.91119419227317,3.07176505743043,0.284351872553615,1.68634106085223,34.7795984865495,0.0109229841160807,-0.0312420042854794,0.274724316707409,12.3883690877477,2.05643872591672,143.122291012889,-0.0329674488765256,0.00135618760595216,6.50127877237852,5.03442167457031,0.451553583226289,2.5991667751128,65.0281329923274,0.0195603355952236,-0.00610866532739911,0.311186533061672,17.4936061381074,3.16480761407647,286.858362789968,-0.220299591595449,0,0.973638720829732,1.77577377579209,0.0902662768612639,1.03050247504179,1.4256698357822,0.00229531164047117,-0.0479446323849956,0.174289637179855,7.31264916467781,1.31753566358421,60.9963810208926
6,F-9,0.0272378550599197,0.0595348837209302,0.0272378550599197,0.728750764130614,1897.87363625842,6295,57.3771286138532,684.949734091236,12.9826821917924,0.855489843170854,151.698355043685,21063.8050000003,2.53499999999735,3.20493816339222,-0.0406181022522877,0.000244118536922063,4.80247063275576,4.81689830604823,0.111123086382217,2.52554603322523,39.4361049547893,0.00267416385766762,-0.00972528588277284,0.208192294312071,14.110872633506,3.06923909894756,160.362056526928,-0.0210798725951104,0.000780250980732135,5.85314685314685,5.35031646934609,0.157428270809042,2.69263864847395,54.5594405594406,0.00457271081308166,-0.00463518856653685,0.256590312777609,16.9441036866859,3.24518608489832,231.177480520724,-0.0709929685760819,0,3.62845303867403,4.12907430076909,0.0792559390612148,2.25658073137515,23.7502109704641,0.00157943924966376,-0.0156150148238391,0.156100989182715,10.7995758218452,2.75216448298714,93.752472840772
7,G-1,0.113207547169811,0.113207547169811,0.113207547169811,NA,1536.48972094109,2077,100.234086849416,634.585622416304,13.5471734781924,0.586419623066441,419.532140105922,5713.93999999995,7.72499999997618,1.21482223136342,-0.116174577493196,0,4.94541361845808,3.45368396055218,0.204710485124691,2.08633228780388,45.1592571750141,0.00506584170559218,-0.019880339080684,0.2588430025368,12.458075407991,2.4506003598063,135.908209973351,-0.116174577493196,0,4.94541361845808,3.45368396055218,0.204710485124691,2.08633228780388,45.1592571750141,0.00506584170559218,-0.019880339080684,0.2588430025368,12.458075407991,2.4506003598063,135.908209973351,-0.116174577493196,0,4.94541361845808,3.45368396055218,0.204710485124691,2.08633228780388,45.1592571750141,0.00506584170559218,-0.019880339080684,0.2588430025368,12.458075407991,2.4506003598063,135.908209973351
8,F-2,0.000274742072220488,0.000274742072220488,0.000274742072220488,NA,1169.05955289935,23987,31.563037414212,786.072214042801,9.02850028765526,0.686021533338622,43.3392318755992,4036.57,0.0349999995533488,1.42886089074772,-0.0271766909192731,0.000197852299894183,5.15263212289327,5.29085599912368,0.0834244975886228,2.61666941643551,42.9737523932283,0.00201037441882106,-0.00459972279188567,0.155233617340289,15.0369780222173,3.20178741778732,180.771519237925,-0.0271766909192731,0.000197852299894183,5.15263212289327,5.29085599912368,0.0834244975886228,2.61666941643551,42.9737523932283,0.00201037441882106,-0.00459972279188567,0.155233617340289,15.0369780222173,3.20178741778732,180.771519237925,-0.0271766909192731,0.000197852299894183,5.15263212289327,5.29085599912368,0.0834244975886228,2.61666941643551,42.9737523932283,0.00201037441882106,-0.00459972279188567,0.155233617340289,15.0369780222173,3.20178741778732,180.771519237925
9,B-10,0.000343444326624726,0.000343444326624726,0.000343444326624726,NA,1312.19855389958,13817,38.3609660536886,798.901327069264,10.5385296363196,0.623857639238104,65.3256705507707,4611.38000000009,0.49999999980351,1.43726849914796,-0.0278508935856759,0.000673262859495686,5.35467055748674,5.33546370661624,0.078155149174648,2.6462350660791,46.4208350046161,0.00186539710210786,-0.00431294057051255,0.150988046266332,14.2946647336666,3.23961114294438,166.119384808085,-0.0278508935856759,0.000673262859495686,5.35467055748674,5.33546370661624,0.078155149174648,2.6462350660791,46.4208350046161,0.00186539710210786,-0.00431294057051255,0.150988046266332,14.2946647336666,3.23961114294438,166.119384808085,-0.0278508935856759,0.000673262859495686,5.35467055748674,5.33546370661624,0.078155149174648,2.6462350660791,46.4208350046161,0.00186539710210786,-0.00431294057051255,0.150988046266332,14.2946647336666,3.23961114294438,166.119384808085
10,E-6,0.0311729603294246,0.1,0.0311729603294246,0.877151108836026,1118.88108762956,7587,55.6142751486636,1047.5803764836,11.3898546412693,0.623955145234222,139.538275998418,5410.62500000002,2.09999999999918,1.38170438680791,-0.0460918857602292,0.000171039646436704,4.78767554378362,4.79289838140227,0.108812838635481,2.50613688765405,39.1163117651848,0.00282481025550739,-0.00960482240376524,0.207979814619935,13.2995990035191,3.04901219403873,142.577918606584,-0.0299845226476776,0.000829875518672199,5.88622581576668,5.32976735794271,0.148693900476743,2.63930466192123,51.7516604100491,0.00421717517314508,-0.00464954948114491,0.254683404210575,15.8665896621427,3.22216180182741,205.385558757863,-0.0814700114246446,0,3.99677679290895,4.16316557660157,0.0797512944391902,2.31483854090467,28.7574536663981,0.00153151141363312,-0.0151731848006955,0.156629556160593,11.222433460076,2.7849616944362,97.5810892321268
11,H-7,0.0116074896830381,0.0247170728320489,0.0116074896830381,0.893732838393003,1403.51665130143,8352,51.4815884673851,771.572293091455,11.4392662971889,0.767044762709938,124.742561063218,14759.7250000001,3.12499999998823,2.81109623712087,-0.0312128118711182,0.000234788247511139,4.75149917942563,5.04121823882684,0.0949123549803323,2.53276826170683,37.8409234597342,0.00260763443103026,-0.00619573185137216,0.173040723374769,13.6001824915328,3.10345915787015,145.948849930889,-0.0286711965999138,0.000498968797817843,5.22659401904921,5.30298054094271,0.125684378511776,2.62641857687287,44.1471946096577,0.00427329233362463,-0.00443381979376964,0.201242792859385,14.3790832279955,3.20626036518223,164.56882911165,-0.0354983602929808,0,3.60846782645148,4.53290167498686,0.0788875530754291,2.29695757793075,22.8687207433801,0.00197986846432238,-0.00907893068407344,0.152577296613422,12.8234472158178,2.8532164814435,120.930188321686
12,B-4,0.0232144715025144,0.0371621621621622,0.0232144715025144,0.851633417105861,1443.56368382488,6794,51.3048970371126,601.985329231227,8.82351745931147,0.560752347306194,116.381075949367,1864.105,2.00999999999961,1.07569157713352,-0.0357412346224966,0.000135412028387116,4.23598119176696,4.8392136754791,0.104700730296459,2.39603789651028,30.2020456663473,0.00337359299057589,-0.00871953875888441,0.196657327317265,13.5100569279276,2.98141089194689,140.178715157881,-0.0238280555450666,0.000406236085161347,5.17698293843403,5.36427604288086,0.136595905110451,2.6189629639359,43.3630616729539,0.00484020241542358,-0.00436581847708756,0.23699577520199,15.0822467256101,3.21997995420447,182.058014765279,-0.0461436011816606,0,3.47498594716133,4.29531803740759,0.0794101758405139,2.23054184666272,22.4969083754918,0.00200570294662932,-0.0133679642786474,0.152306912252044,12.1225407532322,2.77177627567133,108.317789072427
13,F-1,0.0301081109424343,0.0614754098360656,0.0301081109424343,0.566208995653154,1579.13368909716,6779,56.6795880312276,1035.12674149491,10.9181877984009,0.917569625375265,145.10355067119,12602.94,1.11499999999867,2.47360528871571,-0.0446072864508372,0.000748366912751841,5.12721584815632,4.92975822131827,0.100735849161332,2.56538443114805,43.7998214980545,0.00236752159515921,-0.00928132696873535,0.208111408351162,14.4279250771629,3.1218669216741,170.479342299592,-0.0214806915139804,0.00741289844329133,7.02149740548555,5.37155044760125,0.148789087434202,2.81091875748662,80.3973313565604,0.00392128851354494,-0.00512900263228573,0.265083622508099,19.2447058823529,3.35790474142681,305.770569522474,-0.0834514901803211,0,3.78973407544836,4.11968390775603,0.0771822092557963,2.29239525872129,22.5936920222635,0.000984808373639697,-0.0175308791602859,0.162162746432434,11.9921011058452,2.85082312199504,112.923937493638
14,B-2,0.0379763126047096,0.0645161290322581,0.0379763126047096,0.639283557282241,1271.55185438561,9782,43.3602735497794,1124.35328364837,8.09369690408137,0.934886634565453,98.0721084645267,11359.1249999999,1.2449999999992,2.47691022092795,-0.0498527545601072,0.000134851560350576,5.10761412511633,4.81498264268323,0.107541962763859,2.53592511128268,43.7817283524448,0.00264234261180179,-0.0104262676198301,0.215811375933217,13.6788433511265,3.07285332831268,154.750107643064,-0.0265693059995462,0.000869565217391304,5.90919674039581,5.35527054509021,0.166911670655682,2.68867792445033,63.2176949941793,0.00474476115144417,-0.00446254148333128,0.268307986227367,16.7373913043478,3.24719481362402,228.095066688385,-0.0807291451878351,0,3.61081766321572,3.99046376371695,0.0815128032625656,2.25103603097385,23.6585675047539,0.00149852738174361,-0.0185489638021269,0.15384081775414,11.3251396648045,2.79644551737287,98.121423837135
15,C-5,0.00579252059359658,0.0112291350531108,0.00579252059359658,1.32732094393208,1531.56399675604,14227,36.274018137432,708.308636405905,8.91069261849132,0.789905298743256,61.7540412595769,5669.22000000006,0.305000000032989,2.43337628955964,-0.0289336603360305,0.000803503186116083,5.24965596304482,5.25503152062714,0.0857360837496531,2.63398025219026,45.8518014449338,0.00199719291260527,-0.00524552027307379,0.164768012702432,14.6704468891616,3.21656176450149,174.471185580564,-0.0273883249059279,0.0013428612536569,5.35581027288859,5.27880204452509,0.0883117256657713,2.65080753045624,48.7875881252698,0.00201632593212526,-0.00460676470843707,0.174359716086595,14.7784267503629,3.23096856583103,174.637955723697,-0.0304789957661332,0.000264145118575268,5.14350165320106,5.23126099672919,0.0831604418335348,2.61715297392428,42.9160147645979,0.00197805989308528,-0.0058842758377105,0.155176309318268,14.5624670279603,3.20215496317195,174.304415437432
16,A-9,0.0373989589785891,0.0824561403508772,0.0373989589785891,0.6270256973458,1188.40012649913,5547,61.1422702000382,1146.42991360931,13.4167385006412,0.702976402598193,172.882454479899,3516.9149999998,3.18000000000085,1.33478240886664,-0.0465246417105493,4.82738550885654E-05,4.96286251553776,4.85931720765229,0.105197301464383,2.54340707946198,39.9364989256591,0.00236410880310134,-0.00943017607186306,0.20924341543609,14.0925894179797,3.09452307609327,159.653481583881,-0.0198047239020383,0.000245760629147211,5.85393794749403,5.28466122073399,0.133258821954663,2.70639493360711,52.9050119331742,0.0035372490438008,-0.00571540860154991,0.254584246856952,17.1441543700341,3.28221275717446,232.487531789322,-0.0903231559817578,0,4.045611547752,4.26718984240366,0.081267632489948,2.38792777407494,28.3625242682054,0.00145508578664666,-0.0155809535293205,0.17029732138237,11.4170557876628,2.8743835258747,110.4851481657
17,B-3,0.0395241402174977,0.0914285714285714,0.0395241402174977,0.843639799529011,1103.21984229837,6104,62.513124197623,600.075241370054,13.5463083910016,0.499829145823962,166.740776539974,2458.48500000002,3.51000000086542,1.02734580824873,-0.040064710815956,0.00032289686037127,5.1357815890579,4.89968054919113,0.103366860014896,2.58981623316391,44.4017815094174,0.00233326566266832,-0.00960212500303287,0.210516119788541,15.3705947001304,3.14031231927402,191.528865458869,-0.0202614312502498,0.000929368029739777,6.048230504228,5.26552337240173,0.134743566957931,2.73607231613702,56.5217391304348,0.00399642464209367,-0.00502025196138608,0.248010261242442,17.2210144927536,3.31846439292938,245.748864450695,-0.0606091361121029,0,4.03006556852711,4.41190614145536,0.0825853114493228,2.39101371089262,30.8114505037582,0.0012961999828496,-0.0142860370180456,0.161232580661576,14.1331086773378,2.93995102456328,159.438142572286
18,C-8,0.0118405516877646,0.0231044581841848,0.0118405516877646,1.34534012878814,1670.36278402741,6845,49.9456491964266,1237.25903908272,12.9774120338405,0.801778637620238,110.08084806428,15709.755,2.22000000001266,2.86425635293761,-0.0356266752222361,0.000173776511140097,4.93651191566857,5.02621258327839,0.0928133964938034,2.57462071914235,41.171888220562,0.00238934512922987,-0.00657197663088876,0.178317462501197,13.4868510926555,3.12972409505116,145.737262877413,-0.0326890391083727,0.000347553022280193,5.20270804186345,5.21523629224124,0.100693660656463,2.62801091519211,44.4785132832293,0.00279414491908442,-0.00478132718093232,0.199518071086309,13.7549473684211,3.19216707640651,149.279422338044,-0.0385643113360995,0,4.67031578947369,4.83718887431553,0.084933132331144,2.5212305230926,37.8652631578947,0.00198454533937532,-0.0083626260808452,0.157116853916085,13.21875481689,3.06728111369581,142.195103416782
19,I-8,0.0392831747122653,0.105691056910569,0.0392831747122653,0.901446259948291,1439.44367458366,6350,60.7035937506221,732.231446690735,10.1788298919894,0.800677317717685,178.641651968504,15762.4800000001,0.340000000003989,2.80385585692645,-0.0462863413657084,0.000410039904185698,5.00477265717952,4.80073961002315,0.106237018707447,2.53946953301152,41.9471904062161,0.00256540845934618,-0.0100670010728113,0.21163452144206,14.2086685609823,3.0792086475998,163.112477492494,-0.0262800135157574,0.00163934426229508,6.48415300546448,5.3109924679262,0.139219597189017,2.78867824716751,64.527868852459,0.00560937205371562,-0.00447933495751359,0.258517053651053,16.7224043715847,3.32144601755323,237.641958806904,-0.0774086044761797,0,3.39540926808142,4.24177497008351,0.0792771879155106,2.14826601312238,23.424859246427,0.00107232382667679,-0.0154698192176566,0.153363655000724,12.5707434052758,2.70389644463155,120.860529901595
20,D-9,0.000384613031851379,0.000384613031851379,0.000384613031851379,NA,1254.87713280966,9505,48.3437569971445,1029.1528920114,12.4509868807013,0.518222730917721,98.3920889005786,5604.5299999995,0.255000000021025,1.25813741341413,-0.0177029635897153,0.000202016567341854,4.09542643085978,4.85834574980469,0.11642321116923,2.41688889763847,31.2910880707706,0.00377115439859142,-0.00674265858680386,0.179818419747069,14.5877578054635,2.98390817271507,164.851796153266,-0.0177029635897153,0.000202016567341854,4.09542643085978,4.85834574980469,0.11642321116923,2.41688889763847,31.2910880707706,0.00377115439859142,-0.00674265858680386,0.179818419747069,14.5877578054635,2.98390817271507,164.851796153266,-0.0177029635897153,0.000202016567341854,4.09542643085978,4.85834574980469,0.11642321116923,2.41688889763847,31.2910880707706,0.00377115439859142,-0.00674265858680386,0.179818419747069,14.5877578054635,2.98390817271507,164.851796153266
21,A-5,0.0307027948845575,0.0564872021182701,0.0307027948845575,0.783699378095383,1110.44223342919,6257,60.6624418558318,704.961214318597,13.120607517451,0.853922684448447,198.521094773853,13315.54,0.489999999725562,2.37716756435167,-0.0435957868049398,0.00024374349269397,4.92854467330132,4.81454560996646,0.108834514154709,2.53729568935169,40.8672004119737,0.0026272441452461,-0.00948925959165873,0.210369638219636,14.8683125078899,3.08466043210967,181.178092361443,-0.0224225252411011,0.000706214689265537,5.77042399172698,5.17945944434529,0.125241569451181,2.66435438111779,50.5875706214689,0.00367897447126336,-0.00654329878182004,0.234999721663489,17.7161016949153,3.2685141318325,257.603431484624,-0.0553216417273609,0,3.96453569762016,4.52406689951635,0.0809463864538772,2.33566624771435,26.0382641157256,0.00158873422180866,-0.0117856034136455,0.177746729701535,11.433051017287,2.88134025394245,112.663067222543
22,G-10,0.0398187016220677,0.083989501312336,0.0398187016220677,0.891983014372845,1228.27654314342,8527,50.9716943391606,698.385842524933,9.44853381813395,0.566457692480978,112.10855928228,3663.55500000014,1.73999999999067,1.21726270700087,-0.0466793052848311,0.000126571614139613,5.4493281320476,4.94161475934681,0.100206132070457,2.61521886455221,48.2922342486639,0.00215943550008974,-0.00960104942825596,0.207060690161966,14.8416681384388,3.1713931294082,180.490391253234,-0.0277028169590793,0.000506286456558451,6.32457496136012,5.42549977561499,0.14691936998807,2.7543298921478,61.2612055641422,0.00414037474221356,-0.00411061411544009,0.258424016448546,15.4101184068891,3.32207438567214,193.475739721965,-0.0566721471902349,0,4.2518837459634,4.14347103167719,0.0754800284088736,2.39200212766991,34.805166846071,0.00122341901518199,-0.0165430827640574,0.148661359878808,14.2033186305398,2.89800707976184,164.271696353653
23,E-8,0.00662107075110675,0.0202128803354478,0.00662107075110675,1.37992676719819,1073.00471656119,9167,51.6014548040085,1414.9846695598,11.224518953082,0.655225470209932,114.942653539871,3349.68499999996,0.099999999995419,1.15433474880441,-0.0285294904204901,9.70765757370163E-05,4.70100277887462,5.04790859054025,0.0965951017938949,2.52643094727991,36.5698170735691,0.00257583802591472,-0.00607145406328897,0.172865187871129,14.9291063464091,3.10780291625351,174.495250854764,-0.0206892942526996,0.000163144637608794,5.29331181142458,5.2508006563642,0.106696871524416,2.63040471989772,43.8425209307154,0.00292013932721073,-0.00481308332619543,0.195086695965992,15.4916858032031,3.21987374238059,191.697765238581,-0.0404115417608474,0,4.41809803100125,4.78599099757514,0.0829444801779962,2.48194288619054,32.948505082804,0.00180721439931556,-0.00807467375574846,0.158162279458121,14.2088694715423,3.05377314979557,155.490986256161
24,L-10,0.0376386855697946,0.0741258741258741,0.0376386855697946,0.848386520497346,1191.43924685013,57793,19.2065185631016,1091.18048748833,7.95629575603585,0.96674219268892,18.8807840049833,20173.9650000004,0.530000000009936,7.2766531323526,-0.0502020149747303,9.13065185060417E-05,5.15057930311462,4.8780693494313,0.109820133216141,2.54880256907654,43.4664024169133,0.00238546661944324,-0.00900779660554728,0.201033535886615,14.744700157164,3.0976641040872,176.098675615229,-0.022342381077952,0.000365226074024167,5.55418057008223,5.56628220417369,0.13159737627104,2.67454794621251,50.1127413127413,0.00347036572468264,-0.00373455410044808,0.234815085648444,16.1613022761977,3.28791206783015,211.828524829553,-0.0786505303857432,0,4.1056486313284,4.51817964315426,0.0706964550082681,2.41818808112805,29.4576581525222,0.00163439679679631,-0.0124290125953081,0.143565656141218,12.9335907335907,3.00348122807415,140.84313004574
25,C-6,0.000320053750451758,0.000320053750451758,0.000320053750451758,NA,935.216572574912,12282,47.9686606705112,595.779845924599,10.0215812694468,0.476027953850014,99.1593771372741,2506.46500000001,0.524999999995261,0.964423176771623,-0.0196454890886998,0.000107192093790818,4.37843066992451,5.05939750570041,0.099056750786437,2.47903563367162,33.0061725568641,0.00300065596238433,-0.00561742828794078,0.16762617723071,14.3502547080137,3.06601492667757,159.068381476637,-0.0196454890886998,0.000107192093790818,4.37843066992451,5.05939750570041,0.099056750786437,2.47903563367162,33.0061725568641,0.00300065596238433,-0.00561742828794078,0.16762617723071,14.3502547080137,3.06601492667757,159.068381476637,-0.0196454890886998,0.000107192093790818,4.37843066992451,5.05939750570041,0.099056750786437,2.47903563367162,33.0061725568641,0.00300065596238433,-0.00561742828794078,0.16762617723071,14.3502547080137,3.06601492667757,159.068381476637
26,J-5,0.039899005924504,0.0602409638554217,0.039899005924504,0.60478290487614,1120.09396030376,6196,59.1183231145972,528.900467785605,13.7348036518078,0.673907733533857,174.429486765655,5262.67000000004,1.42000000005411,1.60280669876991,-0.0577283495151554,1.51677117220043E-05,4.33260372325202,4.265053095809,0.145900130957609,2.29801931257181,33.3687543182931,0.00438034384381079,-0.0143099596262222,0.235161367895035,13.9642426022812,2.80340377984976,157.179688025345,-0.0398744954472018,7.58385586100216E-05,6.10201660735469,4.89096324383122,0.231889789178587,2.70278704923786,54.7663107947805,0.00863287485764808,-0.00644303558196052,0.268088003726801,16.2728351126928,3.24554369909433,217.716546870285,-0.0811817138994042,0,2.96597014925373,3.13803395335851,0.0939977951869871,1.7825496357311,14.9492537313433,0.00132870020739382,-0.0234888421413961,0.176252963859768,12.3008611293318,2.16830483988489,107.283841292318
27,F-10,0.0385813368903911,0.0604444444444444,0.0385813368903911,0.42164684977815,1111.61649377858,2878,85.621869008917,621.322366041036,15.8646642947408,0.736639767080024,356.493068102849,17015.9549999998,2.52499999979708,2.14504814978613,-0.0475485514622645,0.000743762010599774,5.25491969874945,4.89338219969889,0.101128747589752,2.58976478406819,46.1523971535108,0.00222294538157798,-0.00971997837334484,0.213407642293405,13.9301937350384,3.13318849356124,159.7323339437,-0.0373814292823071,0.00554016620498615,7.32779316712835,5.19415155957465,0.132067933305144,2.87024841453737,84.1957525392428,0.00379366217311838,-0.00618384078679001,0.247164132034578,16.3785780240074,3.36150890678114,242.493749538524,-0.0708834117501977,0,3.78585461689587,4.39363508313037,0.0842593930412991,2.32132043206325,23.8153241650295,0.000728231069202897,-0.014244878469938,0.177741962922135,12.0336854125036,2.88339048846107,124.451776518141
28,L-2,0.0329582515915756,0.0720524017467249,0.0329582515915756,0.747543983110727,869.986081440855,6901,67.2892319868773,569.042273732916,17.2106116050993,0.473903219871275,193.704906535285,3975.54499999986,3.89999999999538,1.01090823503809,-0.0410049966648108,0.000217808689985991,4.14298628433554,4.69244346528007,0.110723897804437,2.37110610767951,29.6990549310153,0.00356554533671246,-0.00960772692848187,0.208123103554198,13.118951898486,2.94162589060124,131.611738164181,-0.022268410877344,0.00094876660341556,5.31630481055768,4.94485696971679,0.145194697175297,2.60369521160459,44.6113239676458,0.00607058814158867,-0.0058694065847444,0.253239090217448,14.6355940510243,3.16805792386625,164.567107579361,-0.0635788366695677,0,2.95636687444346,4.10713150411824,0.0946096319726174,2.10236643818175,16.4997602575519,0.00199254577188115,-0.0157042994671887,0.169295548735689,11.5769573258442,2.67967571910092,94.8982655438004
29,A-8,0.000369480580166225,0.000369480580166225,0.000369480580166225,NA,1164.91177238425,10029,47.4318262826817,372.297392055414,12.2646333281876,0.406843612666945,96.2347913052149,3031.16999999987,3.38000000006716,0.919737834602087,-0.0229899250649836,0.000336661064485174,4.81592890619615,5.24932993057637,0.0828303099159853,2.5556568011937,39.6242118618682,0.00253616127128785,-0.00463298640083448,0.155183226810543,13.3411754209589,3.14420097783731,141.821528720945,-0.0229899250649836,0.000336661064485174,4.81592890619615,5.24932993057637,0.0828303099159853,2.5556568011937,39.6242118618682,0.00253616127128785,-0.00463298640083448,0.155183226810543,13.3411754209589,3.14420097783731,141.821528720945,-0.0229899250649836,0.000336661064485174,4.81592890619615,5.24932993057637,0.0828303099159853,2.5556568011937,39.6242118618682,0.00253616127128785,-0.00463298640083448,0.155183226810543,13.3411754209589,3.14420097783731,141.821528720945
30,F-3,0.0193268700948309,0.0418250950570342,0.0193268700948309,1.08594527181555,1069.64206071427,21401,35.189945346141,896.313443373067,8.89762116286521,0.749352165184297,56.5920393906827,15164.44,1.0949999999946,3.18356478497167,-0.0315980951848101,0.00020717168938456,5.09177077699687,5.11879221272194,0.0899207156756688,2.59658600725696,43.5767123464973,0.00226160907993909,-0.0070796193368391,0.185211780599413,14.4976928934173,3.17025202442317,169.880816532196,-0.0263845443637869,0.00032157787544217,5.20017047813562,5.33572730515063,0.103611882562375,2.62582643397598,45.5598455598456,0.00256375290299041,-0.00441628158926951,0.222765195894097,15.375281380641,3.21507198959263,187.797868843602,-0.040290646566293,0,5.01832993890021,4.82186256394928,0.0805152979089512,2.5768301485067,41.436381176975,0.0019681073419829,-0.0105002397228054,0.152772843009877,13.334804191947,3.1117135731015,146.54234509704
31,K-8,0.000293331000188057,0.000293331000188057,0.000293331000188057,NA,1075.14374712883,14925,41.4691710920491,1471.16047731445,8.87627226186646,0.63962362001037,74.0946046901158,3930.0500000005,0.104999976267245,1.37193256704343,-0.0249123961574607,0.000249686877971955,5.15889614488579,5.32840399263686,0.0819389173882112,2.61763423877815,42.9019599784775,0.00199198968973999,-0.00449489746957068,0.154008961865703,15.4093888356041,3.21233101305913,189.584556134787,-0.0249123961574607,0.000249686877971955,5.15889614488579,5.32840399263686,0.0819389173882112,2.61763423877815,42.9019599784775,0.00199198968973999,-0.00449489746957068,0.154008961865703,15.4093888356041,3.21233101305913,189.584556134787,-0.0249123961574607,0.000249686877971955,5.15889614488579,5.32840399263686,0.0819389173882112,2.61763423877815,42.9019599784775,0.00199198968973999,-0.00449489746957068,0.154008961865703,15.4093888356041,3.21233101305913,189.584556134787
32,G-7,0.0197460358977097,0.0475272960822094,0.0197460358977097,1.07438509717313,1137.08751432064,9810,50.2777837593595,586.871099947855,13.1900100772179,0.641977394466246,115.454017329256,10057.335,3.16499999999666,2.30362546408725,-0.0491722050866776,0.000718238382952514,5.22240859825709,4.80799214218161,0.108577654663878,2.53271919397184,46.6886078733372,0.0026324524693029,-0.0089127690277263,0.196124528183363,14.3788842662194,3.06066796274344,170.609693039618,-0.0283328438949335,0.00235478806907378,5.6271186440678,5.31952589315239,0.162285989888936,2.66650053308278,51.1525423728813,0.00356147017832999,-0.00470811401592517,0.246176388175139,14.8035892323031,3.25265706078692,186.824874628042,-0.106778627705015,0,4.90789993309639,3.87379419580213,0.0807261119999407,2.3202647664677,40.0775492637536,0.00181775728435874,-0.0160092338531934,0.157453310226682,13.7320383523845,2.73949312325382,149.880475406416
33,D-2,0.0285718970342263,0.0568086883876358,0.0285718970342263,1.3976269493781,1039.73297106402,12879,43.7202304548086,582.440520911503,12.0308916836606,0.50190384774082,84.4925790045811,1932.375,1.64500000001813,1.12900664429371,-0.0355963371421616,0.00014070400954674,4.29621104980761,4.67077850910468,0.1262897839455,2.43114501104383,32.3643392759571,0.00337874941456255,-0.0110531310896375,0.209219350355563,12.7440092941256,2.94562952285009,126.971988084096,-0.027384226763487,0.00028140801909348,5.07304225465399,5.26530386659863,0.169869619882865,2.60700957361059,42.5271281643173,0.00461313053681617,-0.00460201084851867,0.26353771008716,13.7980961076311,3.18440703051778,152.910460722064,-0.0438084475208363,0,3.51937984496124,4.07625315161073,0.0827099480081353,2.25528044847708,22.2015503875969,0.00214436829230893,-0.0175042513307563,0.154900990623967,11.6899224806202,2.7068520151824,101.033515446127
34,K-6,0.0239221459017569,0.0543589743589744,0.0239221459017569,1.15631379521068,1069.84631356355,16569,38.6643371599467,1900.75192733126,9.19398519417562,0.816129409440131,66.301720984972,8519.25999999997,0.560000000384806,1.97237843069184,-0.0365331430867911,0.000207886124062745,4.97120766362521,5.0508325380785,0.0945774398971033,2.57239048391827,39.8363091569781,0.00220063203350589,-0.00698980934561645,0.181304177658206,13.4986535253361,3.13396268642315,145.586529628269,-0.0263102789521797,0.000430893481100399,5.47053582484401,5.46186177694634,0.119684600864247,2.66506254122502,47.5289818352762,0.00258577277157899,-0.0039835218886414,0.219200635931425,15.0504600211981,3.26357756328386,184.022693531606,-0.0492632283654425,0,4.51498847040738,4.56056849915423,0.0738230641530065,2.4730205325256,31.6756341275942,0.0017227961768985,-0.0107392797591263,0.146850082312327,12.6464258262875,2.9975789722428,121.801518387667
35,I-4,0.0340708567306999,0.0677966101694915,0.0340708567306999,1.39988901046371,1133.0490459279,11942,44.0393566411552,443.523070055544,13.1262740751279,0.521606960291619,84.5723413163624,2004.25000000003,1.58000000010434,1.11914329663802,-0.0409029373331598,0.000181053084407806,5.36173295173424,5.05081482264846,0.0893453188160423,2.63021348146532,48.2573880537666,0.00205253798004135,-0.00783938663466763,0.192480273657125,15.6298816684525,3.18532354202662,202.979363083094,-0.0221546047151745,0.000362106168815611,5.99835661462613,5.22342264889607,0.0947158997693085,2.72455576380156,58.392769104355,0.00263281111768776,-0.00471289796272195,0.228839918439956,17.6746096959737,3.23798174926818,260.234751894447,-0.0596512699511451,0,4.72510928884235,4.87820699640085,0.0839747378627762,2.53587119912908,38.1220070031782,0.00147226484239495,-0.0109658753066133,0.156120628874293,13.5851536409313,3.13266533478507,145.723974271741
36,D-8,0.0310884568617288,0.0515625,0.0310884568617288,0.870003859106138,949.745078916174,10018,52.3235846231873,1484.29692938812,12.3971310588968,0.721462277910123,124.246207825901,5249.90999999972,1.00999999969844,1.45301692855267,-0.0434053500567626,0.000598262913143989,5.38281812014252,5.05355742079035,0.0928715633897176,2.62345671971451,46.3712886602152,0.00196177444047699,-0.00877622373606714,0.203674120990122,15.526235681869,3.1902271694914,196.011714578631,-0.0234188627602442,0.00099304865938431,6.0815660685155,5.34720997799596,0.114286915263915,2.73144644518417,56.5002718868951,0.00253324682375096,-0.00489640341591321,0.243096257216126,16.9572989076465,3.32304622400804,231.891144839411,-0.0619858061468743,0.00025796628994434,4.71236992051186,4.62419703838866,0.077401380924698,2.53861312773393,36.9929386816354,0.00133833855467289,-0.0130866742650372,0.158585758671345,14.0618649079441,3.11547653219521,154.758398745886
37,I-9,0.0399380004654101,0.095112285336856,0.0399380004654101,0.743719696227558,1019.45195858431,4780,72.7322704787236,490.981607238482,12.6905798426424,0.520721451557672,231.949868200837,2108.07500000004,3.14999999999768,1.03566029258901,-0.049282210687972,3.06461334033513E-05,4.88851176895013,4.66063472823194,0.120928637763717,2.51188170315059,40.1431838947322,0.00273613967134251,-0.0112249487493969,0.221270030116711,14.8255135240698,3.03551119724966,176.623876974088,-0.0326725600246002,0.000164140723313454,5.84253433276796,5.15781488755715,0.153561212673187,2.64909354065542,53.799420036111,0.00420999649155699,-0.00558894978938652,0.264662215565563,17.3292115773923,3.22141577999368,248.60675480467,-0.0757117867167785,0,4.4261631827377,4.03201560453167,0.0936372775439208,2.27593924051626,32.7929871881322,0.00189729466401482,-0.0166219243653865,0.168800840595637,13.167902899528,2.74331426478652,134.160752810352
38,J-10,0.00600550995176398,0.0164161209997233,0.00600550995176398,1.5024490251592,1118.02342045288,14337,42.8330251013743,986.761185575798,12.6738731082598,0.808670356743731,90.8361989956058,20669.095,0.364999999748144,3.97067388105415,-0.0255132138626073,0.000866627684584934,4.92197198167453,5.16514460344457,0.0886416572271653,2.57385995016479,42.249923840482,0.00249788263772748,-0.0055829936738635,0.168225029214556,14.3677293900673,3.15728650890344,165.790347911781,-0.0188234347497977,0.00199441563621859,5.38173115277224,5.22972003602475,0.0893159688488986,2.64947863122154,50.5028586624119,0.0027699951634538,-0.00488033298921096,0.184790829786678,14.7475069804547,3.21099729070993,179.957365588346,-0.0373480533346236,0.000232817658724264,4.61861069411702,5.06884447278459,0.0876697922414589,2.52047780607485,36.7318698248314,0.00210497593584152,-0.00683107044122076,0.158936086394364,14.1145412803151,3.11920238169606,158.34160498192
39,K-4,0.014308462270345,0.0412147505422994,0.014308462270345,1.62853737636388,1003.80580715956,10088,50.4162486902214,478.653517894458,12.8216474529325,0.524984065603843,112.484105868358,3979.82000000006,4.67000000000345,1.26980753578926,-0.0262957155432991,0.000143788362342341,4.43703722044586,4.96920072124199,0.097450003917223,2.47291278082923,33.7850996291636,0.00305108587123904,-0.00653454028577319,0.175412255724246,14.6672041947431,3.05371700451103,168.372048999887,-0.0224271461145999,0.000338323477046819,4.95356446491054,5.24680906400535,0.11940423158014,2.57782892188727,40.5274340537123,0.00399025042044924,-0.00464588898518982,0.20885313790894,16.1984421364985,3.17534704557161,202.258829749526,-0.0319280547547658,0,3.89502967359051,4.53951399663915,0.0822347827993312,2.35207058442317,27.2503709198813,0.00228303007720486,-0.00977671908157596,0.155360170860164,13.7754294534883,2.90578542746628,146.496250279539
40,K-7,0.028113601988662,0.0559179869524697,0.028113601988662,1.39865885293237,920.314595338268,13962,45.0329232126857,924.07501562587,11.0241583536024,0.577525115140891,90.1721776966051,4961.00499999981,0.20999999951146,1.39349042859374,-0.0393260075170941,0.000858475647984279,5.5141112145755,4.97842845852794,0.101228724459291,2.66724054294796,50.6602099445365,0.00184124140350791,-0.00964220236956964,0.204308682360022,15.3726226803531,3.18922514172677,197.306052360959,-0.0300840690861007,0.00121802679658952,5.54933008526188,5.3784389482454,0.126352301965806,2.66769113572009,53.3982947624848,0.00196169153852034,-0.00417186156063602,0.259506328280693,16.7527405602923,3.25256679768301,234.142885780284,-0.0485679459480876,0.000498924499379032,5.47889234388913,4.57841796881048,0.0761051469527752,2.66678995017584,47.9221251265882,0.00172079126849548,-0.0151125431785033,0.149111036439351,13.9925048004139,3.12588348577053,160.469218941634
41,D-3,0.00029943543235343,0.00029943543235343,0.00029943543235343,NA,1091.3250590433,14612,42.1117640386942,902.934910153182,12.6224242149328,0.617203316308993,75.8603319189707,4491.35499999999,1.49499999999765,1.29353008616844,-0.0225743744822217,0.000393607909380571,4.79034267132524,5.22679310568838,0.0837293053372008,2.54907962664117,38.8154913968571,0.00252219968347367,-0.00469260561525297,0.155837138436791,13.8442221697716,3.14724029088024,151.527129422977,-0.0225743744822217,0.000393607909380571,4.79034267132524,5.22679310568838,0.0837293053372008,2.54907962664117,38.8154913968571,0.00252219968347367,-0.00469260561525297,0.155837138436791,13.8442221697716,3.14724029088024,151.527129422977,-0.0225743744822217,0.000393607909380571,4.79034267132524,5.22679310568838,0.0837293053372008,2.54907962664117,38.8154913968571,0.00252219968347367,-0.00469260561525297,0.155837138436791,13.8442221697716,3.14724029088024,151.527129422977
42,I-1,0.0481977331162648,0.071654373024236,0.0481977331162648,0.631617769366726,1403.26427353223,2715,86.1505436615575,1042.70541447885,10.1066717603019,0.724298946770373,316.733795580111,6673.13499999997,3.53499999999602,1.3205610728512,-0.0431579871911303,0.000538513616061705,5.38599879575406,4.91859907508144,0.09809035817,2.62450902437988,47.693146940761,0.00205473531052861,-0.0100353790769253,0.216474741613661,14.9152122241112,3.16807888320853,183.125813751666,-0.0283807350085636,0.00104275286757039,6.06465067778937,5.20025193031051,0.114133541053744,2.73654568110097,57.7214953271028,0.00275247391456575,-0.00522786234221315,0.240907132931204,16.0855057351408,3.27118581972271,214.839733924626,-0.0567519655899314,0,4.64553314121037,4.62528344484578,0.0849532827157727,2.51676465400702,36.4541786743516,0.00130737265364152,-0.0128434374835381,0.163979628000433,12.7492795389049,3.07302057306182,127.37404325096
43,L-4,0.000309726419875295,0.000309726419875295,0.000309726419875295,NA,959.681377496513,13254,46.4382459623278,1329.04380034279,9.30535145592374,0.704096351881185,95.909908329561,5738.9600000003,1.26999999999556,1.47505561280063,-0.0226556435895711,0.000255573847110353,4.84260665991765,5.27881390193962,0.0824903609968461,2.561259045713,38.7408531283077,0.0023906450072178,-0.00457762288632827,0.15468971192828,14.3101695358542,3.15877794827312,161.377878169111,-0.0226556435895711,0.000255573847110353,4.84260665991765,5.27881390193962,0.0824903609968461,2.561259045713,38.7408531283077,0.0023906450072178,-0.00457762288632827,0.15468971192828,14.3101695358542,3.15877794827312,161.377878169111,-0.0226556435895711,0.000255573847110353,4.84260665991765,5.27881390193962,0.0824903609968461,2.561259045713,38.7408531283077,0.0023906450072178,-0.00457762288632827,0.15468971192828,14.3101695358542,3.15877794827312,161.377878169111
44,G-8,0.0164979792225574,0.0326700326700327,0.0164979792225574,1.3862750709233,992.51841073179,12987,44.2625007016484,503.447944274305,9.36321742556449,0.569418134203706,88.6933190883191,2629.37999999997,1.44000000000009,1.31479963830578,-0.0334693305479149,0.000192683579391636,4.65186943381038,5.06535736181706,0.094300329946007,2.51206119932087,35.8045692604478,0.00263901639313016,-0.007047492376831,0.182956611899306,14.0534181581076,3.09509689701685,154.558537554958,-0.0220472514197176,0.000385367158783271,5.06345618210838,5.34961074053408,0.10863411515169,2.60194776788411,42.0826367541111,0.00312819751184702,-0.00438314106682913,0.213513636561396,15.0806879063211,3.20285844303996,181.349885210642,-0.0448914096761122,0,4.24028268551237,4.78110398310004,0.0799665447403243,2.42217463075763,29.5265017667844,0.00214983527441329,-0.00971184368683286,0.152399587237216,13.026148409894,2.98733535099374,127.767189899274
45,K-9,0.0620962365071492,0.12375249500998,0.0620962365071492,1.40419326330423,999.188633242075,9030,50.2355189265441,900.76130892494,10.2783513686236,0.831880354590988,128.939172757475,13317.5399999997,2.2900000000027,2.75982864904817,-0.0382674639314722,0.000731412540109357,5.14139380543067,4.73279427285888,0.113662385634303,2.54635962146733,45.5381133065416,0.00276834890935607,-0.0105786498056197,0.207727272529882,15.4273040210981,3.05444980770795,195.53837363649,-0.021817881468773,0.00114285714285714,5.34857142857143,5.28265316329566,0.142994219948834,2.58179544775262,50.6605714285714,0.00324961546723953,-0.00466866694451622,0.259193220879519,15.9382857142857,3.17898765422382,214.621979047114,-0.0547170463941713,0.000319967937361571,4.93421618228991,4.18293538242209,0.0843305513197719,2.51092379518204,40.4156551845117,0.00228708235147262,-0.0164886326667232,0.156261324180245,14.9163223279105,2.92991196119208,176.454768225866
46,H-6,0.0384836254594181,0.0807600950118765,0.0384836254594181,0.876444493873525,1024.2085141393,8796,54.0597725542046,746.480217139671,12.4988994707397,0.539764762234447,127.109217257844,4910.90999999993,0.175000000048399,1.12948456919876,-0.0506998469440878,0.000851065591053246,4.8537994528601,4.79609030032392,0.107847171705659,2.47417783548481,41.610754693111,0.00292023106848343,-0.0100799333931832,0.211487409197151,13.2371317158399,3.03067282537976,142.933393545133,-0.0250025344181559,0.00309214594928881,6.53762110904968,5.2212203365867,0.143047181887558,2.78398001837346,73.4359925788497,0.00598235774174196,-0.00473513081912723,0.252348146603818,14.575652173913,3.2707551244005,177.182291239624,-0.0623908961302073,0,2.78442545109212,4.18528804382955,0.084156071652588,1.95549346274233,11.2668566001899,0.00131937230225623,-0.015598536174406,0.156452181961703,11.0693257359924,2.55201674930414,82.5425953198988
47,H-5,0.0291626298900539,0.0934065934065934,0.0291626298900539,0.846994115513376,976.15816812297,7109,61.4886770323366,546.636269789126,12.3492390915758,0.550278214302399,164.265631593754,2296.47500000001,4.02500000000907,1.15754823313483,-0.0421110967382917,0.000668161655719439,4.09968119290558,4.29792460071601,0.158589400477026,2.29544588348896,32.2295905203141,0.00486381037126585,-0.0132238636261934,0.220735074536401,15.5217059775217,2.80530757861928,193.008950780542,-0.0157547315978093,0.00301824667306901,6.38596972607125,5.05484807173883,0.295774165349737,2.77540017074596,64.0708830658069,0.0137696646864976,-0.0059641684109111,0.279319324705532,17.4794921875,3.3334811250388,251.201106364155,-0.0885527094587564,0,1.31632653061224,2.71205458148694,0.0943249024424284,1.34146840768076,2.7687074829932,0.00115107606890411,-0.029509883241095,0.1719660649208,13.72499152255,1.763395606358,143.380414816397
48,L-7,0.000308454328757051,0.000308454328757051,0.000308454328757051,NA,1072.36920493265,15822,39.1662419168685,986.275290327138,9.08144529100208,0.630358214357417,70.7756756415118,24343.965,1.43000000000342,3.54996765578693,-0.0231712937905232,0.000281535386071743,5.19531983614644,5.39805101543815,0.0777105862760389,2.62041492110682,43.3215770815462,0.00197483774504518,-0.00422626333217235,0.150341419215897,15.2033845917124,3.22570415602354,184.824237692375,-0.0231712937905232,0.000281535386071743,5.19531983614644,5.39805101543815,0.0777105862760389,2.62041492110682,43.3215770815462,0.00197483774504518,-0.00422626333217235,0.150341419215897,15.2033845917124,3.22570415602354,184.824237692375,-0.0231712937905232,0.000281535386071743,5.19531983614644,5.39805101543815,0.0777105862760389,2.62041492110682,43.3215770815462,0.00197483774504518,-0.00422626333217235,0.150341419215897,15.2033845917124,3.22570415602354,184.824237692375
49,J-1,0.0258054956860453,0.0465116279069767,0.0258054956860453,0.607383177707274,1114.70796971082,7322,56.3476791153534,958.422547012584,11.8853285613816,0.733976523164164,153.536132204316,7516.28999999985,0.0500000010435072,1.68426081984031,-0.0459316121000671,0.00174307712414731,4.66581953813871,4.01344824426958,0.180341453932102,2.31869698687568,42.3757430281423,0.00496530140215276,-0.0148803932231175,0.232534520069074,16.4803218894268,2.75847581373617,229.590680509584,-0.0148315343561205,0.00729631130928253,6.91122821240373,4.69977326558188,0.304367532704033,2.67889641578004,75.8905553303608,0.0134725676250728,-0.00786105682853291,0.283897508351779,18.5592417061611,3.08521049709771,293.072203510793,-0.0980251158296249,0,2.35597682991048,2.83942394833918,0.134952237216347,1.52232558949636,17.0521327014218,0.00176561880016785,-0.0291630590795823,0.190818049605579,13.4626647144949,1.91116314342808,166.216122008466
50,G-4,0.0100429945357171,0.028229255774166,0.0100429945357171,1.56899530969654,966.81099402337,12147,46.7191505151753,392.274908931538,10.0438087130882,0.529311964303893,96.7420881699185,2620.08000000008,0.990000000003571,1.24899768610154,-0.0423304626081214,4.70629089051865E-05,4.98687832146075,4.96257213827237,0.0989938631674276,2.55696926286772,40.3476264535448,0.00227008024166931,-0.00665716216420162,0.178835662937111,13.8506542726376,3.11307197872334,152.796238850222,-0.0350646552125385,0.000111310205886208,5.23491639285003,5.18706994857073,0.104510627715002,2.62036782960393,44.325899212523,0.002461500411579,-0.00500962942761553,0.203443385302743,14.3525626864527,3.18681039900843,165.996686090614,-0.0496590858027833,0,4.7369448511469,4.74330791296511,0.0892022964582046,2.50041468109195,35.8867740361152,0.00197451300746118,-0.00887199984383754,0.160356358907946,12.904831625183,3.05001427201921,129.608612066127
51,G-3,0.0435340882766561,0.117416829745597,0.0435340882766561,0.848711128784392,918.134231346295,5541,70.0114531573829,645.167322581473,12.7058776633812,0.5956228053587,220.609701317452,3558.01000000009,2.56500000003812,1.26497487617934,-0.0417208960112444,0.00035828094535632,4.67138121113199,4.72357009116346,0.117099742655432,2.47813001839408,37.9078805090558,0.00308122156592196,-0.0107447884093511,0.215884517438417,14.0052046731686,3.019076937656,159.322667178567,-0.0175520973195834,0.00286396181384248,6.99188544152744,5.32130839928652,0.201773015732472,2.82330132175397,71.1389021479714,0.00666732859356383,-0.00608382276248228,0.275738233261688,19.1723150357995,3.41293386036433,312.448211630311,-0.0548338409739162,0,2.90721649484536,3.65075821066078,0.0807614098304986,2.06470855476352,18.340206185567,0.000828259123609458,-0.0214284596312356,0.172873648319191,11.1464102138949,2.49957457069307,95.314019255643
52,E-1,0.000247867035912835,0.000247867035912835,0.000247867035912835,NA,909.705249976237,24932,33.2229635024787,476.855031535728,8.45758800774945,0.557964515341883,50.0178435344135,2536.00500000002,0.139999999760407,1.34126272644592,-0.0236746171758568,0.000297829851911471,5.23663922719112,5.3989594394844,0.078843234743799,2.62915973223691,43.9178206454539,0.00191706561303406,-0.00427051157645982,0.151131610542504,15.7287308260129,3.23073212700337,198.086409158041,-0.0236746171758568,0.000297829851911471,5.23663922719112,5.3989594394844,0.078843234743799,2.62915973223691,43.9178206454539,0.00191706561303406,-0.00427051157645982,0.151131610542504,15.7287308260129,3.23073212700337,198.086409158041,-0.0236746171758568,0.000297829851911471,5.23663922719112,5.3989594394844,0.078843234743799,2.62915973223691,43.9178206454539,0.00191706561303406,-0.00427051157645982,0.151131610542504,15.7287308260129,3.23073212700337,198.086409158041
53,L-8,0.0253746635497897,0.0646551724137931,0.0253746635497897,1.20472519718468,999.658561745007,13594,42.3427679599731,587.071690617835,10.6054326134496,0.608620971668611,83.8336166691188,2904.90000000017,0.635000000008723,1.37828506599395,-0.0425608947001164,0.000625236227949075,5.12564561845439,4.94556429819982,0.0980022869196689,2.58215388583652,43.2234996057633,0.00223318249410441,-0.00852584131343359,0.196009281460983,15.1135792223733,3.133271288656,183.657156682894,-0.0256170434756813,0.00119047619047619,5.5047619047619,5.33482888008509,0.12688155249087,2.65106958300329,51.6761904761905,0.00291157234050024,-0.00438600583894582,0.243977621776464,15.7628613424792,3.22435263289538,193.702853309904,-0.0609827034405683,0,4.578147966683,4.46115438431208,0.0795908316193531,2.43125299947838,32.8133268005879,0.00199019301486956,-0.0128247956350072,0.152240604307653,14.3380952380952,2.93080823988078,170.807273546198
54,A-3,0.000240738908018961,0.000240738908018961,0.000240738908018961,NA,890.722913164789,20097,38.6182499077646,730.048831115875,10.9589722094905,0.429486238590473,64.1611477832515,2215.09499999996,1.21399999990356,0.887946389535515,-0.0247336525031251,0.000282258937086625,4.85100904903867,5.2457571254461,0.0830825981163752,2.5638108695512,39.3238918869892,0.00241515890550438,-0.00463612835311889,0.155183124241157,13.5232551399838,3.15068654057925,145.015776055683,-0.0247336525031251,0.000282258937086625,4.85100904903867,5.2457571254461,0.0830825981163752,2.5638108695512,39.3238918869892,0.00241515890550438,-0.00463612835311889,0.155183124241157,13.5232551399838,3.15068654057925,145.015776055683,-0.0247336525031251,0.000282258937086625,4.85100904903867,5.2457571254461,0.0830825981163752,2.5638108695512,39.3238918869892,0.00241515890550438,-0.00463612835311889,0.155183124241157,13.5232551399838,3.15068654057925,145.015776055683
55,E-2,0.000308351394958357,0.000308351394958357,0.000308351394958357,NA,935.245877809564,12616,47.6661246054016,465.486416946088,11.9080414767086,0.467470598759928,97.276929692454,2160.68999999998,0.159999999789,0.972540194054646,-0.0227155557647683,0.000306018465798476,4.82857726125421,5.25189143637966,0.0834238853074603,2.56117656491696,39.1709143922816,0.00245545042155483,-0.00465078940326484,0.15551562552061,13.832801753011,3.15292745027772,151.49057758073,-0.0227155557647683,0.000306018465798476,4.82857726125421,5.25189143637966,0.0834238853074603,2.56117656491696,39.1709143922816,0.00245545042155483,-0.00465078940326484,0.15551562552061,13.832801753011,3.15292745027772,151.49057758073,-0.0227155557647683,0.000306018465798476,4.82857726125421,5.25189143637966,0.0834238853074603,2.56117656491696,39.1709143922816,0.00245545042155483,-0.00465078940326484,0.15551562552061,13.832801753011,3.15292745027772,151.49057758073
56,K-5,0.0308565018623622,0.0536585365853659,0.0308565018623622,0.891650106749555,898.811022505791,14599,43.3295443616414,401.574306011613,10.203142568212,0.590616845981573,85.8201534351668,3466.39000000011,0.495000000008844,1.60181090902082,-0.0405355566078716,0.000118687497033684,4.80909932341421,4.90930476785912,0.099033601203385,2.4968139738113,37.9786544664321,0.00277165280484025,-0.00939104066603253,0.205356343204327,14.1082363046501,3.07688314078922,157.250612913178,-0.0233121168565665,0.000356062491101053,5.82097748489841,5.37476196155743,0.121901715398608,2.66422429995924,51.0181219110379,0.00466855301914101,-0.00429611162189701,0.24596432414235,14.9194256105332,3.21681481370176,178.582095991001,-0.0523190167893398,0,3.43880597014925,4.45953257424274,0.0786784696610976,2.20609002771049,19.2995024875622,0.00160652813336588,-0.013896567562736,0.151243515073876,12.8517412935323,2.79816480220553,118.677295244806
57,B-6,0.026209651469551,0.0520999468367889,0.026209651469551,1.39698182880188,956.72728617302,12466,47.1531178821368,358.128648148185,10.5022710196929,0.390382907409806,94.1832099310123,973.379999999989,1.02000000024695,0.769583437770574,-0.0397056842099061,0.000868193015800829,5.40131333942263,5.11774529378745,0.0892164009478817,2.63620601151763,48.3635254654808,0.00196928815459381,-0.00692214514855462,0.183519151708947,13.5964181620852,3.2025331572967,152.489031681769,-0.0245342896371894,0.00132860938883968,5.92559787422498,5.25793159234522,0.0970380175317918,2.70798990281946,56.8538529672276,0.00241290627429359,-0.00455083251062427,0.213099222886488,13.7139061116032,3.24818475046164,160.469845906705,-0.0548770787826228,0.000407776642761977,4.87702880462029,4.97755899522967,0.0813947843639717,2.5644221202158,39.873197963734,0.00152567003489404,-0.00929345778648498,0.153939080531406,13.4789302125673,3.15688156413176,144.508217456833
58,H-9,0.0311260458293554,0.0525883319638455,0.0311260458293554,0.61189522672124,966.032613002312,8809,55.7390667312991,385.379917964389,11.8650130743157,0.446429336616795,131.688332954932,1547.35999999995,3.91499999999653,0.914954173318733,-0.0428984783535466,0.000664683114028208,4.21396017056513,4.08319807705701,0.182928189024116,2.28874941361055,35.7703020224996,0.00539975936727994,-0.0154680919475884,0.23748077131625,16.2642019312368,2.76254221329805,218.521525970724,-0.018010198433109,0.00234192037470726,7.09445745511317,4.94721833478702,0.378446216675038,2.83599961592234,78.1420765027323,0.013930334772442,-0.00725256549871832,0.277660800437638,19.1852069269152,3.35041067542406,305.054271420207,-0.0769434859450582,0,1.66359119943222,2.48880362567307,0.0999737619306702,1.51344212483495,7.69339957416608,0.000892318907223139,-0.0317248428129108,0.185051614703156,13.3266171792153,1.8181625494723,153.492390250534
59,K-2,0.000251704197952755,0.000251704197952755,0.000251704197952755,NA,862.8399955694,20179,38.7100051790086,376.87590730488,10.9504317681494,0.439083893816982,65.7432216660885,801.135000000059,1.85500000000583,0.875999215597725,-0.0234045350922238,0.000240964839803818,4.91841880813857,5.29353256377397,0.0828465788494823,2.57568217591836,39.5816063498825,0.00227298978927097,-0.00457128367696777,0.154796373805302,14.7915047164693,3.17182424988618,172.788174027441,-0.0234045350922238,0.000240964839803818,4.91841880813857,5.29353256377397,0.0828465788494823,2.57568217591836,39.5816063498825,0.00227298978927097,-0.00457128367696777,0.154796373805302,14.7915047164693,3.17182424988618,172.788174027441,-0.0234045350922238,0.000240964839803818,4.91841880813857,5.29353256377397,0.0828465788494823,2.57568217591836,39.5816063498825,0.00227298978927097,-0.00457128367696777,0.154796373805302,14.7915047164693,3.17182424988618,172.788174027441
60,B-8,0.000374259068582917,0.000374259068582917,0.000374259068582917,NA,1029.47293008422,9991,50.6993287869756,494.16282334705,13.1080082248107,0.459918198897587,110.113475628065,1638.29499999996,2.92999999998127,0.944897091917066,-0.022236813007928,0.000290988525977772,4.7511978300545,5.24018424991436,0.0845003150615936,2.54480258557267,37.8570243801268,0.00253137167530799,-0.00472180878176045,0.156514111939298,14.0694013305898,3.14087826994192,155.642625882669,-0.022236813007928,0.000290988525977772,4.7511978300545,5.24018424991436,0.0845003150615936,2.54480258557267,37.8570243801268,0.00253137167530799,-0.00472180878176045,0.156514111939298,14.0694013305898,3.14087826994192,155.642625882669,-0.022236813007928,0.000290988525977772,4.7511978300545,5.24018424991436,0.0845003150615936,2.54480258557267,37.8570243801268,0.00253137167530799,-0.00472180878176045,0.156514111939298,14.0694013305898,3.14087826994192,155.642625882669
61,D-1,0.000332615504078188,0.000332615504078188,0.000332615504078188,NA,926.259132174578,11021,51.789944700695,528.299006301911,15.7710674855807,0.431656549598039,110.840690499955,1595.63999999997,2.30999999999528,0.777503609882696,-0.0183781270624237,0.000154576274638931,4.29541460497186,4.97778742348665,0.10655961224389,2.46359351474987,33.1279624909052,0.00328424176195455,-0.00608689478944073,0.173016119705228,14.3970959464237,3.03955213326164,160.926078608149,-0.0183781270624237,0.000154576274638931,4.29541460497186,4.97778742348665,0.10655961224389,2.46359351474987,33.1279624909052,0.00328424176195455,-0.00608689478944073,0.173016119705228,14.3970959464237,3.03955213326164,160.926078608149,-0.0183781270624237,0.000154576274638931,4.29541460497186,4.97778742348665,0.10655961224389,2.46359351474987,33.1279624909052,0.00328424176195455,-0.00608689478944073,0.173016119705228,14.3970959464237,3.03955213326164,160.926078608149
62,L-6,0.000293760561180296,0.000293760561180296,0.000293760561180296,NA,984.585102484081,15274,41.7007757329137,394.02997289709,10.1236744416768,0.432119976051668,74.4834175723451,1165.85500000002,0.329999999947019,0.82776897837363,-0.0218575242993161,0.000280781627839419,4.8353274339027,5.25414078729523,0.0848999491709013,2.56362507099482,39.2061554197335,0.00242959923525184,-0.00471467254711852,0.156602539156306,14.3614743667339,3.15751815771303,163.057551449575,-0.0218575242993161,0.000280781627839419,4.8353274339027,5.25414078729523,0.0848999491709013,2.56362507099482,39.2061554197335,0.00242959923525184,-0.00471467254711852,0.156602539156306,14.3614743667339,3.15751815771303,163.057551449575,-0.0218575242993161,0.000280781627839419,4.8353274339027,5.25414078729523,0.0848999491709013,2.56362507099482,39.2061554197335,0.00242959923525184,-0.00471467254711852,0.156602539156306,14.3614743667339,3.15751815771303,163.057551449575
63,E-3,0.000305730688452582,0.000305730688452582,0.000305730688452582,NA,920.973998677442,13374,47.4064832515514,568.03667384066,11.5068349806003,0.523323035673812,99.6487744878121,4739.14499999999,0.174999999416906,1.32183926622645,-0.0226266813760041,0.000241263523897777,4.77887731702815,5.23364815995703,0.0853605387740962,2.55300844719462,38.253514775264,0.00248693623152345,-0.00476165609880257,0.15706966769918,14.1838603498955,3.1446410890999,158.425078878625,-0.0226266813760041,0.000241263523897777,4.77887731702815,5.23364815995703,0.0853605387740962,2.55300844719462,38.253514775264,0.00248693623152345,-0.00476165609880257,0.15706966769918,14.1838603498955,3.1446410890999,158.425078878625,-0.0226266813760041,0.000241263523897777,4.77887731702815,5.23364815995703,0.0853605387740962,2.55300844719462,38.253514775264,0.00248693623152345,-0.00476165609880257,0.15706966769918,14.1838603498955,3.1446410890999,158.425078878625
64,I-2,0.000246480397225429,0.000246480397225429,0.000246480397225429,NA,916.776852994441,31505,30.1038350245875,443.08665271857,11.0260973667989,0.388494324156442,39.0820591969528,1082.59000000001,0.04499999996579,0.765019553468145,-0.0281519320577006,9.94946209156302E-05,4.83360381711389,5.15448992948312,0.0915960295413145,2.56231157557635,39.5804695335949,0.00248058477872809,-0.00513922776216218,0.161891232527029,13.3339252533463,3.12591479316437,141.616433408399,-0.0281519320577006,9.94946209156302E-05,4.83360381711389,5.15448992948312,0.0915960295413145,2.56231157557635,39.5804695335949,0.00248058477872809,-0.00513922776216218,0.161891232527029,13.3339252533463,3.12591479316437,141.616433408399,-0.0281519320577006,9.94946209156302E-05,4.83360381711389,5.15448992948312,0.0915960295413145,2.56231157557635,39.5804695335949,0.00248058477872809,-0.00513922776216218,0.161891232527029,13.3339252533463,3.12591479316437,141.616433408399
65,I-3,0.000282345643831644,0.000282345643831644,0.000282345643831644,NA,932.613071450678,15370,43.1505545148039,441.988864005456,10.3958956598644,0.398466620286836,78.7260331815224,963.48000000002,0.480000000005358,0.699794034309194,-0.0206144681545719,0.000262232000059222,4.27605355469065,5.09101747672173,0.0910777774877035,2.44021298141064,31.8485998136633,0.00325523380013441,-0.00520576331703294,0.161931687242599,13.3737664009566,3.04242564231802,137.298639584952,-0.0206144681545719,0.000262232000059222,4.27605355469065,5.09101747672173,0.0910777774877035,2.44021298141064,31.8485998136633,0.00325523380013441,-0.00520576331703294,0.161931687242599,13.3737664009566,3.04242564231802,137.298639584952,-0.0206144681545719,0.000262232000059222,4.27605355469065,5.09101747672173,0.0910777774877035,2.44021298141064,31.8485998136633,0.00325523380013441,-0.00520576331703294,0.161931687242599,13.3737664009566,3.04242564231802,137.298639584952
66,B-7,0.0251096988191102,0.0663716814159292,0.0251096988191102,0.90516100124391,955.513753784744,11298,48.1316907157295,518.363170525063,9.70437575606158,0.562326082626461,104.380310674456,1690.92500000003,0.900000000002744,1.21515995953423,-0.0490743159075343,0.00019972305802626,5.21613717044154,4.82463683639198,0.106938340297866,2.55393943894111,44.1582454598069,0.00237017956142451,-0.00905425115580615,0.19983511124784,14.4640950570199,3.09502604213103,171.292607131625,-0.0285499434318856,0.000437636761487965,6.13625091174325,5.38923703801193,0.158402435531808,2.75492052797807,59.3406272793581,0.00468479957640233,-0.00432246849248768,0.256887870166495,16.041116305299,3.30107764912365,211.594000658516,-0.0634496801685675,0,3.52542372881356,4.01753918946806,0.0792703446066943,2.22013336088617,21.1138014527845,0.00125743804549015,-0.0158592584546349,0.151904145641515,11.4334140435835,2.69125428532207,94.2259541239987
67,A-2,0.000208215521902427,0.000208215521902427,0.000208215521902427,NA,840.346893609333,21467,38.3406061227734,394.783667913404,10.7057291190282,0.370641891929392,62.8433733171845,716.625000000017,0.96000000000588,0.698951893145829,-0.021432198913935,0.000174551536092395,4.60491121442355,5.17147806125378,0.0901990815593638,2.5212131513523,36.0386323615004,0.00271891513822262,-0.00505336185668412,0.160808325315735,14.0726213953675,3.11002291107837,154.704836837415,-0.021432198913935,0.000174551536092395,4.60491121442355,5.17147806125378,0.0901990815593638,2.5212131513523,36.0386323615004,0.00271891513822262,-0.00505336185668412,0.160808325315735,14.0726213953675,3.11002291107837,154.704836837415,-0.021432198913935,0.000174551536092395,4.60491121442355,5.17147806125378,0.0901990815593638,2.5212131513523,36.0386323615004,0.00271891513822262,-0.00505336185668412,0.160808325315735,14.0726213953675,3.11002291107837,154.704836837415
68,J-4,0.000303154630295699,0.000303154630295699,0.000303154630295699,NA,926.982024560755,13294,46.2281123558976,363.311711630195,10.2171583812059,0.433800651379968,91.0473785166241,1035.26999999998,3.04999999998822,0.865666645568827,-0.0247994222496431,0.00023619445786815,4.88060798511482,5.24570299812939,0.0838184814570801,2.56990294039962,39.833847656537,0.00238112758334956,-0.00467716166685941,0.155860772631874,13.4995532885567,3.15361959449743,144.944289697469,-0.0247994222496431,0.00023619445786815,4.88060798511482,5.24570299812939,0.0838184814570801,2.56990294039962,39.833847656537,0.00238112758334956,-0.00467716166685941,0.155860772631874,13.4995532885567,3.15361959449743,144.944289697469,-0.0247994222496431,0.00023619445786815,4.88060798511482,5.24570299812939,0.0838184814570801,2.56990294039962,39.833847656537,0.00238112758334956,-0.00467716166685941,0.155860772631874,13.4995532885567,3.15361959449743,144.944289697469
69,A-4,0.000238491365192778,0.000238491365192778,0.000238491365192778,NA,990.491863976286,16119,41.179276445461,581.008123607716,11.2695602118265,0.411026256824601,71.6971811216576,4549.16499999998,1.57999999992513,0.859548471153033,-0.0230821639392253,0.000283271814006463,4.7691411409387,5.26284870347664,0.0823252256412719,2.54436556021047,37.9866166743841,0.0025182901628539,-0.00458560053711453,0.15459164888506,13.6279953869713,3.14080332016942,146.253751761594,-0.0230821639392253,0.000283271814006463,4.7691411409387,5.26284870347664,0.0823252256412719,2.54436556021047,37.9866166743841,0.0025182901628539,-0.00458560053711453,0.15459164888506,13.6279953869713,3.14080332016942,146.253751761594,-0.0230821639392253,0.000283271814006463,4.7691411409387,5.26284870347664,0.0823252256412719,2.54436556021047,37.9866166743841,0.0025182901628539,-0.00458560053711453,0.15459164888506,13.6279953869713,3.14080332016942,146.253751761594
70,L-3,0.0146149317448866,0.0289441500203832,0.0146149317448866,1.38656650452724,929.331529644512,15435,43.3661270767027,717.516326896659,9.99291180248202,0.5620740790217,82.1270647878199,3060.06000000006,0.570000000006252,1.1655185459095,-0.038500294343344,8.05793043409882E-05,4.45420477718617,4.95255162858037,0.0974833352718289,2.45763477787466,32.8335853748995,0.00288980267820407,-0.00694084074245646,0.180835723552544,12.109736817301,3.02964797570687,114.568499816881,-0.0250631510655445,0.000161158608681976,4.76869744598961,5.2309795369292,0.110068471688116,2.54921573077061,38.0371961520005,0.00327426215523286,-0.00474262893157657,0.204952230071164,13.4684152095386,3.13090761168636,143.041214099666,-0.0519374376211435,0,4.13971210838272,4.67412372023153,0.0848981988555416,2.3660538249787,27.6299745977985,0.00250534320117529,-0.00913905255333636,0.156719217033925,10.7510584250635,2.92838833972738,86.0957855340963
71,G-2,0.0237965493691216,0.0780065005417118,0.0237965493691216,0.910364241777581,916.305892229051,6996,62.3714212000627,436.830173392949,16.9355674096088,0.556711298676811,174.613302601486,2674.61,0.544999998792247,1.28552529192438,-0.0355104055768649,0.000107139327533437,3.85275971993926,4.55760494906598,0.125645648223838,2.30669899842681,27.0401381909124,0.00440406983066468,-0.010256910421898,0.206477213364237,12.4336920568084,2.86303897180318,118.399852087878,-0.019415695779081,0.000991244011234099,4.93474310259375,5.11402818307669,0.230225036502598,2.55817760210708,40.8627127044441,0.00893902831311545,-0.0056554709789233,0.278071378534618,14.3852967227635,3.12383168011418,161.406572487921,-0.0777847490763964,0,2.77033065236819,3.2609385556306,0.087769960802523,1.90044429238746,15.514348785872,0.00234997375252248,-0.0243782148419255,0.169078881752812,8.35924932975871,2.28877766298347,52.8824240850361
72,E-10,0.0236669636100052,0.0574241181296144,0.0236669636100052,1.16845821678305,920.692577366202,10067,48.7522827148748,672.576835159,13.139068836527,0.775102277665895,125.119506307738,18439.4400000001,1.13499999578503,3.15208628874286,-0.0471212694045561,0.000476473268622358,5.17235821635062,4.79105556863434,0.114734977415525,2.53050317404177,45.6345690748992,0.0027877974917761,-0.00941374628368454,0.198354183508293,15.0983071504576,3.06456584670157,189.278001055417,-0.0249396438793424,0.000886524822695035,5.5483759032139,5.36014681763178,0.177710748927799,2.68193139335529,50.199380059649,0.00384431603684167,-0.00428393780131374,0.244571171637628,17.8268041237113,3.26257332371694,264.788308963438,-0.0912058561485533,0,4.70921985815603,3.96259034934608,0.0774815024268562,2.36974367626601,41.1424788969633,0.00170901671793677,-0.0154450387473036,0.150827959771786,14.0567375886525,2.82630848693706,162.479303408248
73,F-7,0.00031213431073825,0.00031213431073825,0.00031213431073825,NA,878.155039707574,12670,48.6164100227815,474.239758298584,10.0038066027964,0.440640154637813,101.626705209155,1274.94500000003,1.34499999854606,0.862593110594041,-0.0241377462761092,0.000246274106199602,4.84555253575753,5.24556265759631,0.0836081237504244,2.56406338134149,39.0200007301514,0.00239859327843688,-0.00466760869942422,0.155701042392782,14.0378563166123,3.15387792620393,155.641673446177,-0.0241377462761092,0.000246274106199602,4.84555253575753,5.24556265759631,0.0836081237504244,2.56406338134149,39.0200007301514,0.00239859327843688,-0.00466760869942422,0.155701042392782,14.0378563166123,3.15387792620393,155.641673446177,-0.0241377462761092,0.000246274106199602,4.84555253575753,5.24556265759631,0.0836081237504244,2.56406338134149,39.0200007301514,0.00239859327843688,-0.00466760869942422,0.155701042392782,14.0378563166123,3.15387792620393,155.641673446177
74,H-1,0.0252430713510538,0.0398370303304663,0.0252430713510538,0.857843184177772,927.853417650748,10872,51.327930586311,619.757916687271,10.9926041321091,0.464049423084039,111.670946467991,1170.6,0.619999999995013,0.897564880469359,-0.0613162439601889,0.000557285851563089,4.43451118758227,4.09323720874205,0.178722917198949,2.34731165770779,38.1507055090001,0.00447552493437434,-0.0147502258032987,0.22731453871449,11.3240435933282,2.78359010021601,111.991050436258,-0.0392655421654458,0.00167185755468927,5.83941368439097,5.13243283768789,0.269702789118482,2.70456802314841,54.5579556645912,0.00703893500215473,-0.00521764060421475,0.270184297274249,14.8794261594685,3.27363116983341,185.129814441876,-0.0787576850893735,0,3.47198151357597,3.37567425623866,0.0923670445547741,2.16647446039428,21.6048526863085,0.00151810235028623,-0.0222058210687732,0.162763627422298,8.91823899371069,2.4681418831631,75.1568163010179
75,H-4,0.0222335966501525,0.0670611439842209,0.0222335966501525,0.965262678603441,921.692685463299,9531,56.3923623836567,477.299613327953,12.1146249162255,0.473496947982879,134.362679676844,3454.78500000008,0.130000000049486,1.01165834229928,-0.034406943586871,0.000419742076571935,4.18431812511031,4.7138966559785,0.114543573991607,2.39123664322283,31.6574678300284,0.0037249036532074,-0.00878716934411887,0.198391613165669,13.322211001409,2.95008514579155,137.615104547739,-0.0215276569108526,0.00277777777777778,6.1537037037037,5.11049319852406,0.154898863344971,2.71868640256326,62.0166666666667,0.00573473510848941,-0.0053343908692994,0.238357318292069,14.3196564255038,3.22604957585633,173.682415091371,-0.0658862453123396,0,3.15150423347144,4.09886052033271,0.0875453277770904,2.12525534313983,17.9963970455774,0.00146523716699155,-0.0127534242081386,0.163756619687367,11.57413455258,2.63953225041746,102.485956329829
76,E-5,0.000253425627496749,0.000253425627496749,0.000253425627496749,NA,891.219067459986,41960,26.3539111059858,501.424820202497,10.1292741539933,0.484425626702074,30.4920969971401,1038.49,0.749999999979573,0.932462898258813,-0.0221467205501922,0.000372312657835393,5.24520592748411,5.40449464333844,0.0793048547295828,2.63481776185457,45.015040754964,0.00196779694381837,-0.00428161704980001,0.151402800825582,15.5118062443182,3.2317137376207,193.865042617523,-0.0221467205501922,0.000372312657835393,5.24520592748411,5.40449464333844,0.0793048547295828,2.63481776185457,45.015040754964,0.00196779694381837,-0.00428161704980001,0.151402800825582,15.5118062443182,3.2317137376207,193.865042617523,-0.0221467205501922,0.000372312657835393,5.24520592748411,5.40449464333844,0.0793048547295828,2.63481776185457,45.015040754964,0.00196779694381837,-0.00428161704980001,0.151402800825582,15.5118062443182,3.2317137376207,193.865042617523
77,J-3,0.0121949070591737,0.0240841248303935,0.0121949070591737,1.37876352287719,874.482941690397,13114,48.2029471270897,474.187116770203,13.0724816489405,0.475704504685237,98.9885031264292,1511.89000000003,0.0899999920146266,0.933534247223787,-0.0289572303414459,8.45920361611533E-05,4.05329067705797,4.84274565195733,0.107494000541043,2.37679102533825,28.0620660205865,0.00357589984226976,-0.00767118996687657,0.187034589423889,14.1844251048767,2.959973618855,152.563321756003,-0.024125782048958,0.000169184072322307,4.72058647794173,5.17905263868223,0.125759729065287,2.54346517310808,37.3017580018904,0.00461752107071355,-0.00500891183834618,0.213846544401683,14.2685086213674,3.12697266528286,159.678113582456,-0.0337886786339337,0,3.38599487617421,4.50643866523242,0.0892282720167989,2.21011687756841,18.8223740392827,0.00253427861382597,-0.010333468095407,0.160222634446094,14.100341588386,2.79297457242714,145.44852992955
78,K-3,0.000251194375982343,0.000251194375982343,0.000251194375982343,NA,879.310789265993,20345,38.4513841823633,943.797301710781,10.1139409136513,0.484444357266602,65.3873177684934,4944.22000000002,1.72000000000117,1.2126974455787,-0.0222304854572292,0.000224205788635391,4.88407237506407,5.27579611867978,0.0845361938249734,2.57282954639695,39.9319552974196,0.00237631066414486,-0.00467028029255587,0.156187833358705,14.2671882617293,3.16253020383395,161.508582362506,-0.0222304854572292,0.000224205788635391,4.88407237506407,5.27579611867978,0.0845361938249734,2.57282954639695,39.9319552974196,0.00237631066414486,-0.00467028029255587,0.156187833358705,14.2671882617293,3.16253020383395,161.508582362506,-0.0222304854572292,0.000224205788635391,4.88407237506407,5.27579611867978,0.0845361938249734,2.57282954639695,39.9319552974196,0.00237631066414486,-0.00467028029255587,0.156187833358705,14.2671882617293,3.16253020383395,161.508582362506
79,E-9,0.0002517388252468,0.0002517388252468,0.0002517388252468,NA,913.198396261838,37530,27.3648248046294,307.565482997997,9.50947066772311,0.427329452608794,32.9609616306954,867.47499999999,0.75499999999156,0.927559885793964,-0.024260487767387,0.000238275328988814,5.12694527664043,5.31778972035762,0.0846655517110447,2.61398678452607,43.0087584076003,0.00207026232966002,-0.00462078192179212,0.155975717941285,15.4894495299205,3.20172365477188,191.959566960461,-0.024260487767387,0.000238275328988814,5.12694527664043,5.31778972035762,0.0846655517110447,2.61398678452607,43.0087584076003,0.00207026232966002,-0.00462078192179212,0.155975717941285,15.4894495299205,3.20172365477188,191.959566960461,-0.024260487767387,0.000238275328988814,5.12694527664043,5.31778972035762,0.0846655517110447,2.61398678452607,43.0087584076003,0.00207026232966002,-0.00462078192179212,0.155975717941285,15.4894495299205,3.20172365477188,191.959566960461
80,F-6,0.000331893865440728,0.000331893865440728,0.000331893865440728,NA,904.715495780293,11851,49.1431267858375,397.036402391017,10.7548524590038,0.461750421261878,104.954559530841,1826.21000000003,0.959999999967763,0.969481017874232,-0.0278527407621076,0.000273179102475593,5.04981615832415,5.2672178239842,0.0821172037912281,2.60005041391573,41.924249151276,0.00215525330229969,-0.00457440314763785,0.154467939003083,13.5684785258608,3.17909841170218,147.591342745501,-0.0278527407621076,0.000273179102475593,5.04981615832415,5.2672178239842,0.0821172037912281,2.60005041391573,41.924249151276,0.00215525330229969,-0.00457440314763785,0.154467939003083,13.5684785258608,3.17909841170218,147.591342745501,-0.0278527407621076,0.000273179102475593,5.04981615832415,5.2672178239842,0.0821172037912281,2.60005041391573,41.924249151276,0.00215525330229969,-0.00457440314763785,0.154467939003083,13.5684785258608,3.17909841170218,147.591342745501
81,H-8,0.000297829365069758,0.000297829365069758,0.000297829365069758,NA,904.959434382649,13336,46.9434312768106,524.736198903735,10.0341246321121,0.427617324064958,93.8316327984405,809.500000000032,0.1200000032998,0.799704844589925,-0.0257327862616952,0.000380089169249413,5.05932828594105,5.32025393539667,0.0789014317514768,2.59797182932724,41.8544851147196,0.00215649486075935,-0.00436405994667385,0.151657679995833,13.873185265913,3.19069366708059,153.870086342875,-0.0257327862616952,0.000380089169249413,5.05932828594105,5.32025393539667,0.0789014317514768,2.59797182932724,41.8544851147196,0.00215649486075935,-0.00436405994667385,0.151657679995833,13.873185265913,3.19069366708059,153.870086342875,-0.0257327862616952,0.000380089169249413,5.05932828594105,5.32025393539667,0.0789014317514768,2.59797182932724,41.8544851147196,0.00215649486075935,-0.00436405994667385,0.151657679995833,13.873185265913,3.19069366708059,153.870086342875
82,D-4,0.0184395179304857,0.0449172576832151,0.0184395179304857,0.946449546949104,911.493762954488,12764,48.4191185595598,734.171434830114,11.9118842559834,0.567381960231184,104.480125744281,9054.3799999999,1.8999999999992,1.54452785279728,-0.0357124608779349,0.000104533734847779,3.9395833561859,4.61439654126526,0.123378382899298,2.32907503217897,28.7406224761662,0.00419880832856316,-0.00967377482582078,0.203608746464471,12.7196229586919,2.88454199581916,123.955011626619,-0.0217822514807981,0.000469483568075117,4.97277125086385,5.02796059442639,0.175511829227293,2.57898310495467,43.0327574291638,0.00722852037154129,-0.00545534019982521,0.25907781065057,13.8272763167092,3.08539733598492,147.950059804752,-0.0562162558651551,0,2.40030911901082,3.8329726231463,0.0944299222034778,1.85046519708123,8.73724884080371,0.00243543427816306,-0.0179641343394611,0.164710230501407,11.7928902627512,2.41957437240096,95.666233616781
83,J-2,0.00428744177600363,0.00826073539535215,0.00428744177600363,1.31059172750114,862.970482055527,12664,48.9839014556181,470.115352795267,12.973901260557,0.469156172072202,103.401473468099,1310.79499999997,0.890000001127486,0.965173812200437,-0.023189630527503,0.000270660267553604,4.82927393258026,5.22802566999746,0.0858484202696256,2.55837027658119,39.060668006528,0.00245605468590354,-0.00520010078613619,0.16340930191041,14.3249949797846,3.15374956315544,162.136147323712,-0.0226231011418531,0.000332849668910759,4.98615983138823,5.31490502071036,0.0916500183988468,2.58674060344712,40.9912849376937,0.00266434919226372,-0.00442620522209588,0.174171062432174,14.5231923838644,3.18219685896407,165.399122244436,-0.0237561599131529,0.000208470866196449,4.67238803377228,5.14114631928456,0.0800468221404044,2.52999994971526,37.1300510753622,0.00224776017954337,-0.00597399635017651,0.152647541388645,14.1267975757048,3.1253022673468,158.873172402988
84,C-3,0.000261249928881057,0.000261249928881057,0.000261249928881057,NA,881.396506310763,19245,39.329388067341,411.582928876242,11.189872486337,0.424850372472666,67.0042426604313,2008.18999999999,0.87000000002754,0.853983488232275,-0.029201599735147,0.000669972367986625,5.25081034309529,5.28474480958028,0.0800805706591391,2.63420442950496,45.7185270177648,0.00198918456368374,-0.0044496962499974,0.152618443379274,13.3116508793184,3.21299998901499,145.106927713329,-0.029201599735147,0.000669972367986625,5.25081034309529,5.28474480958028,0.0800805706591391,2.63420442950496,45.7185270177648,0.00198918456368374,-0.0044496962499974,0.152618443379274,13.3116508793184,3.21299998901499,145.106927713329,-0.029201599735147,0.000669972367986625,5.25081034309529,5.28474480958028,0.0800805706591391,2.63420442950496,45.7185270177648,0.00198918456368374,-0.0044496962499974,0.152618443379274,13.3116508793184,3.21299998901499,145.106927713329
85,C-7,0.000315688011160995,0.000315688011160995,0.000315688011160995,NA,862.362795711264,11929,50.647301052238,348.454263826697,12.4431122036891,0.40864440702017,109.250241009305,1697.48499999997,2.2550000000034,0.856493904902401,-0.0253352583950773,0.000281456140272524,5.01633160195975,5.29484808756463,0.0815652975323063,2.59083854303177,40.8639341631421,0.00216212177309586,-0.00451847326604323,0.153927242583094,14.519574287539,3.18515021741831,167.313669379112,-0.0253352583950773,0.000281456140272524,5.01633160195975,5.29484808756463,0.0815652975323063,2.59083854303177,40.8639341631421,0.00216212177309586,-0.00451847326604323,0.153927242583094,14.519574287539,3.18515021741831,167.313669379112,-0.0253352583950773,0.000281456140272524,5.01633160195975,5.29484808756463,0.0815652975323063,2.59083854303177,40.8639341631421,0.00216212177309586,-0.00451847326604323,0.153927242583094,14.519574287539,3.18515021741831,167.313669379112
86,I-10,0.0156181823980059,0.045828437132785,0.0156181823980059,1.077343649873,1093.59163996302,9283,48.4293694287992,729.897777860484,9.17638139414355,0.990551577985461,142.721927717333,7922.87499999973,0.0949999998063801,2.75533244023392,-0.030026147807706,0.000312981759044703,5.42300245333192,5.38082924374168,0.080052133811922,2.64959944606734,46.7362757722056,0.00180555761267596,-0.00562155274987776,0.170496927802125,16.2175770726181,3.24657667947934,213.61443363253,-0.0211620213082216,0.00089126559714795,5.74034462269756,5.4975508228696,0.085105911564784,2.70137743802993,53.2751039809863,0.00206497771136497,-0.00407245438361825,0.223549208577606,18.2885017421603,3.29593588562601,269.222934915256,-0.0454206848609105,0,5.15353261745832,5.25779353823633,0.0734909446913564,2.61819476304402,43.5670617826312,0.00159425716496561,-0.00970320809671344,0.148944387647507,14.635299380347,3.2097360998168,171.80481068417
87,C-2,0.000269958679856591,0.000269958679856591,0.000269958679856591,NA,888.629098028387,17736,40.3489325151866,385.040422937187,10.1793976560552,0.445396087309111,71.7641266350925,1299.00999999999,2.90499999999315,1.00012371362552,-0.0234379867203169,0.000255145956031695,5.08028932674624,5.35522723845689,0.0794595943636692,2.60295549695675,41.8430403318918,0.00209887678091798,-0.00434806152012041,0.151873040734647,14.7004927210359,3.20249621942008,172.130449865873,-0.0234379867203169,0.000255145956031695,5.08028932674624,5.35522723845689,0.0794595943636692,2.60295549695675,41.8430403318918,0.00209887678091798,-0.00434806152012041,0.151873040734647,14.7004927210359,3.20249621942008,172.130449865873,-0.0234379867203169,0.000255145956031695,5.08028932674624,5.35522723845689,0.0794595943636692,2.60295549695675,41.8430403318918,0.00209887678091798,-0.00434806152012041,0.151873040734647,14.7004927210359,3.20249621942008,172.130449865873
88,D-5,0.0304516713986038,0.060556464811784,0.0304516713986038,1.39810411652188,877.358251962082,11098,51.9144466392957,280.382277910876,11.2713483656476,0.431343850714207,116.682986123626,1389.34000000001,2.8949999999801,0.943794617932302,-0.0308892992757251,0.000128626645314234,4.55297094151368,4.88832493512145,0.104510919538169,2.50250063118322,36.3278049639989,0.00293301809583582,-0.00896449749460091,0.201626162756228,15.0355707813373,3.06166949266117,177.752673773491,-0.0190750928660925,0.000257253290628467,4.64646115918787,5.14076816573123,0.114959063723368,2.53206030317483,37.5808656321678,0.0031251349028727,-0.00528226246753716,0.239363679928695,15.4146341463415,3.11903389620508,186.218067312421,-0.0427035056853577,0,4.4594807238395,4.63588170451167,0.0940627753529695,2.47294095919161,35.0747442958301,0.00274090128879894,-0.0126467325216647,0.163888645583762,14.6565074163332,3.00430508911727,169.287280234561
89,E-4,0.000265566275306382,0.000265566275306382,0.000265566275306382,NA,875.451404243624,17229,41.8782822088051,801.133038096325,10.8793103362641,0.485423632600547,76.1966791456266,2647.97500000007,0.769999998908972,0.94790948589559,-0.0304039788007734,0.000212098746051244,5.36024127201188,5.34152533182125,0.080411459027525,2.64944624476534,46.1347598292782,0.00181710044690088,-0.00440748867349844,0.152704061308839,14.3910015792908,3.22864645171139,168.010348664471,-0.0304039788007734,0.000212098746051244,5.36024127201188,5.34152533182125,0.080411459027525,2.64944624476534,46.1347598292782,0.00181710044690088,-0.00440748867349844,0.152704061308839,14.3910015792908,3.22864645171139,168.010348664471,-0.0304039788007734,0.000212098746051244,5.36024127201188,5.34152533182125,0.080411459027525,2.64944624476534,46.1347598292782,0.00181710044690088,-0.00440748867349844,0.152704061308839,14.3910015792908,3.22864645171139,168.010348664471
90,D-6,0.0328780493303047,0.0653950953678474,0.0328780493303047,0.988558437431927,868.528725739692,10266,54.0809516408291,502.216231583621,10.8142575358121,0.512335811050909,130.351828852523,3013.53499999995,1.23500000023678,1.2083196830461,-0.0456700187630641,3.82401510828271E-05,3.88836664494582,4.10004259564677,0.174875959167483,2.17216431013316,28.93599838705,0.00653291382811924,-0.0167556666570286,0.227377508705386,14.1954358874629,2.65134414655861,168.174893988319,-0.0213496253633063,0.000114720453248481,5.09090909090909,4.99531493858361,0.308878151200895,2.5360269089495,40.6536530953709,0.013910247275101,-0.00572819517089416,0.300669655366887,17.4485981308411,3.04728718856562,256.265511996026,-0.0610871988603437,0,2.39813084112149,2.70078245219159,0.0992373572387809,1.54887891350594,15.796261682243,0.00234200326115014,-0.0344786477318698,0.168191851021645,11.7724484104852,1.88890226438568,112.1011984999
91,F-8,0.000277843426515174,0.000277843426515174,0.000277843426515174,NA,854.729994158924,15559,44.5632595415746,457.885719146272,10.7665156416805,0.412523093886711,84.8897268461984,1035.78999999999,0.704999999999595,0.79057329841261,-0.022678039196273,0.000232824064804033,4.72102905937318,5.21801754301912,0.0866021072615783,2.54211749265303,37.8603972205691,0.00260361036824224,-0.0048365322573623,0.158053687034567,13.6547691525707,3.12779947929358,146.998367727425,-0.022678039196273,0.000232824064804033,4.72102905937318,5.21801754301912,0.0866021072615783,2.54211749265303,37.8603972205691,0.00260361036824224,-0.0048365322573623,0.158053687034567,13.6547691525707,3.12779947929358,146.998367727425,-0.022678039196273,0.000232824064804033,4.72102905937318,5.21801754301912,0.0866021072615783,2.54211749265303,37.8603972205691,0.00260361036824224,-0.0048365322573623,0.158053687034567,13.6547691525707,3.12779947929358,146.998367727425
92,A-6,0.000245706914421636,0.000245706914421636,0.000245706914421636,NA,845.703385916161,16634,43.031961535739,405.093567121382,10.5745919721803,0.447037903759902,80.1755413610677,1569.57399999995,1.99000000000384,0.919754523201399,-0.0251177771762541,0.000104855647797759,4.60321705038746,5.13353671638473,0.0916414189849581,2.51928312751643,35.8768033904377,0.00272345524755324,-0.00517582827375299,0.162134357139095,13.5768062212002,3.09625306672372,143.960667044453,-0.0251177771762541,0.000104855647797759,4.60321705038746,5.13353671638473,0.0916414189849581,2.51928312751643,35.8768033904377,0.00272345524755324,-0.00517582827375299,0.162134357139095,13.5768062212002,3.09625306672372,143.960667044453,-0.0251177771762541,0.000104855647797759,4.60321705038746,5.13353671638473,0.0916414189849581,2.51928312751643,35.8768033904377,0.00272345524755324,-0.00517582827375299,0.162134357139095,13.5768062212002,3.09625306672372,143.960667044453
93,H-3,0.0215527231689091,0.0427528675703858,0.0215527231689091,1.39107858908921,850.004828382691,10485,55.0306369864022,475.329497826199,14.4064442567366,0.439914678833896,127.129188841202,2838.27499999991,0.509999999864994,0.878446642863961,-0.0289611948489241,5.48945533699344E-05,4.00334031304703,4.8597452037556,0.103425653923837,2.37534064575058,27.4964038848659,0.00367428625907418,-0.00851309554850046,0.197697911319309,13.6203903926164,2.96742153784605,139.790997578509,-0.0204462564818158,0.000109789106739869,4.11906887641335,5.03529827680272,0.111356725638854,2.41123711608254,29.4449150494254,0.00389301682051657,-0.00549951374653983,0.229908484460574,14.1481481481481,3.0068278673646,149.593573244483,-0.0374761332160324,0,3.88761174968071,4.68419213070849,0.09549458220882,2.33944417541862,25.5478927203065,0.00345555569763179,-0.0115266773504611,0.165487338178045,13.0926326370846,2.9280152083275,129.988421912535
94,C-4,0.000267292442280054,0.000267292442280054,0.000267292442280054,NA,859.906404543992,18070,40.246974936077,502.21937620438,11.0397947879766,0.522765395075045,72.8631430547869,3548.52999999998,0.49000000002177,1.19687635374498,-0.0238997096755058,0.000212551692858759,4.76025343364277,5.21909235117411,0.0847197249667666,2.54675425946842,37.7463839463843,0.00249737306858957,-0.00474400640675808,0.156565753652573,13.7752520936146,3.13702587100782,149.156100522937,-0.0238997096755058,0.000212551692858759,4.76025343364277,5.21909235117411,0.0847197249667666,2.54675425946842,37.7463839463843,0.00249737306858957,-0.00474400640675808,0.156565753652573,13.7752520936146,3.13702587100782,149.156100522937,-0.0238997096755058,0.000212551692858759,4.76025343364277,5.21909235117411,0.0847197249667666,2.54675425946842,37.7463839463843,0.00249737306858957,-0.00474400640675808,0.156565753652573,13.7752520936146,3.13702587100782,149.156100522937
95,A-7,0.000246323512649848,0.000246323512649848,0.000246323512649848,NA,837.698474489928,15771,44.7089978228499,255.939460564146,12.5612544063749,0.353112434072375,85.4746302707501,773.28350000001,1.04799999999506,0.724250665891717,-0.02017507482623,0.000197431956737716,4.27807629983454,5.07533386221585,0.094007045348982,2.44901159561214,32.2210389935069,0.00328239735740763,-0.00536370753427032,0.164093405512617,13.3220979282951,3.04020426388281,136.663963939573,-0.02017507482623,0.000197431956737716,4.27807629983454,5.07533386221585,0.094007045348982,2.44901159561214,32.2210389935069,0.00328239735740763,-0.00536370753427032,0.164093405512617,13.3220979282951,3.04020426388281,136.663963939573,-0.02017507482623,0.000197431956737716,4.27807629983454,5.07533386221585,0.094007045348982,2.44901159561214,32.2210389935069,0.00328239735740763,-0.00536370753427032,0.164093405512617,13.3220979282951,3.04020426388281,136.663963939573
96,F-4,0.0415010803948612,0.0827498408656906,0.0415010803948612,1.40561537034466,834.568273888117,21066,38.1012855879776,325.215350066425,10.6487350926809,0.448705345897039,64.4553780974081,1828.54000000003,0.0500000002256042,1.03595170042651,-0.0463585287984166,0.000520546643433119,5.59345357981285,4.90092336158076,0.108435387780904,2.62187865488204,52.4470577855027,0.00209125943249153,-0.00772848167747397,0.187711797294539,14.9863075348697,3.15470803880395,187.267178057961,-0.0216767743452436,0.000771803447388732,6.33290455364034,5.26476975098958,0.131641455117879,2.67845451070521,65.9511191149987,0.00235705212688164,-0.00471243671899057,0.218701495261322,15.1618214561358,3.16371384016549,201.589388714615,-0.0710402832515895,0.000269289839477507,4.85400260598535,4.53707697217194,0.0852293204439287,2.56530279905887,38.9429964560067,0.00182546673810142,-0.0107445266359574,0.156722099327756,14.8107936136036,3.14570223744241,172.944967401307