"","coreName","Area.µm.2_Max","Area.µm.2_Min","Area.µm.2_Mean","Area.µm.2_CoV","Length.µm_Max","Length.µm_Min","Length.µm_Mean","Length.µm_CoV","Circularity_Max","Circularity_Min","Circularity_Mean","Circularity_CoV","Solidity_Max","Solidity_Min","Solidity_Mean","Solidity_CoV","Max.diameter.µm_Max","Max.diameter.µm_Min","Max.diameter.µm_Mean","Max.diameter.µm_CoV","Min.diameter.µm_Max","Min.diameter.µm_Min","Min.diameter.µm_Mean","Min.diameter.µm_CoV","chullLength_Max","chullLength_Min","chullLength_Mean","chullLength_CoV","chullArea_Max","chullArea_Min","chullArea_Mean","chullArea_CoV","elongation_Max","elongation_Min","elongation_Mean","elongation_CoV","FD_Max","FD_Min","FD_Mean","FD_CoV","convexity_Max","convexity_Min","convexity_Mean","convexity_CoV","curvMeanStat","curvMinStat","curvMaxStat","curvStdStat","n_protrusion_Max","n_protrusion_Min","n_protrusion_Mean","n_protrusion_CoV","n_indentation_Max","n_indentation_Min","n_indentation_Mean","n_indentation_CoV","MOI_Max","MOI_Min","MOI_Mean","MOI_CoV"
"1","I-6","327.4553","4.5194","24.6421300847458","0.851188349853128","68.0705","9.1357","18.5408788983051","0.328665215041558","0.9813","0.1882","0.827317838983051","0.130749521138131","1","0.5542","0.985138601694915","0.0516243446809915","26.1564","3.1304","7.16845406779661","0.342081756368095","17.6735","2.2001","4.25884822033898","0.350207814457522","68.0173437771166","9.13628211804265","18.4258954817817","0.323888357367563","329.707935491205","5.59087588839991","25.0573673233905","0.857870513486157","3.56064087108853","0.341580138059128","1.61705552267078","0.328386438726702","1.07342069416464","1.07342069416464","1.07342069416464","0","1.00027077622406","0.679817443938152","0.994921003412002","0.0230990731443449","0.461438184831694","-0.564752276909418","4.05389365271858","0.636533654035711","4","0","0.598728813559322","1.41492643511247","0","0","0","0","2209.49337429155","-1293.15500896954","6.03104751414568","17.0606231656343"
"2","I-7","790.6643","4.3641","24.6070534438306","1.52850541092196","103.9311","8.4932","18.1751932596685","0.415267747987418","0.9761","0.1761","0.809266298342541","0.14357694438196","1","0.5257","0.983002909760589","0.0544417822829794","38.7071","2.9916","7.09935307550645","0.422887481490179","27.9008","1.9053","4.06195230202578","0.442517852470417","103.913935882256","8.4944836911223","18.0453974188833","0.410637640282697","791.717042243411","4.9390443441983","25.0664388006486","1.51726605271384","3.88217675324618","0.415963208720917","1.69718746559063","0.348464095211879","1.07342069416464","1.07342069416464","1.07342069416464","0","1.00019109062551","0.59366717234906","0.994098776725616","0.0246387754461236","0.486302560539295","-0.717658996019306","4.34228123125165","0.704534269968243","5","0","0.740699815837937","1.24916485442684","0","0","0","0","7570.29636413946","-6631.08230073766","-0.550126806959131","-464.965995287274"
"3","J-7","245.6425","5.6979","32.9250110881135","0.606039074707521","65.7256","9.1134","21.3629109698403","0.294841290422506","0.98","0.1829","0.838932318154938","0.124466117687232","1","0.5169","0.986639769367238","0.0466489481329259","27.6682","3.1593","8.22175795387345","0.312080882009253","12.2259","2.108","4.97160901833235","0.319547139909205","65.5078310397394","9.11479128061045","21.2668599962242","0.294175620850235","253.885516300605","5.83906016400259","33.3292962979964","0.601787835087233","3.85753485385824","0.38274065740528","1.60201657392675","0.329088234455202","1.07342069416464","1.07342069416464","1.07342069416464","0","1.00023609306582","0.68337358763835","0.995900875265789","0.0198754383438305","0.402815215252633","-0.565678683360732","3.33955026718383","0.545271869014763","5","0","0.515375517445299","1.59572581735395","0","0","0","0","1611.21444564993","-747.83783820215","-1.58769114646946","-47.1138786921291"
"4","K-10","312.8633","5.4613","30.6077927621861","0.555935506910999","69.4736","8.968","20.0221449286066","0.265470476236267","0.9857","0.2552","0.903081388478582","0.0978561811791315","1","0.6116","0.993845913343181","0.0321054035681573","28.3999","3.1017","7.23215864106352","0.296149341624901","14.6443","1.974","5.32101356474643","0.274362694687232","69.4351364144298","8.96992985719","19.981535609899","0.264803747328382","314.406295883225","5.46060027059878","30.7822969014087","0.555388465623216","3.6945122376407","0.37582677255133","1.27806538011559","0.354542094138376","1.29545588352617","0.943762635370795","1.07136364604132","0.0159183770859189","1.00035538864406","0.7431165583094","0.998155160182193","0.0119776336377675","0.383979835151711","-0.276958207878674","2.06845318436716","0.370300171436615","5","0","0.286804529788282","2.20278421559379","0","0","0","0","1570.28417979406","-5855.20620942612","-2.42494820857427","-44.8564919508893"
"5","J-9","2332.0581","5.457","37.0338357723577","2.07143050320603","198.0199","8.8499","23.204699898374","0.379767117183299","0.9785","0.2113","0.771155691056911","0.173480161362642","1","0.5669","0.979142073170732","0.0567103837267586","83.8284","3.1595","9.34054004065041","0.402247146915942","35.8414","1.7369","4.72259369918699","0.392941007529818","197.601874350398","8.84904188776984","23.0571290335729","0.376992203534037","2363.9942222372","5.45572562720005","37.8085244788337","2.06120699210708","4.48760474997393","0.444922214139881","2.01788669523715","0.341888956896115","1.32603834828985","0.973766290052934","1.07236563000898","0.0233607395542053","1.00025402923649","0.737328940829153","0.99441464890188","0.022207176882836","0.393337887506747","-1.09309245416817","4.22707475596199","0.681354019030816","5","0","0.708333333333333","1.33369819509964","0","0","0","0","234645.757802982","-2673.87784979506","234.295568330693","31.9406761643312"
"6","F-9","246.6648","4.9891","25.0692203411244","0.741563483970069","93.213","8.7883","18.8837389134555","0.314828836018023","0.9784","0.2435","0.81964542008844","0.143520244709662","1","0.587","0.980871825647505","0.0567971475121012","28.1759","3.2562","7.30320701200253","0.333931814559693","15.2077","1.9862","4.31087454200884","0.321390838051313","71.8108460696928","8.78782369663791","18.7382848556245","0.309100182589901","326.316224570605","4.98900686260142","25.5791159526037","0.749902501560409","3.58781052352712","0.394187341772029","1.6333329902595","0.338020697398389","1.07342069416464","1.07342069416464","1.07342069416464","0","1.0002862026547","0.770395181677372","0.993412429274219","0.0235226084975668","0.463820886258316","-0.771409305034782","4.77887776308986","0.724413300653007","5","0","0.68603916614024","1.35176794806546","0","0","0","0","1689.47372411551","-2898.57035177778","-3.37671970657376","-28.7008907828862"
"7","G-1","318.4947","4.4541","27.9293251417769","1.00142031325473","67.3135","8.2828","20.0573030245747","0.377142735536169","0.9808","0.2384","0.777680151228733","0.162427702307138","1","0.5431","0.980088563327032","0.0541912985078695","28.4093","3.1879","8.03492901701323","0.384562909404746","18.9363","2.0076","4.17842741020794","0.435515996043093","67.1652392190553","8.28252707285641","19.9316723161456","0.37414150107281","318.484847150594","4.45387819759875","28.5385887294559","0.993235696262324","4.23817269714895","0.40332749675551","1.92792891520817","0.34670609849259","1.07342069416464","1.07342069416464","1.07342069416464","0","1.00010878516734","0.774035422949868","0.994845848818578","0.0203581872461095","0.460044864967002","-0.775700686934377","4.58126906583718","0.715851064150706","5","0","0.761814744801512","1.23654321829042","0","0","0","0","1371.53260191183","-4409.82058584719","-24.0546945798384","-8.05071251428031"
"8","F-2","204.1406","3.8099","18.9624276783485","0.483811651927944","57.3036","7.8541","16.2637946308166","0.224893841628564","0.9837","0.2349","0.863227645051195","0.1053242109172","1","0.5833","0.98782930991426","0.0472214195144678","21.5121","2.8469","6.09219334887206","0.255784712058866","15.65","1.8525","4.04429474735703","0.217981255139669","54.7709527562359","7.85492066044373","16.1915878776887","0.224485525465867","218.462801855196","4.09219614660016","19.1589354939172","0.48040161898334","3.54495047828753","0.448238744001374","1.38426251260076","0.297386163961887","1.07342069416464","1.07342069416464","1.07342069416464","0","1.00020326839687","0.727662473644819","0.995705630141779","0.0184498508822857","0.48291895542361","-0.380223439925217","3.61756994201436","0.582418255022218","4","0","0.513776741862982","1.55134278272301","1","0","0.00016648630650129","77.498386811436","351.659197460244","-1970.16327394081","-1.35428026698923","-19.4594324948236"
"9","B-10","395.4137","4.8335","24.9766778210678","0.597893756636276","75.5667","8.692","19.1596517893218","0.278433176080441","0.976","0.1772","0.816237229437229","0.156412488883403","1","0.5441","0.981105295815296","0.0588753243882206","28.1606","3.1382","7.45181705627706","0.313548990486642","17.5993","2.013","4.30002196248196","0.27219509067232","73.8523221506714","8.68945974986184","19.0056268376777","0.273657896150035","395.96848916059","4.83005020340246","25.4410637557919","0.59754258796353","4.21829575455508","0.339124559045359","1.67810020821868","0.363477905352626","1.07342069416464","1.07342069416464","1.07342069416464","0","1.00028973671201","0.673382053546411","0.993015283678121","0.0260851871941679","0.454466473603153","-0.836414209576765","4.78963537430102","0.721551464199194","5","0","0.656709956709957","1.4103988741298","0","0","0","0","3817.67870844954","-1926.66752201756","-0.480319284516767","-156.700903787462"
"10","E-6","372.9418","5.3276","28.4996373427673","0.845402743097018","82.3475","8.7308","19.8975471698113","0.343316475571139","0.9803","0.214","0.821875943396226","0.135182302382931","1","0.5512","0.981988888888889","0.0560879038782979","24.5809","3.0456","7.70215251572327","0.357846460963197","20.0843","2.2374","4.54861983752621","0.361847477235383","69.5317623795639","8.73178935033585","19.7539769566726","0.339836796122487","372.93138821319","5.35448144800093","29.0623607558998","0.851305301827479","3.91736018641905","0.391997566592609","1.62597286858471","0.330875862189455","1.07342069416464","1.07342069416464","1.07342069416464","0","1.00016395825791","0.744812913568631","0.993785026340606","0.0240908465097614","0.443172771358203","-0.736818541507582","4.26031011662943","0.672119422280626","5","0","0.662997903563941","1.32421858955585","0","0","0","0","1406.6415331426","-1438.6346527343","-13.6796544619014","-7.31591162103573"
"11","H-7","1032.4102","4.3169","27.0112058109074","0.931832971340383","122.0414","8.8307","19.5144502976899","0.3200681250892","0.9827","0.2084","0.819337223148369","0.144336624459304","1","0.525","0.983173160276256","0.0556165691358351","48.3494","3.1177","7.59013117408907","0.340952467712907","29.1445","2.0381","4.40161738509169","0.341956071332301","121.959693243027","8.53089239505089","19.3934835279175","0.318533504059655","1036.14980052741","4.8278962912014","27.4541838924696","0.950551563700553","4.02548348749756","0.285434904471477","1.68172124276986","0.340034675719666","1.49476469174957","0.958768919904015","1.07239960038563","0.0193398787040749","1.00024804983883","0.734241119736594","0.994403839260885","0.0235378635127066","0.446318416151108","-0.572977322845964","3.99723132121265","0.632076448093987","5","0","0.619195046439629","1.44915762605551","1","0","0.000238151940938319","64.7996913572897","1620.50492550147","-20068.3952201295","-9.53913887205787","-33.5195046656662"
"12","B-4","271.7053","4.5959","21.9380186366296","0.652254810597444","60.8958","8.5136","17.1448863370392","0.293479882515183","0.976","0.1929","0.865416296079579","0.097002281529044","1","0.5359","0.993837214745465","0.0323277192083795","23.238","2.9959","6.46569704505559","0.311016442352738","15.8643","1.9167","4.2254700702165","0.309282035202326","60.8937606340628","8.51247993204164","17.1081154183251","0.292749847099724","271.690826349003","4.92657432620027","22.0618890749912","0.652907765781783","3.78888308976832","0.360938047455823","1.43023429891336","0.327442896463638","1.07342069416464","1.07342069416464","1.07342069416464","0","1.00014241374743","0.7342272889349","0.997997971906484","0.014050016787241","0.466288860135794","-0.273199076302452","2.68207724143214","0.483131538977258","5","0","0.454066705675834","1.59900376730575","0","0","0","0","489.176732517251","-273.705594150653","1.46396576096092","19.5507313029979"
"13","F-1","1908.2957","4.9568","22.5692531690141","1.59784468353844","161.1783","8.6545","17.7869360915493","0.330521946876331","0.9757","0.2474","0.823480017605634","0.142973357577075","1","0.5598","0.980581866197183","0.0589742698635094","57.1991","3.1444","6.84489125586854","0.353870280289539","41.6938","1.8744","4.11063550469484","0.332248182680646","161.039289138446","8.65384411750789","17.6474863060093","0.32862989699777","1924.64753876761","4.95594585619954","23.0089661859761","1.58521745522095","3.71027233467786","0.435688680438467","1.58208550651096","0.341897493414327","1.07342069416464","1.07342069416464","1.07342069416464","0","1.00015337859399","0.745829645197355","0.993000988332845","0.025044599809368","0.481208513918212","-0.638814199520755","4.80707648729282","0.723934123052763","5","0","0.678697183098592","1.36805223803702","1","0","0.000293427230046948","58.3780780773057","6501.93092590859","-1694.88502979795","1.39487101891491","94.249682148745"
"14","B-2","549.5479","3.5952","17.7834041132152","0.935637683222402","99.614","8.1604","15.4611041539401","0.339650403439706","0.9789","0.1598","0.858632254123396","0.107669171397853","1","0.4995","0.98870633272246","0.0449672873451846","41.957","3.0121","5.80251270616982","0.378656787146287","17.6851","1.386","3.82043602117695","0.291004181955181","99.1973431149235","8.15294246191449","15.3929894935207","0.334429328705668","565.767148828792","3.59563178519969","18.0060764085585","0.945645206821667","3.71006382596192","0.467081660253099","1.38640213299072","0.329888911409022","1.07342069416464","1.07342069416464","1.07342069416464","0","1.00006854478744","0.618595484826302","0.996318584521926","0.0178875178356037","0.511551485845218","-0.457929163451229","3.29009555393074","0.565796275730109","4","0","0.51659539808593","1.51874377102257","0","0","0","0","11036.0628179322","-2074.82653225249","-0.897954310084482","-241.605656511042"
"15","C-5","326.983","4.2728","22.7781766825575","0.708828998154079","65.4953","8.955","17.8511767106001","0.287148622122214","0.9784","0.184","0.838876430173864","0.125041600590159","1","0.5254","0.982734352215367","0.056204162747561","24.0007","3.1461","6.81375886146943","0.309318359257234","17.937","2.1189","4.23831095064498","0.291516794917646","65.4941226997039","8.95500205221963","17.7423417075326","0.285349874466154","326.971931095611","5.08590199420066","23.1618812863517","0.707023343037196","3.74409085187318","0.368228399024304","1.51643855338734","0.315103732094929","1.07342069416464","1.07342069416464","1.07342069416464","0","1.00017942702774","0.693456163499047","0.994400495109259","0.0210200989144363","0.468420837878623","-0.596404580023307","4.246491308264","0.665733540918216","5","0","0.601934941110488","1.44177831755719","0","0","0","0","2002.9985962189","-2566.96168388346","0.912070968660326","74.1936756596891"
"16","A-9","688.4379","3.9175","22.4827812746151","1.03051482483314","136.2612","8.4022","17.7407623702112","0.317147976753815","0.9743","0.2311","0.839065306122449","0.118982451841663","1","0.5662","0.990206408879341","0.0415522737791996","45.7494","3.1396","6.86006451843895","0.331673219152015","21.7411","1.9616","4.1057149301826","0.297865195156304","111.870690355855","8.40176548122451","17.6617315068284","0.303145003152491","796.895881941989","4.65650053140025","22.8026863496995","1.12032402378035","3.67161170407511","0.351752366949569","1.59651085545026","0.331974865410257","1.07342069416464","1.07342069416464","1.07342069416464","0","1.0002052357137","0.705414353619003","0.99675659604616","0.0185300278879917","0.460336389628947","-0.380784765803138","3.16949147809921","0.542534120658026","4","0","0.553884711779449","1.46571114237027","0","0","0","0","37236.9301218019","-3351.07979840202","18.9553994696151","38.7253690755877"
"17","B-3","208.6676","5.2788","26.7349484217377","0.561375993062901","57.9441","8.6705","19.049383013342","0.266513944934608","0.9774","0.2863","0.865677936869509","0.0998606436994049","1","0.6823","0.994887438984706","0.0271128437073502","23.9486","3.0965","7.22085587373902","0.281779879499205","11.2909","2.1177","4.63826469248292","0.299488110404708","57.9312094901871","8.66993391972258","19.0196580131758","0.26647924824732","209.740972397797","5.27817730480028","26.86551133964","0.559852220472945","4.10615487569875","0.387862457200271","1.49605104135573","0.332311196248973","1.07342069416464","1.07342069416464","1.07342069416464","0","1.00006072675842","0.812596132595382","0.998543946294947","0.011122342670652","0.420860539541582","-0.28158176229867","2.32528540841647","0.435519224343477","4","0","0.403514480963228","1.70591569498795","0","0","0","0","276.210070136928","-1026.61664193822","2.63303371028243","14.8179360938429"
"18","C-8","255.4485","5.0199","25.5860902148664","0.640201275901269","58.6609","8.9648","19.2441300232288","0.286129479421571","0.9789","0.2265","0.813571777003484","0.137318119981388","1","0.5534","0.98507950058072","0.0491019933279527","22.0708","3.1541","7.55406530197445","0.306768471688911","15.7725","2.0707","4.26536013356562","0.308030962672541","58.6591344830314","8.96406704165395","19.1417759795153","0.284742325118843","255.433931833197","5.67153938499895","25.9646311789578","0.635286341613677","3.97708460398949","0.284104627766535","1.72514064525216","0.332187755845257","1.07342069416464","1.07342069416464","1.07342069416464","0","1.00016137085138","0.751186410447619","0.995288344749035","0.0213406159881958","0.447960241863408","-0.909973240450308","4.22290150755042","0.675842805366064","5","0","0.632113821138211","1.36009911293875","0","0","0","0","493.376178378958","-1599.30122826689","-9.96413355682143","-6.57036051684806"
"19","I-8","567.1476","4.045","26.5230345949327","0.965406072023693","86.095","8.2569","19.2050319674695","0.353014550854659","0.978","0.1567","0.808019111667188","0.139268597223546","1","0.507","0.984358085705349","0.0493514438737812","29.7028","2.9539","7.5356590553644","0.362174291596558","23.7514","1.7408","4.25658317172349","0.393715777504132","86.0893372499523","8.25568092549359","19.09976406325","0.351467623742299","567.78882730898","4.28889264540148","26.9311238743135","0.961158246061238","3.94097271208675","0.35450260481321","1.73090949277991","0.346397127514027","1.39854937649027","0.949060192990395","1.07189588818107","0.0171850063510617","1.00023862555581","0.72994634193468","0.994960945901933","0.0213392556923307","0.4672219973239","-0.756871211454827","4.60702657597137","0.713602500552269","5","0","0.680012511729747","1.28798022203464","0","0","0","0","4492.34574776837","-5305.29595657345","-6.14041864586554","-27.5484375196453"
"20","D-9","3166.645","5.1363","25.6248718265605","1.88024492388497","209.1985","8.4855","18.4606294721408","0.256850280117143","0.9777","0.2701","0.892764537075827","0.0896034823451452","1","0.5998","0.99556715542522","0.02586140434693","75.5345","2.9396","6.79623003770423","0.274522768927422","52.5352","2.1864","4.77486971093423","0.267665710099716","209.119329906173","8.48482928863382","18.4317824883138","0.253530436642928","3179.3670535194","5.13551411540156","25.7632370948006","1.89840510854182","3.65005555651493","0.384154258497199","1.33801492126998","0.325311786106003","1.07342069416464","1.07342069416464","1.07342069416464","0","1.00022228017935","0.778715005027074","0.998662811999899","0.00999933556352822","0.408327482219715","-0.182405443687977","2.16758583374305","0.391689761144772","4","0","0.308755760368664","2.06533318764599","0","0","0","0","248764.08112624","-1901.53715149576","60.7918078728311","59.3999691585971"
"21","A-5","1558.5035","4.4504","24.5138243483789","1.42226219081816","231.6114","8.4843","18.578029020979","0.374398460637099","0.9781","0.1832","0.823448188175461","0.125450454677481","1","0.5568","0.987251652892562","0.0448438371211331","62.276","3.1499","7.24162898919263","0.344969844588087","39.2251","2.075","4.19987666878576","0.346752000457612","153.154840531577","8.48453009367316","18.4644393731216","0.328056022780398","1672.33940760343","4.45086890399936","25.0403019438847","1.67328963463257","3.56646116568575","0.389664142704347","1.66653179532218","0.329480217475492","1.07342069416464","1.07342069416464","1.07342069416464","0","1.00012035876672","0.66125778148907","0.995906028478529","0.0189509301577679","0.453249399145018","-0.659844224808184","3.62317160221908","0.609794433085595","5","0","0.622059758423395","1.39657412774305","1","0","0.000317863954227591","56.0892146495206","58551.4857399636","-1789.90635158966","19.1527242404659","54.6239121892446"
"22","G-10","229.0988","2.7335","19.8220640541171","0.65062877780073","56.068","7.8754","16.5546689059949","0.270897337485753","0.9791","0.2559","0.861030044320037","0.101272380396394","1","0.5399","0.99246200139958","0.0346206574098065","20.792","3.059","6.26837874970842","0.301857905409913","15.7246","1.215","4.04288315838582","0.258744008050304","56.0536125881496","7.87474869518714","16.5035230463668","0.267801320462013","230.194831822993","2.73283020920081","20.0032505900398","0.65559859308283","3.59233355290973","0.449266698549068","1.44011416607596","0.329316566532764","1.07342069416464","1.07342069416464","1.07342069416464","0","1.00033911461068","0.756137492110241","0.997457035725173","0.0145417550089868","0.476191325052082","-0.350222747330788","3.02609885013232","0.523085428133611","4","0","0.50828084907861","1.47696341566087","0","0","0","0","280.692252853857","-1548.06148167169","-2.17464287721695","-20.0647550805666"
"23","E-8","2682.4565","5.1048","25.4225602213542","1.91685180593641","394.7709","8.8332","18.3764706163194","0.50623296028216","0.9832","0.1782","0.840376085069444","0.119227053859873","1","0.5683","0.988592296006944","0.0430523542099186","93.5821","3.019","7.04555447048611","0.437542059636457","73.7008","1.983","4.30223161892361","0.429487627014528","259.414664980891","8.83312311510647","18.2548477943021","0.41662320509995","4626.65272915882","5.10466885599902","26.3087576490975","2.96168676388807","3.71765433502755","0.335426216820808","1.54906945010875","0.341817069859724","1.07342069416464","1.07342069416464","1.07342069416464","0","1.00015288930145","0.629481480057072","0.996375654334749","0.0186097232091263","0.464026503107036","-0.447069615734236","3.63218946513391","0.587367226797002","5","0","0.571614583333333","1.42585171432515","0","0","0","0","54921.6236012346","-370740.537587871","-63.1713614325681","-87.4990264864574"
"24","L-10","149.0272","3.0449","12.2295480894913","0.377548048407312","44.9678","7.4391","13.0978682803693","0.161553171591241","0.9671","0.3288","0.872470175317265","0.105711121987462","1","0.5659","0.981134600089906","0.0583829519335711","16.3169","2.7658","4.68649414225941","0.181210695483593","11.9885","1.5725","3.53286990214046","0.158560497759579","44.967540186131","7.44168918121966","13.0152913872248","0.162078074625035","149.022981026388","3.35037435680512","12.4241217075286","0.366404855516682","3.13415912229505","0.475937114245918","1.16392195939398","0.198779666380024","1.07342069416464","1.07342069416464","1.07342069416464","0","1.00059331576508","0.794740627245104","0.993791285656932","0.0202712456895011","0.567547384291821","-0.474129135770557","4.40054665416523","0.693926401025732","5","0","0.566962896365711","1.49320619057881","1","0","0.000103738026902728","98.1784089143143","316.357092758684","-173.295367854787","-1.44386860545655","-3.84853259372597"
"25","C-6","397.5986","4.0784","27.3713288445957","0.690805793050633","97.8188","8.6187","19.6674430076163","0.311032144688429","0.9817","0.2054","0.826606287473667","0.136463242848574","1","0.5633","0.9852608815427","0.0496997501099047","35.2118","3.0425","7.62883339815265","0.335200519349343","23.4608","2.126","4.47580478042457","0.31793780230957","83.9027975159596","8.61801389307392","19.5582893301867","0.307587150694557","437.315162950404","4.95785242920038","27.7938141728398","0.69848367049633","3.98246671920736","0.39106657095339","1.64886835266144","0.345497865304259","1.07342069416464","1.07342069416464","1.07342069416464","0","1.00020234953336","0.739854999623491","0.995217771488228","0.0208786998156225","0.438690810804446","-0.512440902203456","3.86710865784784","0.602951663662559","5","0","0.567006968076487","1.49290225031793","0","0","0","0","7705.92525206088","-1766.78152901741","11.2269726829286","11.529971486837"
"26","J-5","265.5812","5.0571","30.7012267542454","0.548481675306497","60.8428","9.2151","20.8659177507209","0.248405273924729","0.9853","0.2688","0.831307946171099","0.134826666126441","1","0.5867","0.990409868631849","0.0380097837687676","24.7989","3.2715","8.11013370714515","0.258085826716034","14.5228","2.0329","4.76681028516501","0.32480208196224","60.8420561789001","9.17795271974106","20.8082416828029","0.248449859556804","265.571974020791","5.62001038500049","30.9475998871555","0.544964847089689","3.97896107109029","0.384780596858852","1.71234436400848","0.355855503657658","1.07342069416464","1.07342069416464","1.07342069416464","0","1.00018629345159","0.779307928492404","0.997298121612266","0.0153266604681955","0.400291129073555","-0.719889993302986","2.91100947281177","0.526011892719888","5","0","0.534444088433194","1.55632826987183","1","0","0.000320410124959949","55.8659108938537","1448.50572965705","-964.877449014073","-10.3255565086591","-6.09271927704152"
"27","F-10","465.3777","5.6003","31.8463219028063","1.43650916310371","80.2744","8.9305","20.0036631759069","0.451405703917341","0.9778","0.2194","0.840724229979466","0.131502637011478","1","0.5399","0.989482546201232","0.0394204483274201","32.9704","3.0838","7.68294236824093","0.470632227730737","23.0028","1.9048","4.68324900752909","0.468429718750577","80.1184361610664","8.93126791293844","19.9311253993967","0.449988942317099","465.798436048421","5.6011507710008","32.2632234954536","1.43600146900434","3.59076308473178","0.486969037730598","1.5941968034651","0.374601748263608","1.07342069416464","1.07342069416464","1.07342069416464","0","1.00023947357083","0.774713302906551","0.997068349173208","0.0162142711611916","0.428076531218727","-0.752871913157622","3.07276552345541","0.5496775455115","5","0","0.574948665297741","1.45022954354227","0","0","0","0","4640.93986135896","-10606.5077891518","-20.1844428983038","-21.6540311269528"
"28","L-2","245.9997","7.4878","61.0834419930876","0.473720196595478","60.1533","10.5421","28.6724375","0.237425054945925","0.9847","0.2384","0.878133928571429","0.100131742043978","1","0.5343","0.992768548387097","0.0328661887696045","22.6288","3.75","10.815040264977","0.244380163073499","16.8636","2.0512","7.04352980990783","0.285216629984285","60.0288065716343","10.5419005652248","28.6214158733803","0.23822034009783","248.795842383607","7.48718431159966","61.396110764427","0.470341504693375","3.8682537460836","0.446811473127266","1.51235460817972","0.296700645468436","1.07342069416464","1.07342069416464","1.07342069416464","0","1.00019294770123","0.781772210080984","0.998063735225412","0.0125914911226196","0.284013875616439","-0.470477951615413","2.01039391650238","0.345143164492654","4","0","0.248271889400922","2.38793891824526","1","0","0.000288018433179724","58.9236794506249","1244.32014903242","-1472.71455281812","19.3688547047897","7.81271737247251"
"29","A-8","289.4241","4.6502","37.2793658599484","0.607897909088074","66.4351","9.3685","22.387575699266","0.277491320992359","0.9833","0.2776","0.867441519539774","0.111807006576831","1","0.5532","0.985531085102162","0.0488891451013287","25.3623","3.208","8.34798718508232","0.287035328370554","15.6795","2.1283","5.58004034913708","0.303993828937123","66.1623524865618","9.15772531905361","22.2814828462143","0.277148644348786","296.826538573605","5.67553803539787","37.749588778447","0.602810139773477","3.63361557307638","0.499363702566133","1.42590864100736","0.29164717923671","1.07342069416464","1.07342069416464","1.07342069416464","0","1.0001214820583","0.667920210982605","0.995510726675252","0.0193846177380897","0.372514561208282","-0.544987276812425","3.0767606163672","0.500510550517697","5","0","0.424122197976592","1.79197416541079","0","0","0","0","3759.90419177413","-1658.01788348738","-2.07073853810803","-44.6900510226479"
"30","F-3","198.2914","2.5843","20.7051720481253","0.571244365923571","52.0948","7.9985","17.0150437884723","0.267518522196762","0.9805","0.2699","0.849192576011938","0.11898610246496","1","0.5838","0.986879947770938","0.050477376914778","20.0352","2.9477","6.47300180003731","0.304668033769265","15.7706","1.6694","4.08253869613878","0.250541885430435","52.0803600552493","7.99854626788006","16.9319652784872","0.267802865262338","198.718290643994","3.93242532919816","20.9370269021265","0.565012417776639","3.57661169415267","0.346134737678773","1.47579265242956","0.325318685574936","1.07342069416464","1.07342069416464","1.07342069416464","0","1.00016629590239","0.771355145052856","0.995287397844431","0.0203922128035935","0.478221556760017","-0.434828670643497","3.9690497110983","0.614764909355577","5","0","0.522663682148853","1.56367554657395","1","0","9.32661816825219e-05","103.547090736534","1024.50789159948","-1048.8309814061","-2.01912546964309","-17.3203447380233"
"31","K-8","241.4709","3.8482","19.6951482643525","0.715523226742248","57.54","8.4594","16.5182038451268","0.293100743616184","0.9837","0.2153","0.843264165554072","0.116761367961552","1","0.558","0.987318451268358","0.0474465996452484","21.4335","2.9354","6.30307428571429","0.318300120565373","14.5848","2.0005","3.9434514953271","0.294030552515493","57.5406873748728","8.4593043423561","16.4383950163268","0.292657754247303","241.474138302608","5.0000340686026","19.9269589081682","0.711705245302096","3.89622539476398","0.419268755792598","1.49380223737525","0.320971589137497","1.07342069416464","1.07342069416464","1.07342069416464","0","1.0003696571889","0.756239995971238","0.995452566647427","0.020075424102684","0.497984300285566","-0.43424340354072","3.96264229429715","0.632725115104066","5","0","0.593991989319092","1.40018749503822","0","0","0","0","903.990506096291","-1994.8651401743","-1.38060664649659","-40.0959998433078"
"32","G-7","237.8916","4.4793","26.4384652667884","0.596118630417063","63.3454","8.9212","18.8877606005275","0.273564027792331","0.9836","0.2171","0.8683795090282","0.108236936728975","1","0.5674","0.992974396429296","0.0344058336784404","26.8487","3.1547","7.12613927774396","0.29341579447852","15.5407","1.7506","4.63731065124772","0.296530636252637","63.2664390697971","8.92004662589497","18.8405261746902","0.273134645143779","241.066884003999","5.05990046079897","26.6012503200945","0.595241928046688","3.74821657216092","0.349014349095932","1.46604743873199","0.335042480792031","1.07342069416464","1.07342069416464","1.07342069416464","0","1.00020226524811","0.763756060388484","0.997665519412694","0.0147342755185061","0.421851223548044","-0.317301688589346","2.60202179775232","0.452169177855114","4","0","0.380807466017448","1.86521696508557","0","0","0","0","990.094171892466","-1633.86946143132","-7.46138637439641","-7.74580821937752"
"33","D-2","387.7969","5.0307","27.5034507801638","0.535551008177828","71.8516","9.0969","19.5657530974818","0.228244546203397","0.981","0.2548","0.865123250424842","0.105417831723911","1","0.567","0.991295149080797","0.0395090169707286","26.1378","3.2635","7.42199284721149","0.252804534090481","18.607","2.0976","4.7365384674803","0.239684153019809","71.8083081610423","9.0960816759682","19.5003239828069","0.226991725349031","389.197032353196","5.84627422400096","27.7294800380616","0.534567172928318","3.63037534178431","0.384155431090879","1.48781755300047","0.310898961558144","1.39854937649027","0.953445297804261","1.07226764271566","0.0114031587029232","1.00009016461315","0.747950362734596","0.996992869200348","0.0167436850264876","0.405101077124691","-0.374532886127045","2.87909994895727","0.47394261723168","5","0","0.38606519388228","1.89287083443649","0","0","0","0","2767.39730901391","-2456.81068347902","-5.30155212660662","-13.0271202737703"
"34","K-6","225.4861","3.4482","19.4092031870114","0.804886467925058","57.9369","8.1187","16.2259010222489","0.321857286482251","0.9836","0.2122","0.850551377029465","0.114852066893055","1","0.529","0.985575947083584","0.0514406246500786","21.6067","2.8736","6.10876906794949","0.342300268517918","15.3079","2.0504","3.97576910402886","0.315910774812595","56.052457444806","8.11793668177449","16.1277166232596","0.318032900852325","226.838006035402","4.39333162260072","19.6946502139158","0.803184184352726","3.66036196801843","0.459889132219921","1.42107325718792","0.310704289617117","1.07342069416464","1.07342069416464","1.07342069416464","0","1.0003951316866","0.590475221894591","0.994808518414747","0.0219560196897121","0.504084652590562","-0.475699414738652","4.04552849375569","0.642936783570766","5","0","0.595429945880938","1.40359306916477","1","0","0.000120264582080577","91.186621825792","1547.10862900393","-1673.36296209264","-1.09752853962804","-51.6450352295113"
"35","I-4","229.606","4.2797","33.0485981308411","0.472316217633873","60.5874","8.9243","21.1427074599466","0.229741198801442","0.9842","0.2685","0.883732943925234","0.0961809079389518","1","0.5846","0.992479289052069","0.0364550933828629","24.9386","3.1258","7.88819419225634","0.24739168700975","13.7693","1.9003","5.31156892523364","0.250531027761377","60.5351290743355","8.77428805206314","21.0893617362996","0.22923381718517","231.399569537186","4.91443409379862","33.2610530594869","0.470256459321003","3.5020019243309","0.366093380282024","1.41406323175671","0.294720987117135","1.07342069416464","1.07342069416464","1.07342069416464","0","1.00022603929835","0.736806462950892","0.997605595865169","0.0138783662113358","0.371454439579601","-0.274820072169182","2.36206872485237","0.399321746021064","4","0","0.292389853137517","2.1789435809008","1","0","0.000166889185580774","77.4080099214545","752.771796225997","-3285.71992588819","2.38330540449263","27.6573413762895"
"36","D-8","269.1115","4.9277","29.5951004372888","0.702085736385374","64.4823","8.871","20.7730817332538","0.305880719889019","0.98","0.1958","0.798876147883125","0.150004878235966","1","0.5379","0.979918067978533","0.057547801438655","25.8517","3.235","8.1840506062413","0.323184106623801","17.133","2.0776","4.51175086463924","0.338212539261236","64.428202915326","8.86969084097254","20.6246480129982","0.303998972421961","271.333503651401","4.92675983059842","30.1822389075308","0.696927967009056","3.80579367723777","0.332201212868275","1.78345137210489","0.336847071846364","1.07342069416464","1.07342069416464","1.07342069416464","0","1.00018062222599","0.703418291593272","0.993591629609297","0.0240148306191196","0.436962572664195","-0.871980455375242","4.76492435942661","0.72874065793355","6","0","0.694096601073345","1.33675187893199","1","0","0.000397535281256211","50.1497746814123","1598.71764521929","-1769.66359688004","4.52513828530606","20.3977431097638"
"37","I-9","769.2818","5.371","33.6293341898052","1.39837497903699","144.1305","8.997","19.8990335681724","0.515384917046192","0.9823","0.3039","0.872527393286366","0.0945081983288834","1","0.5579","0.993465644426026","0.033655319761123","46.2051","3.1694","7.47906779941981","0.522131467101715","31.9988","2.234","4.90125147119768","0.50239209963518","115.583499976085","8.99742532882292","19.8170654082962","0.502711669226361","1001.17693425202","5.36765226039916","34.3071551975186","1.50850831576664","3.62117087571567","0.461593876809855","1.40422034931268","0.328343361821477","1.07342069416464","1.07342069416464","1.07342069416464","0","1.00025377140565","0.801936439380181","0.997857553394563","0.0135884622417038","0.428293975082863","-0.352399977931542","2.38847789918243","0.438869585675124","4","0","0.412349772067965","1.70248740876249","0","0","0","0","10496.7555984103","-10279.3275847306","-19.4073264418169","-21.8633548194637"
"38","J-10","260.8839","6.2908","29.5298820441605","0.51012288222654","65.4212","9.9064","20.0071032078878","0.225518678573802","0.9834","0.2093","0.891248215525621","0.10061710784007","1","0.5352","0.98936246354673","0.0463726806435506","26.6915","3.3645","7.30835833911957","0.248216828088124","16.0466","2.365","5.21262503818914","0.227128071808753","65.0541816891156","9.90416150585854","19.9186424711433","0.221976840781921","269.597656534214","7.16465399479964","29.8660144274124","0.510697942861868","3.25315366624902","0.429679802955652","1.29960777796051","0.282971146211218","1.07342069416464","1.07342069416464","1.07342069416464","0","1.00028457302464","0.714614993314822","0.996290441409225","0.0183236256768925","0.385990064461718","-0.463112994377119","2.7761180673955","0.456351206930266","5","0","0.33967504513262","2.01864234514274","0","0","0","0","1364.69782251824","-596.770910332355","1.84353948948183","23.910581151141"
"39","K-4","476.9829","5.4511","33.0292735897436","0.726217827184351","88.8809","9.2706","21.7391156410256","0.317386031475027","0.9851","0.2003","0.812537731755424","0.143745756659099","1","0.5491","0.983552406311637","0.0511739555435434","36.1039","3.2483","8.54333881656805","0.342435074862042","17.526","1.7837","4.78122978303748","0.329587536929758","87.9476661563717","9.26988010757335","21.6115646670191","0.316235054326352","489.252623027622","5.59161790599979","33.576093560716","0.723720292291566","4.07883934938692","0.341613386325845","1.74679017522283","0.339076360304169","1.07342069416464","1.07342069416464","1.07342069416464","0","1.00029075165139","0.755015785654399","0.994747643218955","0.0210542472999716","0.411276668781326","-0.709134773211711","4.12885567947442","0.632786389723489","6","0","0.598422090729783","1.49191039541228","0","0","0","0","9442.1520554964","-1801.57701225335","15.5261066309456","13.7604306376651"
"40","K-7","527.9514","2.7951","22.6381101511263","0.874767573108","224.7433","6.5322","17.669000427716","0.355931176476563","0.9854","0.1314","0.829929398346165","0.134339382739209","1","0.4449","0.98565126889079","0.0500513123672367","64.265","2.4047","6.79942889934417","0.362720678066894","21.5689","1.6405","4.10830179640719","0.349958138508328","149.281020742251","6.53145906669439","17.5620783731625","0.339008553984008","1186.48721420319","2.79451042220011","23.0293702118327","1.02444813384644","4.43737438590935","0.430674571033779","1.5868033862261","0.357313617259696","1.07342069416464","1.07342069416464","1.07342069416464","0","1.00035153853976","0.664229014801556","0.994910182804961","0.0222660696897742","0.484839251712141","-0.668002033758358","4.22112805622484","0.67559184964816","5","0","0.652124322783005","1.36847352268236","0","0","0","0","964.404628957349","-81016.134100947","-19.5594604454835","-50.0897934714165"
"41","D-3","159.484","5.0913","31.7328895361528","0.444802075493023","50.1818","8.7123","20.7955789085948","0.213047214425468","0.9847","0.231","0.883314215552524","0.0959367416982429","1","0.5384","0.992982933151432","0.0372133534540844","19.665","3.1583","7.76747959072306","0.227465808860483","12.496","2.1704","5.2083487585266","0.243560965735146","49.9781360729736","8.71242798934021","20.7382142028619","0.212068633047104","163.302924233998","5.09151865520028","31.9320390897903","0.442555575914364","3.18227104074174","0.357079583647409","1.41890454482495","0.294449666910349","1.07342069416464","1.07342069416464","1.07342069416464","0","1.00010376774285","0.724411956987568","0.99749259935306","0.0158616557249821","0.3736101420608","-0.251905943259067","2.28026666692934","0.392161050753487","6","0","0.28731241473397","2.21076733123683","0","0","0","0","1003.13911319809","-415.957740678711","5.42034949772787","7.59463518693296"
"42","I-1","238.7534","5.8189","23.0229661572052","0.745293769772058","55.8297","9.0478","17.4546625909753","0.296408165077567","0.9838","0.3595","0.880330567685589","0.0865476026799244","1","0.6164","0.995757132459971","0.026338197455879","19.4699","3.1405","6.52427649199418","0.317899124086211","15.9016","1.9803","4.39120735080058","0.304073399693987","55.8280645935112","9.04664697255302","17.4314828120656","0.29509530172485","238.741472986196","5.81751073620072","23.1526358434339","0.746881964904244","4.11739493773476","0.467182569095834","1.3862233779868","0.324301954337576","1.07342069416464","1.07342069416464","1.07342069416464","0","1.00012471757389","0.832065786249843","0.998988692030619","0.00843718746562349","0.444399609985055","-0.132213899395538","2.05749186256239","0.394723014443286","4","0","0.372634643377001","1.71876733530331","0","0","0","0","854.852241134317","-295.690114910018","3.21683672226072","14.4585773839225"
"43","L-4","256.3748","3.3885","27.8212829550579","0.672667738253856","88.6954","8.2877","19.4488375018789","0.318445434831594","0.9852","0.1853","0.845972884413047","0.128309339410005","1","0.5372","0.986355373515707","0.0496739451318786","25.1555","2.9251","7.41566028859161","0.338834970985955","13.8052","1.8449","4.62499337141139","0.329928500058446","62.2329354369496","8.23234739583902","19.3477286114419","0.315869676310651","258.065816731393","4.02250832699745","28.1635623926241","0.671168131870861","3.79467677620373","0.361618566618563","1.53095344553456","0.336822879103328","1.07342069416464","1.07342069416464","1.07342069416464","0","1.00032068492054","0.654327309303664","0.995280863974401","0.021052205668076","0.439141132499395","-0.514870186537811","3.74007655946464","0.588114577173122","4","0","0.520066135577935","1.58862191037976","0","0","0","0","1588.78680185722","-3670.68082921606","2.06871173621379","39.3596279218585"
"44","G-8","347.136","2.4652","23.0264036673316","0.770931379831236","67.2391","6.2054","17.5130795764923","0.324017939534571","0.9827","0.2467","0.86103938928955","0.114134847497164","1","0.5647","0.987817983734847","0.0476186449897431","25.6998","2.314","6.58330773361976","0.350624890636328","20.5167","1.5348","4.3160245051404","0.319322920081223","67.2387039288501","6.2069152001933","17.4362992635535","0.3232336217223","347.133363445803","2.46579662539727","23.284866181613","0.772525100821797","3.70828097893999","0.306833138051004","1.41960853486871","0.322162470121794","1.07342069416464","1.07342069416464","1.07342069416464","0","1.00027197940237","0.755047020926672","0.99577727233625","0.0190466059432412","0.466661975046255","-0.429600042833758","3.39888877004193","0.559018343185364","5","0","0.480742673009053","1.64211800947573","0","0","0","0","3867.34442604474","-877.347317496074","5.56408210468781","15.9056947482654"
"45","K-9","344.4922","4.4157","25.0065497574956","0.963110921414197","76.5196","8.4364","18.3598136463845","0.367585485650124","0.9822","0.2262","0.838917835097002","0.137448844493096","1","0.5391","0.983812059082892","0.0545106454477354","26.2183","2.9317","6.99976274250441","0.390421510304961","18.4588","1.8815","4.3419241622575","0.370829103825513","69.884752688503","8.43714666566821","18.2351669451142","0.362982032090609","362.956991823791","5.05750951520236","25.4564382448314","0.965663049911786","4.00091508887684","0.344387722463186","1.53061342940158","0.370189453230606","1.07342069416464","1.07342069416464","1.07342069416464","0","1.00033209899484","0.746813285170257","0.994393302533837","0.0225798722394488","0.463462524387276","-0.786646604209789","4.15985184468947","0.661464322968681","5","0","0.592372134038801","1.44815184746915","1","0","0.000220458553791887","67.3498329619309","3063.21443274188","-2494.11558949301","1.95003578880686","60.5581361394992"
"46","H-6","351.1072","3.8942","32.2791343813617","0.68402086002711","83.8485","8.3425","20.7466341325492","0.309567311651777","0.985","0.2618","0.858481723591948","0.11398042996235","1","0.5547","0.991018570459172","0.03876640601747","27.0373","2.8181","7.88240730603936","0.318623916036472","21.0504","1.973","5.00388007238181","0.34617300788649","71.2154701625761","8.34227867973644","20.6814674548985","0.308406163964436","377.918230857805","4.7534162745995","32.5335989611111","0.685101440364306","4.05139204634146","0.367839319315726","1.52137059854702","0.332274155416199","1.07342069416464","1.04976783677546","1.07339929370556","0.000662589594439577","1.00020834987437","0.754348985038994","0.997075525809827","0.0166306226089673","0.402139748314266","-0.392111929468234","2.81149630564457","0.476722618454166","4","0","0.428409862022167","1.7180869690936","0","0","0","0","3228.03597657696","-1025.12697074822","-6.03756759105322","-13.4989590333683"
"47","H-5","1428.564","5.2987","21.2026940732457","1.24936172849961","156.8609","8.9614","17.7117525020967","0.315130674305384","0.9732","0.1926","0.804002963377132","0.147882262632769","1","0.5421","0.985241990494828","0.0498773367564474","61.0068","3.1647","7.02174168297456","0.356360591778631","34.2578","1.9558","3.82289099804305","0.283126539006776","154.680012952835","8.96025494425185","17.6147069672658","0.312734112098807","1520.06377181575","5.29806749880302","21.560893972","1.29513525897997","4.11462086383634","0.433436293022122","1.75822300333915","0.37038859997883","1.07342069416464","1.07342069416464","1.07342069416464","0","1.00023584172284","0.713602082936463","0.995330407598254","0.0217869006443903","0.482290763600273","-0.624546783017156","4.01277213933565","0.658791140035251","4","0","0.682415431926195","1.29973423142327","0","0","0","0","1183.347050759","-98211.2557739052","-16.4728517373284","-99.7468027720843"
"48","L-7","257.4106","3.3686","18.7608444136541","0.605683936604377","60.4375","7.4178","16.1356795566192","0.280787168093889","0.9731","0.1799","0.850152286182139","0.114542009091544","1","0.5237","0.988266481924676","0.0469352403180763","20.9867","2.7223","6.13443791409497","0.310963896036689","16.0784","1.8744","3.88998055170676","0.266845346838744","58.2348662454301","7.41744594140481","16.0646893862365","0.277735098679494","260.057371358218","3.59477640380135","18.9616416536621","0.608919041153414","3.66541091178561","0.317012436324343","1.46272481670372","0.328305877201048","1.07342069416464","1.07342069416464","1.07342069416464","0","1.00049034055508","0.739924536319918","0.99598016119438","0.018961873860951","0.499980182582308","-0.356425154542057","3.65352948588462","0.594900547609136","5","0","0.525632951253306","1.52813557804703","0","0","0","0","614.37085618008","-1048.64819107844","-0.197081751709098","-162.117965237102"
"49","J-1","218.6728","4.8298","26.2561647458549","0.604065156241842","59.4182","8.4974","19.1557516444686","0.279977118779028","0.9749","0.2316","0.835297553683066","0.122673763854509","1","0.546","0.990230198423485","0.0414381400526481","24.641","3.0157","7.45476319652079","0.304454734197133","11.7739","1.8932","4.40108684425116","0.29848662715431","59.3614309921403","8.4975290836968","19.0982713922584","0.281222347825998","220.555188429201","4.83008112079847","26.4422022704141","0.599666107908821","4.12609384734784","0.391456455451636","1.6375084910028","0.332876630318277","1.07342069416464","1.07342069416464","1.07342069416464","0","1.00017907636565","0.755437575365009","0.99680835396381","0.017239384923036","0.438186542239125","-0.509221529689372","3.13344814927126","0.545921041480692","6","0","0.516988312041316","1.55292554715201","0","0","0","0","1787.21122978938","-722.284013811145","23.9588456276383","2.38203110305139"
"50","G-4","233.8637","3.4282","22.6650532228965","0.65380707384098","65.3075","8.0728","17.49266880433","0.301418228688611","0.9846","0.2233","0.860128144989339","0.099995596449852","1","0.5285","0.992813416434312","0.0359981897758618","23.3408","2.8807","6.64914344759718","0.325237005908091","15.2744","2.1209","4.23278105625718","0.300191955560305","59.2784065597859","8.07204336849729","17.4444264745731","0.299845984363406","260.974948261208","4.4297110965984","22.8238556309268","0.65688815640765","3.44666225660934","0.418122445708683","1.46857352951791","0.317190810017952","1.07342069416464","1.07342069416464","1.07342069416464","0","1.00022178223966","0.710710734466536","0.99756270032343","0.0155847079469819","0.459771811518683","-0.336774942866558","2.83871745064096","0.501843474982711","5","0","0.459406265376415","1.61126525146078","0","0","0","0","600.143963715138","-1517.39203498176","-8.62535965824846","-4.71956035039443"
"51","G-3","250.8793","4.4948","30.3828804939155","0.833752909027956","60.9358","8.2347","20.5535030780243","0.357606844794734","0.9804","0.1724","0.811932283464567","0.144763705976092","1","0.52","0.984404617036507","0.0504641645857821","24.621","3.0244","8.06066284896206","0.369999440195639","15.687","2.1125","4.55568951324266","0.392536987856706","60.8992643316956","8.23339073271914","20.4384988625182","0.354644079675146","250.875243649591","4.49374103200062","30.9052556327389","0.833425646713406","3.67500248161738","0.364420524216317","1.74208785613539","0.349244590354766","1.07342069416464","1.07342069416464","1.07342069416464","0","1.00013545621367","0.731848325863723","0.995347295476282","0.0206940130684174","0.436145987152879","-0.774810815799869","3.93609628035775","0.640065427965342","5","0","0.648532569792412","1.39768962839855","0","0","0","0","1881.93495148933","-2200.74253167766","17.4753764770747","7.1921877453"
"52","E-1","320.4843","3.9785","15.9689185834334","0.534603396218074","65.34","7.9602","14.89062747499","0.223592512102769","0.9773","0.2367","0.864574965986395","0.110064169733857","1","0.5479","0.985245514205682","0.0527030758894843","23.7531","2.9445","5.49560989995998","0.249739653227203","16.7801","1.8673","3.80796006402561","0.224045687774862","65.3388807828795","7.96074203998748","14.8127756027809","0.223739474427629","320.472732912603","4.22324469940058","16.1669837885816","0.529541909282714","3.67935814879688","0.372486246049505","1.30981543747411","0.287071517779839","1.07342069416464","1.07342069416464","1.07342069416464","0","1.00012750480504","0.747851774273285","0.994861086333158","0.019908944333903","0.52253844892727","-0.453507966559941","4.15779741578496","0.653220754271956","5","0","0.567266906762705","1.46537240120258","1","0","8.00320128051221e-05","111.781035958699","406.111263987792","-242.270732803654","1.31812120020293","11.8098186805837"
"53","L-8","140.6113","3.9147","20.0189392820513","0.495571727666325","49.6204","7.9735","16.70392203663","0.244163968589733","0.9741","0.2181","0.860140175824176","0.107622982994839","1","0.5647","0.990716249084249","0.0411646147610127","20.5153","2.858","6.32684443956044","0.282522368670643","10.0579","1.7259","4.06942156776557","0.232104236064568","49.3961182039438","7.97288934059948","16.6509819924709","0.244406236444589","146.319027668792","3.91481271699925","20.1759042347422","0.492033188578139","3.66742470550376","0.401020301442236","1.45092920204271","0.329346455270729","1.07342069416464","1.07342069416464","1.07342069416464","0","1.00037854230647","0.765534201487813","0.996891906481252","0.0160283197551407","0.471559987173527","-0.360588942196169","3.19622213923182","0.534451610521539","5","0","0.483956043956044","1.56459295389674","1","0","0.000146520146520147","82.6135582092915","596.82528775878","-258.403638371311","0.906860044738525","29.3616768706626"
"54","A-3","222.7239","4.7678","29.5500176073802","0.527917724500639","54.3629","8.2213","20.4727420692392","0.244721022063356","0.9799","0.2537","0.838138369209404","0.128056877791767","1","0.5542","0.984551106041067","0.0523809961699548","21.7608","2.9318","7.8568999404821","0.262610340464259","14.2876","2.1327","4.79654130542605","0.278151703169153","54.3619615736935","8.22146047079969","20.3629581503168","0.245278702430001","222.715572671604","4.767803171399","29.9341843527167","0.520516285863473","3.98192901799611","0.373672190354805","1.58460713457704","0.313485242437515","1.07342069416464","1.07342069416464","1.07342069416464","0","1.00005842330716","0.7356886859577","0.994783979711139","0.0214475376001998","0.414215109376194","-0.603811369058762","3.94584170865676","0.607335144411808","5","0","0.531891677412955","1.57566203338357","1","0","9.91965082829084e-05","100.404183179786","1915.4977050073","-1163.11919632099","-2.8951840342651","-20.2739781656752"
"55","E-2","223.1339","5.1437","30.2641194347963","0.542429949960384","59.9891","8.702","20.3825376223555","0.263068463372319","0.9822","0.2367","0.865504704767919","0.103364035707594","1","0.5331","0.992943274392169","0.0369934558549393","20.798","3.0181","7.76193855383644","0.290439644944376","15.4482","2.0945","4.90417057151879","0.266295309004705","54.8319461747002","8.70148500993525","20.323422252922","0.261486603885124","223.124774766403","5.14403701199877","30.4703239860682","0.541393569153993","3.58996998300047","0.417458563051773","1.50299579082773","0.318421164104487","1.07342069416464","1.07342069416464","1.07342069416464","0","1.00011342869491","0.674718839429204","0.997482256109193","0.0166944378577574","0.392557641245514","-0.371135534236076","2.50404366038313","0.435749600684532","4","0","0.350489422166088","1.91397463753694","0","0","0","0","960.515012234349","-433.781392861505","1.60516746050202","32.8950563089039"
"56","K-5","421.7496","3.5304","26.5362073659801","1.21224528188958","125.158","7.6919","18.1832437320966","0.423132563728725","0.985","0.2428","0.862231428181694","0.115044518560833","1","0.5264","0.987722930023189","0.0484056131802117","40.3711","2.9017","6.79123970808894","0.429044530196026","21.0232","1.8456","4.52034685581776","0.436827254398228","95.7268613041768","7.69257857486535","18.0820756325941","0.417496893794962","568.815625080407","3.73619259140201","26.9226826340419","1.22221698194468","4.20947263380591","0.487418916091286","1.41108538757894","0.328296856087762","1.07342069416464","1.07342069416464","1.07342069416464","0","1.00031304080214","0.733767752364077","0.995684490632977","0.0202888238620607","0.459976246203846","-0.353041499806318","3.23404912803466","0.537465089700582","5","0","0.519028781885145","1.53688116255339","0","0","0","0","13475.5692032747","-6248.99023173998","-2.58171496622962","-83.145332989587"
"57","B-6","190.123","4.2793","33.760889896249","0.577591246288498","52.5766","8.7074","21.3018166161213","0.279097832490519","0.9851","0.2595","0.864118611332801","0.112677727959667","1","0.5912","0.991408954509178","0.0385062288554826","20.7056","3.1002","8.0701506943336","0.290353686304394","12.0471","1.575","5.17404978451716","0.317512829913734","52.5754433418912","8.70739618415794","21.2449004478957","0.279573878391556","190.115688986801","4.27750473639735","33.9896625841333","0.57312249652415","3.81832478078094","0.435807803073308","1.51073417325232","0.324074324887213","1.07342069416464","1.07342069416464","1.07342069416464","0","1.00015587727838","0.783022649337951","0.997354003347626","0.0153450798622842","0.390066682542289","-0.377200923219226","2.93232580406415","0.47233563926872","5","0","0.385474860335196","1.88067234327729","0","0","0","0","889.947069525932","-542.097015584188","-1.90625617465537","-30.8851291701704"
"58","H-9","198.2995","5.5206","22.1783006767426","0.507631386442476","54.464","8.8558","18.5582218587864","0.275577159762251","0.9731","0.2182","0.792424971802391","0.164469145827133","1","0.5534","0.981003744642454","0.0611686130226861","21.7873","3.1734","7.40225910218813","0.328033597080905","11.4645","2.0039","3.89729149560117","0.207878155003108","54.4464959195593","8.85552574671387","18.409910293061","0.272225728389137","199.191934906209","5.52051819179994","22.6361533008947","0.50402183749618","4.30141108251644","0.284158057239061","1.81874012956499","0.364783703787175","1.07342069416464","1.07342069416464","1.07342069416464","0","1.00027192460521","0.730910702320125","0.993307658728387","0.0268430112261176","0.46840742278261","-0.761655811854198","4.60056125102115","0.706141818733026","5","0","0.683058876607264","1.33723485349346","0","0","0","0","509.132427731254","-2010.44386962566","21.9048593379899","2.59924421400271"
"59","K-2","238.6439","2.8056","26.9497437530864","0.802224082493937","63.7346","7.4948","18.7773099555556","0.346704827464801","0.9828","0.1964","0.861727822222222","0.113778474973653","1","0.5303","0.987223624691358","0.049240556480193","22.9421","2.9692","7.06576484938272","0.37104848911869","15.6948","1.422","4.60991143703704","0.343960269868144","59.6711425374973","7.49373805978761","18.6895978872886","0.346628269308402","249.983833172787","2.80555823979863","27.2320264840246","0.796653204519393","3.58062335852465","0.34626182272939","1.42590760906455","0.314390628780916","1.07342069416464","1.07342069416464","1.07342069416464","0","1.00029305322266","0.712051208756687","0.99551464146643","0.0200156458378061","0.443056572845458","-0.434850325084936","3.40381690573867","0.548123436321691","5","0","0.471506172839506","1.68350284753145","0","0","0","0","1900.66730947917","-1350.26588358171","9.98454842590211","8.42953122163797"
"60","B-8","193.966","5.4489","28.6396835158272","0.596630729724876","66.2856","8.9202","19.893959546088","0.286081481167321","0.9819","0.2402","0.846383734819829","0.111882521934972","1","0.5901","0.990391877364125","0.0390102479528217","21.4358","3.1218","7.64721023292853","0.303003317957607","13.764","2.0115","4.67849609794943","0.307414675034397","53.7705788583298","8.92049846158529","19.826262194428","0.284302845512748","195.575681215198","5.44883104699942","28.9084887543637","0.594992742327088","4.26383701510563","0.371086467814396","1.56829556111679","0.323248050755973","1.07342069416464","1.07342069416464","1.07342069416464","0","1.00012667066938","0.730316968396296","0.997032652300055","0.016831736894039","0.422553344641631","-0.371388042271566","3.02932241173359","0.510850361978084","4","0","0.492534342026677","1.54749170930744","0","0","0","0","1924.78177703286","-886.062436422836","3.88800056119821","15.031566471795"
"61","D-1","877.9078","5.1486","25.3166090202458","0.613436721912354","194.9875","8.8132","18.5331106832972","0.230766677731465","0.9791","0.3325","0.894988702096891","0.0869806716377427","1","0.6054","0.996398590021692","0.0245223081516066","53.3279","3.1994","6.8171886659436","0.239274632285353","28.4108","1.8906","4.79423602675343","0.224008152259938","132.333376095229","8.81296818063876","18.4997662203085","0.20846813105531","1146.55606265501","5.14802535660002","25.4504414215256","0.723537172441797","3.62815253582456","0.450239899264114","1.33769835528756","0.328534964327936","1.07342069416464","1.07342069416464","1.07342069416464","0","1.0000821857763","0.678676202809047","0.998858745966803","0.0100593231162502","0.403918394292964","-0.179603908312219","2.00347588632109","0.370135302359904","5","0","0.284887924801157","2.13855469812603","0","0","0","0","38030.0359054959","-814.795637723474","12.0197385688127","42.7584942376013"
"62","L-6","145.6227","3.879","24.1774751011353","0.488217637123377","45.827","8.4395","18.2288982643873","0.236268963585426","0.9762","0.2241","0.866838209578494","0.109856997827196","1","0.549","0.991598642829179","0.0398473325555241","17.9583","2.9351","6.86965520031319","0.257863777166836","10.8814","2.0853","4.48695221192744","0.261917133387288","45.6328996370637","8.19854050526461","18.1767703607834","0.236494351679742","146.353943719215","4.32490111059948","24.3392325062339","0.483830103684771","4.03631523312919","0.42594371997275","1.45496974138678","0.330336371593067","1.07342069416464","1.07342069416464","1.07342069416464","0","1.00038423891911","0.752427579164356","0.997198213892027","0.0155347281598263","0.436303941915574","-0.249096553418487","2.9925389262886","0.490123899227597","5","0","0.407151246248206","1.82441917481482","0","0","0","0","541.853224469354","-411.949739828647","-1.1270488681714","-26.9616838130713"
"63","E-3","231.3368","3.8163","29.1410072960095","0.639736038315194","57.6708","8.5549","19.7567504466945","0.299709375790908","0.9837","0.2342","0.865314458010721","0.106248220851918","1","0.5441","0.990726146515783","0.041107694625831","24.2056","3.0391","7.46770062537225","0.320267960011304","16.1269","1.7455","4.82469085765336","0.309496106616214","57.0231625083297","8.55457484323771","19.6916284787642","0.29880867849372","242.143438177804","4.84977550460121","29.3859539798796","0.637739601869842","3.86156825001809","0.404873635406827","1.4653229571692","0.316236275911876","1.48542682717024","0.953445297804261","1.07246953720926","0.0156660521542131","1.00012246107463","0.726295987006244","0.996964250858816","0.0163527342070539","0.41416987798337","-0.339646233794776","2.823572132428","0.472344882156977","5","0","0.403216200119119","1.79562620747183","0","0","0","0","771.582303741215","-3061.7869618298","0.440833419051309","163.0575082985"
"64","I-2","431.3318","3.9331","24.9430902913236","0.439599121042149","109.915","8.4831","18.387827770741","0.209630702502348","0.9847","0.2598","0.886892172260925","0.0884807187309969","1","0.5432","0.990283673210893","0.0420116554805001","34.929","2.9669","6.76584286257125","0.222987905004154","26.0536","1.6532","4.74812179227359","0.224722874969711","94.4588338813298","8.48241356757117","18.3287835902989","0.209401671158437","564.405093077591","4.6673525387971","25.1392810317649","0.447269694480055","3.1951953372387","0.436006954208716","1.31439649385209","0.254493005556381","1.07342069416464","1.07342069416464","1.07342069416464","0","1.00014421474865","0.738343721172335","0.996796213452065","0.0155695316830568","0.422110751581533","-0.307152801284041","2.92745612998343","0.478672589931178","5","0","0.369031032298923","1.90298470985732","1","0","6.33312222925903e-05","125.658266739598","232.699927274088","-8091.05167762215","-6.16564310825285","-10.9334917107328"
"65","I-3","276.2932","4.2449","43.5692296992481","0.488851979313295","66.1635","8.0677","24.1713843531242","0.239205611684026","0.9861","0.2745","0.885746396162821","0.0991395609878698","1","0.5644","0.990888332901219","0.0416109450191035","26.1175","3.0298","9.0081754213119","0.252506935273114","14.7172","2.0782","6.07455040186674","0.265953661207643","65.8690804688614","8.06767646092382","24.1006733156578","0.239207180397908","285.291112352391","4.24506207799903","43.8901091087325","0.484689710503026","3.85909943978439","0.365360212228578","1.4171342812665","0.286225106467095","1.07342069416464","1.07342069416464","1.07342069416464","0","1.00014938733076","0.778239862308066","0.997167836898409","0.0154190740580756","0.330653382517786","-0.293213883647617","2.26654145178874","0.373066857788818","5","0","0.276639875550946","2.27299557087919","0","0","0","0","1215.2704015241","-1877.82701133574","9.45861737565093","8.53513959017354"
"66","B-7","338.42","3.5025","16.1377671894273","0.736917533678272","82.9939","7.2044","14.9557749427313","0.297633283900691","0.9681","0.2153","0.852189110132159","0.1084929881069","1","0.5012","0.991029973568282","0.0392901731905608","35.954","2.5457","5.67182155066079","0.341449089783668","14.5045","1.8692","3.62794310132159","0.260682316879169","81.3631913845326","7.2043565358196","14.9050373959846","0.295611129929051","350.41502903399","3.5024467416007","16.293893966752","0.74276126346022","3.82349920504056","0.411376098179057","1.43267979110049","0.351269293536632","1.07342069416464","1.07342069416464","1.07342069416464","0","1.00018559086965","0.715537154725204","0.997000004739197","0.0159647395660777","0.526392222915806","-0.312742430104646","3.52925049293909","0.583111526630477","5","0","0.528458149779736","1.47942829893048","0","0","0","0","1170.81597155287","-446.950921647286","-0.760412627042803","-46.8652739653598"
"67","A-2","311.0313","4.9589","27.1582639190569","0.556609665061374","69.5931","9.1385","19.2321345771837","0.260658414368108","0.9845","0.2216","0.862408344936415","0.107989819382228","1","0.5909","0.98928726445744","0.0439770437475828","28.0169","3.2299","7.24792946254525","0.272782309669306","14.5959","2.1219","4.71900815000464","0.287614103154561","69.4206645455018","9.13847470629127","19.1596369173338","0.260924609306535","319.167894963008","5.73537351020029","27.3990119402637","0.554181913041628","3.58537703415112","0.472424342649142","1.45715512824399","0.29761482450877","1.07342069416464","1.07342069416464","1.07342069416464","0","1.00005704168852","0.757450854427026","0.996295682788459","0.0179766665157779","0.426163065178285","-0.352745184829971","3.27031161420576","0.524520887544733","5","0","0.459667687737863","1.6702648080523","0","0","0","0","1370.94947042161","-984.048807344878","1.08164340603622","37.2621773442643"
"68","J-4","147.8195","4.884","26.0880465478508","0.446025762873614","49.5349","8.8643","19.2728858918676","0.224746165899118","0.9855","0.2124","0.85295781039389","0.132040121314336","1","0.564","0.988943507563277","0.0447939429975443","20.6179","3.1457","7.3399522390295","0.25856226855322","12.9264","2.0193","4.59138112924966","0.244357119919378","49.4771852433975","8.86460077690755","19.1889310632846","0.222775000827551","150.232871640597","5.55453763759846","26.3577834562916","0.444074115731322","4.07441462904829","0.402279442802739","1.54787810645609","0.368438542643557","1.07342069416464","1.07342069416464","1.07342069416464","0","1.0002362497518","0.730303662518363","0.99617084097032","0.0192318583831163","0.416060110472492","-0.550058320407844","3.14507911182303","0.52139145677436","5","0","0.438370525685188","1.78286399697226","0","0","0","0","498.350491532542","-1240.99915644566","-2.73936529142322","-15.698953016625"
"69","A-4","128.6596","3.1879","31.6168914462299","0.513020769708786","42.5668","8.4693","20.5369619901112","0.252284377126036","0.9839","0.2954","0.882524289245983","0.0823108504061109","1","0.5666","0.994818998763906","0.0288880137771231","17.8308","3.0652","7.68701097651422","0.260431994116613","12.2582","1.8184","5.14031288009889","0.278878794251333","42.5469043250102","8.37063591720171","20.5052984251486","0.252319049782202","128.654494848399","3.72108428859859","31.7546123268297","0.511039866033956","3.22554757738613","0.373815302481381","1.41931745684969","0.27629343905392","1.07342069416464","1.07342069416464","1.07342069416464","0","1.00014756127965","0.785274164470718","0.99849783336481","0.0109032123341532","0.386705230122878","-0.297815402854179","2.30379726647609","0.407072124708606","4","0","0.310754017305315","2.01346325187264","1","0","0.000123609394313968","89.9444272870755","572.819299169639","-555.142824956303","1.39307289099221","31.4955768337872"
"70","L-3","1583.8832","3.8811","32.1930518925203","0.943062089239669","301.3084","7.8996","20.5742777418938","0.347278807935591","0.9853","0.2192","0.870801873143005","0.103363243726301","1","0.5514","0.990568285751195","0.0412978364832956","74.1581","2.7402","7.75267893037075","0.349465359700735","49.0226","1.9971","5.04448519571115","0.324544111045455","200.596443486799","7.89943637395245","20.4991659551978","0.327328019725723","2872.31482192928","4.40866665300166","32.5835512324228","1.24853013324639","3.77029514131389","0.398851630684503","1.44468525250387","0.302466714041742","1.07342069416464","1.07342069416464","1.07342069416464","0","1.00032639360854","0.665751248510825","0.996839907309063","0.0166187816643743","0.398186135062684","-0.401855608612216","2.76150007328348","0.457812660394","5","0","0.354863712698618","1.96622986540376","1","0","0.000129182276191707","87.9829528942965","167597.594831472","-2345.92982074713","15.4699155998962","125.531246012421"
"71","G-2","187.0329","5.3986","40.9768636750923","0.510399544788165","57.3434","8.7899","23.4799751491054","0.250497826037569","0.9852","0.2396","0.881310536779324","0.101260748846673","1","0.5478","0.993761431411531","0.0317845158538581","24.589","3.0943","8.82537761999432","0.269420676258196","13.5752","2.1305","5.80505932973587","0.277724791977767","57.3161778901139","8.78974313816628","23.4330036139481","0.250033388374215","189.922815939806","5.39848721400031","41.1962757945605","0.50844972623175","3.83941905150967","0.4576465977924","1.46979772630594","0.319297385176791","1.07342069416464","1.07342069416464","1.07342069416464","0","1.00016452958043","0.768371494879504","0.99816091644304","0.0126382258506919","0.338233460863933","-0.340979690870375","2.13961329841377","0.364453883914917","4","0","0.254189150809429","2.36816528431927","0","0","0","0","1114.15894874152","-1049.98154930694","-2.97824601139486","-29.7234748977845"
"72","E-10","495.9971","5.3805","25.464146768136","0.680314068525511","79.9541","9.0654","18.6604564736114","0.250941252928821","0.9797","0.3511","0.870765269816169","0.100042130860224","1","0.6151","0.993861355999209","0.0324807183470588","27.9922","3.1504","7.07176056532912","0.280149703870475","22.9906","1.8407","4.55266787902748","0.256886662868472","79.9511004503008","9.06576413532541","18.623319335458","0.250929472255185","495.958638004978","5.38352319240105","25.5977286965034","0.678573921683977","4.2695692755818","0.366625664455209","1.46644866104681","0.324229279177614","1.07342069416464","1.07342069416464","1.07342069416464","0","1.00029444109533","0.81459713570316","0.998043603628228","0.0127868587330248","0.417586477476032","-0.25317589404888","2.38532290420031","0.423757175052364","4","0","0.348290175924096","1.91168992853731","0","0","0","0","4194.0463291232","-2609.32413168413","-2.42491247802249","-34.7097574561609"
"73","F-7","1376.8719","4.0127","33.5842004399749","0.915967547922678","153.1422","8.7517","21.2969199088623","0.353711207836467","0.9821","0.2068","0.836624324324324","0.132558922245616","1","0.516","0.983525989943432","0.0537078409643357","62.9231","3.1185","8.16075278126964","0.37003427580617","29.7866","1.8893","4.98420454116908","0.367076185177465","151.922592424966","8.5870768734711","21.1582289259016","0.350955363625801","1413.85491774699","4.49054623400155","34.1331616570751","0.914312446090427","3.93116410915002","0.411258151945459","1.57133699735528","0.334126580972313","1.07342069416464","1.07342069416464","1.07342069416464","0","1.00026926191925","0.665962812686859","0.994414283977144","0.0232686277055816","0.411284132413112","-0.815041675571753","3.78202992532458","0.607875230577538","4","0","0.555625392834695","1.52848290057756","1","0","0.000314267756128221","56.4047863343237","2357.4278527351","-34479.2243919606","0.500178324156539","892.664230476189"
"74","H-1","394.3135","4.5482","21.6909793008785","0.581083962764139","72.6615","8.7623","18.3579094070278","0.280992034772401","0.9813","0.1775","0.785998243045388","0.173361911023138","1","0.5208","0.975053239385066","0.0715879849476886","26.2063","3.0021","7.27983376647145","0.328554429947577","19.0436","1.9893","3.86867891654466","0.229161919464738","72.6006548245467","8.76202409970043","18.1510562208707","0.277889777069299","394.822257473007","5.49054892540021","22.232227650778","0.573028167244648","3.92771407137358","0.364195214048591","1.80071631784556","0.351433227593656","1.07342069416464","1.07342069416464","1.07342069416464","0","1.0001309484497","0.724991132936576","0.990191049986892","0.0325958161340043","0.486467972474774","-0.894486012331215","5.41473695208385","0.8102083191723","5","0","0.727489019033675","1.31731613838303","0","0","0","0","2229.95352338408","-455.341139841338","1.0503936372348","47.3977020103961"
"75","H-4","603.1619","4.3031","41.64509637122","0.603623929161371","103.1202","9.6975","23.799713451512","0.277243078252585","0.9849","0.2332","0.857511908237748","0.113088187580318","1","0.5364","0.990099416058394","0.040831290597851","42.6489","3.3496","9.07475345151199","0.286966747967932","19.8388","2.2048","5.68019785192909","0.314778008629283","102.733904022156","9.26349104553115","23.7214793353056","0.27652836567589","629.449397454207","5.56796609500075","42.0129079055026","0.604409732149063","3.95163380801195","0.329070356985141","1.559949705882","0.315328606122523","1.07342069416464","1.07342069416464","1.07342069416464","0","1.00013225426867","0.758683191884663","0.996962383243095","0.0172007823358317","0.350787976388213","-0.481099785613613","2.59269023090166","0.437207231496812","5","0","0.373096976016684","1.92057724668376","0","0","0","0","23111.0422451333","-2078.34214616483","2.39416175946079","146.312050757276"
"76","E-5","521.1551","4.4862","17.1296796087391","0.404879217301535","81.6427","8.2759","15.2631774144414","0.163520657880306","0.9825","0.3345","0.898872164310534","0.0765704611071733","1","0.6005","0.991737050787758","0.0389580809562281","28","3.0138","5.4869868484935","0.182684927269136","24.0605","1.8644","4.11635569041839","0.166985162245784","81.6408482406023","8.2759196338052","15.22142882979","0.164212414013442","521.130750315198","4.48866027260109","17.2421961868297","0.399674766092203","2.97745517028656","0.426062246338721","1.18768232761812","0.221295245766332","1.07342069416464","1.07342069416464","1.07342069416464","0","1.00020757437603","0.803411315937972","0.99724381524761","0.0136984792125226","0.479312814442149","-0.236955598416906","2.7463304648836","0.475745958004878","4","0","0.418725308201247","1.70419404592857","1","0","9.51972963967823e-05","102.489023686439","2948.97655244266","-1255.99095569257","0.245502420373876","99.5887064557654"
"77","J-3","164.3459","4.1729","24.4038857685298","0.484983909088828","73.5063","8.8294","18.5010746051033","0.23757817477017","0.9805","0.2331","0.859109659781288","0.118676328677946","1","0.5407","0.990940750303767","0.0387784591586316","21.251","3.1849","7.02125132138518","0.265126776323504","14.2991","1.8548","4.4651912818955","0.252509372303546","51.638693901865","8.82894597354622","18.4386111579785","0.234249358098338","175.210142495996","5.43051764039761","24.6226777860485","0.486260627628226","3.8750636990124","0.358216631062382","1.50614776943714","0.355397549756729","1.07342069416464","1.07342069416464","1.07342069416464","0","1.00023134911925","0.641414310835988","0.997142006004389","0.0164128444505191","0.429396900056696","-0.42369543639848","2.94508171851996","0.501898432634787","6","0","0.440461725394897","1.71141002804517","0","0","0","0","936.211402333719","-524.782751938486","0.147472545144584","224.951534798614"
"78","K-3","408.0143","4.9841","28.7795003624253","0.72594854782462","76.5928","8.8088","19.3572323929866","0.324302731187717","0.9854","0.2483","0.876060005877167","0.0987387072711584","1","0.5435","0.990902948378881","0.0412898891587272","30.2443","3.0779","7.23035444215888","0.346479977646585","18.1519","2.1917","4.84403612498776","0.324675756603251","76.3076271587074","8.8060103026816","19.2958710540185","0.324572997169871","408.444989508808","5.0859947464014","28.9987829156968","0.722965274013124","3.26771112758951","0.413793028568337","1.38559233153778","0.30326824208351","1.07342069416464","1.07342069416464","1.07342069416464","0","1.00028185331995","0.740993094645934","0.996916011711809","0.0162003241689862","0.41864752823365","-0.274438365776367","2.68603259530397","0.454522236223864","5","0","0.397590361445783","1.81899343843135","0","0","0","0","4103.60636209534","-2044.02658500285","-1.65008719182117","-46.346464378837"
"79","E-9","207.2731","4.2901","16.4894568199947","0.398360788865117","56.2705","8.6411","14.9747021855889","0.175031478322112","0.9741","0.2543","0.896565759106621","0.0778336950432056","1","0.5449","0.992158925817602","0.0388518044415349","23.1506","3.0054","5.39618937516618","0.197017646947481","14.438","2.0389","4.0199524488168","0.173535516726523","56.2602242700423","8.63974119847855","14.9339861777275","0.17520661787165","209.756894858813","4.89772839200261","16.5936110964912","0.393667014138682","3.00522364324833","0.434854371470899","1.19643867985585","0.231998141174384","1.07342069416464","1.07342069416464","1.07342069416464","0","1.00039257179894","0.707897601455679","0.997326920280517","0.0142489552461387","0.487822927542136","-0.212974475563244","2.78116686081184","0.477186695764031","4","0","0.42318532305238","1.68844331483613","1","0","5.31773464504121e-05","137.131323919811","342.686575078317","-1341.63524046372","-0.985757159227316","-13.674104929569"
"80","F-6","178.8412","5.2522","25.9630650596338","0.600824925750888","73.308","9.1708","19.1069229632118","0.28205445443115","0.98","0.2077","0.834280665210818","0.127380058395016","1","0.4695","0.985057920376281","0.0502480967990366","22.2305","3.174","7.34438192507979","0.298602281189184","15.4848","1.781","4.46002998488157","0.304825702006874","59.5573385566231","9.17077152148239","19.0037567656215","0.280337053670379","256.398379514595","5.78659333620125","26.3354725195847","0.601528935655401","3.94767347793208","0.403353936851515","1.58215603477961","0.324440799238626","1.07342069416464","1.07342069416464","1.07342069416464","0","1.00018776750654","0.698235818316774","0.995085066773603","0.0212672720081339","0.445582658215928","-0.606444330854991","3.87789276973927","0.617617480611613","5","0","0.588106836888964","1.4563174868668","0","0","0","0","1709.65881164691","-807.902514043516","-3.86814625854132","-13.5049507718156"
"81","H-8","1270.8834","3.68","26.7991413793103","0.839799233411642","135.2374","8.1138","19.1265794596208","0.307830368363228","0.9833","0.2494","0.841764233467682","0.120225552031133","1","0.575","0.989256172563069","0.0411813920329785","52.4006","2.9198","7.35451780862815","0.324335899801926","30.5472","1.6463","4.48389489476041","0.333816519256672","135.189894193867","8.1126477124408","19.060155061619","0.308120050700147","1276.41159543537","3.67917059999867","27.0393318536953","0.834467645630791","3.89354302346316","0.341143181957285","1.58199180570802","0.328479427624587","1.07342069416464","1.07342069416464","1.07342069416464","0","1.00023442927615","0.687676894468404","0.996610774490511","0.0172941021611615","0.443134791681312","-0.49078650622998","3.37428882996191","0.562920473884678","5","0","0.525153007911629","1.53994068911581","0","0","0","0","70154.5012243765","-567.11195319036","10.0573652778556","85.3512139199486"
"82","D-4","219.6126","5.8458","39.2090354546873","0.604038551907834","60.4544","9.2953","24.174696318827","0.282205716565034","0.982","0.2141","0.788921166744658","0.161786718368352","1","0.5302","0.976661269692716","0.0634448368256565","26.0109","3.2137","9.59791656527843","0.300367918423475","14.2527","2.0473","5.12412679769147","0.321460612261646","60.3695045347165","9.29493577486588","23.9818049085792","0.281232990749351","221.690815448601","5.84557342959882","40.0335378096938","0.596677230213665","3.92263056092886","0.360847620057339","1.86662333709026","0.32660791226403","1.07342069416464","1.07342069416464","1.07342069416464","0","1.00012319326362","0.724065839320233","0.992533316872034","0.025791979652702","0.380187879235288","-0.993621135537427","4.58181083024905","0.688652041685492","5","0","0.632662611137108","1.47578782507528","0","0","0","0","3692.37501651198","-1636.55958821527","15.1155155899518","10.1064029595766"
"83","J-2","193.7226","5.6085","26.1186784501729","0.504645190881178","66.3982","9.7482","18.8276784973279","0.235413128415023","0.9775","0.3107","0.885292565231059","0.0892659942654571","1","0.5968","0.994034470292361","0.0331387090477646","19.9416","3.4582","7.00490003143666","0.259920472115493","14.7468","2.1091","4.75755724614901","0.232412960251225","51.9883377967253","9.74847867773878","18.7783782708773","0.232404798984673","205.444608047385","6.32951318600046","26.2761065642048","0.506399208085859","3.59090909090924","0.473087518833405","1.37383091550888","0.297000313361799","1.07342069416464","1.07342069416464","1.07342069416464","0","1.00017420979387","0.729425757946074","0.997819690745598","0.0147935178950748","0.409026357069867","-0.280710508792156","2.38179743756842","0.418165325223248","5","0","0.34108770826784","1.94369163118235","1","0","0.000157183275699466","79.7621464104371","1223.2330125723","-510.287028445251","0.991285969397308","37.6722945099965"
"84","C-3","357.8847","4.1518","31.4911156324459","0.554966181303743","72.1571","8.689","20.6553194447322","0.259080215673231","0.9828","0.2591","0.869471366414586","0.101520042942255","1","0.5708","0.990952760799751","0.040913006544501","28.2595","3.0082","7.80220454780897","0.27553671815206","17.0548","1.9336","5.0541346731586","0.279230069052949","72.1106822088517","8.68828299953048","20.5923044456373","0.25943708191537","360.2375694604","4.67221687640018","31.7210862591445","0.551161308675854","3.95449317536169","0.372843067878654","1.46966269452011","0.29123399659031","1.07342069416464","1.07342069416464","1.07342069416464","0","1.00009167984027","0.775832277492623","0.996973171759052","0.0161509034545385","0.394119666710538","-0.289230348295973","2.82544039762319","0.460363769229887","5","0","0.357401843986325","1.9174571709365","0","0","0","0","5445.32830273903","-2269.14937820071","-4.13881987805712","-18.9524342274718"
"85","C-7","630.7236","4.8071","24.8074313771257","0.796668046633509","100.221","8.5368","18.3444741413805","0.316378602759223","0.9846","0.1907","0.850994098032678","0.109178102166629","1","0.5371","0.99123981327109","0.0369691334281496","39.9249","3.0461","7.01975898632878","0.337967447098517","24.527","1.8694","4.35732712570857","0.321203822142045","98.6536468264708","8.53735424024324","18.2901581476711","0.31491701624572","644.732476316404","4.80794426240088","25.0369847293201","0.805847937613605","3.67789760506932","0.440341530372449","1.52797159835021","0.326910344610171","1.07342069416464","1.07342069416464","1.07342069416464","0","1.00016718021098","0.67868794103217","0.997395251283399","0.0148355123992834","0.45116033694875","-0.369691199481518","3.14585759048902","0.526923993019462","6","0","0.493164388129376","1.55993934301527","0","0","0","0","5061.70177048333","-605.056985800053","1.911817498512","47.0578788216553"
"86","I-10","276.5663","4.7504","17.1867209770731","0.75144952193748","59.8631","8.4726","14.9047192200557","0.274240054991924","0.979","0.386","0.908280029997857","0.0638829797799034","1","0.635","0.995272123419756","0.0294991126332094","21.2051","2.8427","5.28797205913863","0.308984616005262","16.7322","2.268","4.10018180844225","0.242515854470346","59.8622705959688","8.47013225165921","14.8799113923192","0.274157178750283","276.56187302479","4.84429281899919","17.260640944178","0.751727547247274","2.96540485170025","0.513554483993157","1.14959299908436","0.224102934175747","1.07342069416464","1.07342069416464","1.07342069416464","0","1.00028909189763","0.829498444767359","0.998393777549156","0.01085476208448","0.489280243155988","-0.14099261899495","2.29987232885962","0.414103003105869","4","0","0.409899292907649","1.66481738075462","0","0","0","0","707.890050004396","-1116.15096931182","-2.58898447053379","-11.9142048739274"
"87","C-2","235.3101","3.4974","21.6591494495619","0.665475044375079","56.2512","7.8502","17.1236752639856","0.303942458729847","0.9818","0.2244","0.853591417658953","0.109948334460934","1","0.5533","0.98966531116603","0.044549530229491","21.0382","2.825","6.50241434509099","0.326493672116248","14.2825","1.8628","4.14202405077511","0.308597634466656","56.2497091732244","7.85024794258675","17.0569648454974","0.303801008342037","235.296151294001","3.89575729279984","21.8564094291754","0.662103280677877","4.01997591801686","0.4207342362977","1.46733524395709","0.314641994616935","1.07342069416464","1.07342069416464","1.07342069416464","0","1.00010147165601","0.742953628608987","0.996291454220613","0.0188260443757698","0.477717740769555","-0.490646425502999","3.48213070086699","0.57824382407115","4","0","0.509099078858683","1.5438702128846","0","0","0","0","898.02376837426","-1147.26921131138","2.74482796172704","14.3542457337806"
"88","D-5","1556.2224","4.2431","26.1435336197637","1.10523446485393","151.0636","9.4717","18.4851820264948","0.251944095301474","0.9817","0.1858","0.904155316863588","0.0827581310256426","1","0.5593","0.996607035445757","0.0241885532524951","58.519","3.2386","6.6902245972073","0.266937742618686","35.5892","1.7992","4.92380855710705","0.271301457187753","150.865349709213","9.46989857954314","18.4612672180652","0.250599086834359","1568.19886575977","5.12059131700058","26.2324460901814","1.11598389794887","3.73369201931525","0.462335113357592","1.27948061647387","0.312390145313043","1.07342069416464","1.07342069416464","1.07342069416464","0","1.00017679293984","0.701720436167166","0.998887810289695","0.010444389991144","0.405439611419958","-0.16849406239385","1.97295596157928","0.364898881708252","4","0","0.272824919441461","2.19900193315417","1","0","0.000179018976011457","74.7395477642192","102228.348619579","-720.574658068936","30.047270851368","48.7551341114213"
"89","E-4","178.6657","3.9005","21.2931552741152","0.631000409207276","59.756","8.3735","16.9038905505436","0.2867308158791","0.9813","0.2403","0.872992458940551","0.0925323054284477","1","0.542","0.99277538746241","0.037189334682795","23.74","3.147","6.33934972241499","0.315864065326788","13.128","1.7117","4.21012404580153","0.271933338309342","53.8507132606055","8.37385194483264","16.85592774423","0.285291107688711","178.654557277808","3.94832717860153","21.4398947073407","0.631531581643269","3.76567538927199","0.378690859862002","1.38591082825147","0.303206488532439","1.07342069416464","1.07342069416464","1.07342069416464","0","1.00016981501664","0.716637011311799","0.997449541875914","0.0152217507290731","0.463087414131795","-0.273699105215288","2.79837823158254","0.480993167427062","4","0","0.399375433726579","1.76261997157919","0","0","0","0","950.606869737028","-533.682930982728","-5.87139826780194","-6.02832909286886"
"90","D-6","327.5417","4.7862","38.6216332687464","0.627622181087013","72.6589","8.4053","23.1442800038752","0.295818231906019","0.9847","0.2024","0.836799244332494","0.129316957802798","1","0.5234","0.98805299360589","0.0448360407718023","23.0044","2.9723","8.97279100949428","0.310554783277347","19.034","2.0593","5.29279937996512","0.333039270135832","66.0114968338454","8.40682668058638","23.0495678879286","0.295038850839819","328.649921451607","4.78767275379943","39.0222886194393","0.622916852324001","3.8711681310354","0.408082394404884","1.66703280450763","0.328210696437024","1.07342069416464","1.07342069416464","1.07342069416464","0","1.00018163308703","0.687637296916739","0.996201873169189","0.0188773567889297","0.372638117306242","-0.511337400126607","3.08193847800419","0.498391177010555","5","0","0.434218174772331","1.76183267523675","0","0","0","0","1523.59001566888","-2049.04633105257","5.18206893154697","21.0907776997947"
"91","F-8","240.5995","4.2896","30.4477617590577","0.651605116231237","57.1543","8.239","20.1917421584944","0.307328595488312","0.9854","0.205","0.857432684675458","0.115730708094976","1","0.5411","0.988812712840865","0.0450410069742988","22.6625","2.9064","7.64489043656382","0.324108577776496","15.5162","1.9729","4.89508011778261","0.330804075725676","57.1529889279002","8.23900328138038","20.1136756113049","0.307919122455608","240.591395003597","4.73960650260065","30.7299542437706","0.646194739763642","3.92306196559834","0.365662899137097","1.49131704135569","0.327856217045302","1.07342069416464","1.07342069416464","1.07342069416464","0","1.00023047353841","0.70255120943062","0.996205556822767","0.0189620940654276","0.415242982278713","-0.538960135301679","3.20744651935788","0.528908241009354","4","0","0.453335040327743","1.67621983788836","0","0","0","0","2226.38619525405","-630.450186807543","-2.21058482053318","-31.0902012482292"
"92","A-6","232.0628","4.5684","29.3480334291876","0.623762185911823","87.1409","8.889","20.2687331775701","0.27563871404467","0.9813","0.2317","0.836703606518093","0.133429037056531","1","0.553","0.979610543973161","0.0598532345507145","24.8085","3.1285","7.69676894320633","0.286738665985922","17.8912","2.1595","4.83349822669542","0.305354452855558","65.703639194024","8.88932200554662","20.1228750624516","0.274110513062793","312.737652887799","5.4618369666019","29.8902245875868","0.623334724142532","3.51537335285333","0.377115672133104","1.52430284186449","0.308073944803391","1.07342069416464","1.07342069416464","1.07342069416464","0","1.00014234593843","0.735131019436421","0.99318258704288","0.0240871585925775","0.432187275069775","-0.606427067021376","4.80913283628991","0.695782573393924","5","0","0.609633357296909","1.43248314736375","0","0","0","0","932.43541895877","-841.616537030045","-4.77180261019744","-11.580779034749"
"93","H-3","319.4525","4.8779","43.9034304232302","0.542356491405715","79.7666","9.4156","24.3173296071361","0.268127458964691","0.9847","0.2454","0.870141070411843","0.0994892374258404","1","0.5629","0.992515676598975","0.0345171298736239","23.6352","3.309","9.22366564813058","0.278533169784341","17.045","1.9792","5.88860242930347","0.297841035356396","64.9502044445102","9.41399448737635","24.2587310640518","0.266676076925909","319.4408543818","5.92085729859718","44.1777109597743","0.541598301538285","3.73403637103554","0.478969736118488","1.52009793308616","0.297061707645194","1.07342069416464","1.07342069416464","1.07342069416464","0","1.00014518628726","0.683803923776971","0.997772045723278","0.014517065622463","0.338455952436325","-0.387756863923304","2.34326490539114","0.396720289707354","4","0","0.304232302144619","2.10343277675365","0","0","0","0","1987.82547243273","-1153.95999008479","7.03332135786977","14.5860140440829"
"94","C-4","183.8543","3.84","27.5108985991617","0.569698696060391","55.7014","8.7167","19.5034694242224","0.270654784631047","0.9827","0.2594","0.852443470108096","0.11356747327092","1","0.5725","0.98964956982131","0.0438612795454821","20.635","3.1116","7.46472389146261","0.292274013950983","14.2575","1.9816","4.63391519964703","0.284863940785199","50.1565663709235","8.7081263539488","19.4316792926358","0.270167751754442","183.844300512798","4.86549184960104","27.7633189926541","0.56597716534528","3.62965707568846","0.41292658427742","1.53368321014602","0.316204338663917","1.07342069416464","1.07342069416464","1.07342069416464","0","1.00013841211779","0.735218891245907","0.996584724584937","0.018087446433777","0.421156908749768","-0.416963499914423","3.07864669206451","0.512876274889437","5","0","0.446062210456651","1.68977750453962","0","0","0","0","1338.96341615875","-746.899437837361","0.100467617889443","530.56965416997"
"95","A-7","293.7247","6.1383","37.8714894763407","0.593898424363524","63.0832","9.8231","22.7386656277603","0.264219626289835","0.9838","0.2237","0.858281034700315","0.121603659447354","1","0.5306","0.983809022082019","0.0542417056182712","24.9732","3.383","8.53586490851735","0.270819504183759","16.2031","2.2906","5.58401120504732","0.302672890787909","63.0817141754607","9.8226406691491","22.6112628033646","0.263918134090585","293.711084927799","6.63061774460033","38.394134402055","0.58635815674701","3.36679324802004","0.462162078760051","1.4687455165183","0.298965541755494","1.07342069416464","1.07342069416464","1.07342069416464","0","1.00013931607536","0.695742035541174","0.994702355773884","0.0222484414101995","0.372766710686255","-0.582411566433525","3.52580153515861","0.542447651716288","4","0","0.480630914826498","1.66790790871167","0","0","0","0","1343.6319162887","-1258.67987104495","2.25766261831976","34.855617017666"
"96","F-4","132.0533","4.0745","22.6476319330116","0.536999366778398","49.3529","7.8425","17.9105837354527","0.262679285250777","0.9769","0.2336","0.842352899990538","0.121930050216816","1","0.5321","0.986702715488693","0.0493114149054088","19.9909","2.747","6.87007848424638","0.297148772176078","11.552","2.0064","4.21463866023276","0.251917543804656","44.325020246922","7.84344595216918","17.8194757372914","0.261992314116127","132.951333265605","4.07557289120234","22.9252039653126","0.53319482202252","3.79794626995645","0.337344024351179","1.53681976237195","0.326870202291969","1.4329594072761","0.953445297804261","1.07200610388564","0.0156208565568193","1.00021832625544","0.71777226212395","0.99525414687462","0.0205119689810398","0.460122989980925","-0.501017475681433","3.7909564610652","0.605638493173353","5","0","0.538461538461538","1.52721125136842","1","0","0.000189232661557385","72.6911270561088","570.872495488639","-488.174676931149","5.72083037923821","6.51171148898265"
