TMA.core,Kcross.Cancer2lympho,Kcross.lympho2Cancer,Kcross.Cancer2Stromal,Kcross.Stromal2Cancer,Kcross.Lympho2Stromal,Kcross.Stromal2Lympho,cancer ratio,stromal ratio,lymphocytes ratio,lymphocyte.dens,cancer.dens,stroma.dens,cancer.to.lympho.avgCount,lympho.to.cancer.avgCount,cancer.to.stroma.avgCount,stroma.to.cancer.avgCount,stroma.to.lympho.avgCount,lympho.to.stroma.avgCount,ShannonH,DoC_TL_max,DoC_SL_max,DoC_TL_min,DoC_SL_min,DoC_TL_mean,DoC_SL_mean,DoC_TL_Std,DoC_SL_Std,DoC_LT_max,DoC_ST_max,DoC_LT_min,DoC_ST_min,DoC_LT_mean,DoC_ST_mean,DoC_LT_Std,DoC_ST_Std,DoC_TS_max,DoC_LS_max,DoC_TS_min,DoC_LS_min,DoC_TS_mean,DoC_LS_mean,DoC_TS_Std,DoC_LS_Std,localized_TL,localized_SL,localized_LT,localized_ST,localized_TS,localized_LS
A-1,6938.437345,-1371.683767,8067.709802,-141.673103,10880.71865,2572.255938,0.663306452,0.102318548,0.234375,0.001070041,0.00302833,0.000467136,3.208602151,1.133738602,3.428571429,0.52887538,0.703225806,1.610837438,1.180138736,0.936859839,0.940930486,-0.876557891,-0.731707772,0.027586558,0.052226494,0.481375956,0.437475512,0.922792875,0.946553839,-0.887363504,-0.831080519,-0.005287925,0.011267148,0.410881063,0.394507341,0.943728305,0.954122896,-0.865797331,-0.74531202,0.078529207,0.103685825,0.5210487,0.473564747,0.023706897,0.045258621,0.00608365,0.015209125,0.079207921,0.064356436
A-2,7473.222459,-866.128208,7972.150123,-334.6504465,15888.27977,7116.852793,0.810781671,0.090566038,0.098652291,0.000401867,0.003302773,0.000368927,3.715846995,0.45212766,3.898809524,0.435505319,0.721311475,0.785714286,0.857311897,0.912787756,0.944283079,-0.821151207,-0.701730048,0.026439487,0.074052721,0.501735507,0.471962522,0.925795313,0.908208472,-0.820226173,-0.832510882,-0.023958458,0.00892376,0.379608908,0.369036127,0.878731822,0.947076816,-0.835147433,-0.635782929,0.082313087,0.178719916,0.47853692,0.471971276,0.027472527,0.065934066,0.005988024,0.009314704,0.053892216,0.053892216
A-3,8009.910309,-215.5987704,7393.246649,-607.0560994,23066.93486,13797.08646,0.891467066,0.038922156,0.069610778,0.000253085,0.003241122,0.00014151,3.698924731,0.288832914,3.134615385,0.136859782,0.333333333,0.596153846,0.579172372,0.92282405,0.894936598,-0.792624598,-0.54367457,0.210200602,0.080356556,0.52218416,0.457003981,0.91162114,0.918799297,-0.762571195,-0.85496454,0.023545451,-0.022642823,0.373431941,0.34518432,0.924334232,0.852193358,-0.783488405,-0.566398144,0.127136172,0.088610827,0.554435402,0.482456623,0.086956522,0.097826087,0.033613445,0.1,0.058823529,0.019607843
A-4,8531.085307,366.6413175,13812.93225,5932.751015,9899.492283,1285.899583,0.542982456,0.097368421,0.359649123,0.000979031,0.001478098,0.000265055,1.758536585,1.164781906,2.468468468,0.442649435,0.275609756,1.018018018,1.277088679,0.944365984,0.900239635,-0.769795784,-0.729532302,0.091534636,-0.081546282,0.438359829,0.35860974,0.938727979,0.95874697,-0.7529821,-0.695638907,0.075708061,0.040804701,0.410567959,0.388422066,0.943646053,0.884019101,-0.675182403,-0.713547326,0.182774341,0.060527257,0.497614054,0.454041926,0.026894866,0.161369193,0.014563107,0.100323625,0.090909091,0.009090909
A-5,8746.690371,410.7380398,7610.967,-639.8758282,21911.28633,13022.38164,0.740786241,0.100737101,0.158476658,0.000532141,0.00248745,0.00033826,3.310077519,0.708126036,2.865853659,0.389718076,1.050387597,1.652439024,1.020687387,0.945578533,0.943495899,-0.877771292,-0.76284952,0.210962162,0.28166711,0.515679898,0.461306277,0.948384404,0.951190275,-0.885923966,-0.780888204,0.007184727,0.011359478,0.384002261,0.358962647,0.950110821,0.943495899,-0.760178508,-0.549552779,0.107005563,0.225435031,0.501798854,0.464762325,0.06614786,0.077821012,0.125311203,0.034024896,0.049079755,0.110429448
A-6,6872.157251,-1420.402902,14954.63525,7786.344959,10983.16844,2270.022763,0.423580786,0.216157205,0.360262009,0.000757874,0.000891077,0.000454725,0.851515152,0.724226804,1.454545455,0.742268041,0.542424242,0.904040404,1.479147825,0.928153245,0.936511781,-0.816878062,-0.737917651,-0.021558057,-0.017423396,0.460703975,0.41477754,0.894476723,0.962763646,-0.757805693,-0.667093407,-0.035821753,0.069109322,0.415114031,0.421327706,0.960224113,0.915905678,-0.800675176,-0.808295488,0.186343223,0.068440074,0.522585304,0.466272462,0.018237082,0.027355623,0.046511628,0.054263566,0.157360406,0.065989848
B-1,9789.841599,1125.116436,9455.946843,775.7577982,11879.32724,3492.541222,0.575487013,0.224025974,0.200487013,0.000602048,0.001728146,0.000672734,2.327935223,0.81100141,2.079710145,0.809590973,1.032388664,0.923913043,1.390262274,0.930629142,0.925911395,-0.717605827,-0.807501504,0.250987738,0.138552605,0.434359065,0.453148603,0.922344609,0.90662916,-0.854073388,-0.742804846,0.059889129,0.054736912,0.42000247,0.395350233,0.92584656,0.925078099,-0.849165377,-0.79400459,0.168267787,0.085981454,0.440101829,0.420158085,0.024390244,0.032520325,0.016949153,0.016949153,0.032727273,0.025454545
B-2,10024.66225,1885.832419,10433.44313,2218.467514,12823.0444,5146.346554,0.808571429,0.126666667,0.064761905,0.000152533,0.001904425,0.000298338,2.808823529,0.224970554,2.857142857,0.447585395,0.617647059,0.315789474,0.851334603,0.93565711,0.902980725,-0.768762811,-0.559367511,0.126372682,0.035515281,0.477422815,0.414196093,0.911830036,0.911568597,-0.671507148,-0.786635058,-0.003904495,0.013320849,0.35273646,0.396650095,0.917142533,0.870145062,-0.835013375,-0.585033213,0.164036241,0.019860196,0.521735217,0.395121873,0.014925373,0.059701493,0.053066038,0.0625,0.083333333,0.060606061
B-3,9100.74158,974.9057081,10418.34486,1836.649699,11718.67093,2720.777664,0.539944904,0.166666667,0.29338843,0.000895313,0.001647712,0.000508605,2.159624413,1.173469388,2.342975207,0.723214286,0.73943662,1.301652893,1.391291544,0.9194065,0.923243358,-0.791942695,-0.697222528,0.080871864,0.067199545,0.464776821,0.411001525,0.932560251,0.919093695,-0.741215273,-0.78289347,0.013711659,0.059492278,0.430687068,0.423969056,0.926472172,0.92601586,-0.784644644,-0.769492879,0.156587916,0.057003318,0.502896124,0.427165086,0.042352941,0.018823529,0.011494253,0.024265645,0.058091286,0.037344398
B-6,7349.832453,-1088.821989,10268.32165,2558.40056,8502.157148,-961.499115,0.765005086,0.08138352,0.153611394,0.000371188,0.001848564,0.000196656,2.092715232,0.420212766,2.375,0.252659574,0.245033113,0.4625,0.957893589,0.936622081,0.852624249,-0.73928765,-0.532501605,0.07497629,-0.04631645,0.496283249,0.352326565,0.924850602,0.901793599,-0.777605768,-0.767057406,-0.099851568,-0.029057092,0.410742381,0.381765361,0.911219828,0.911522635,-0.847663438,-0.610472022,0.181135208,0.01613812,0.556396025,0.471464874,0.066666667,0.006666667,0.027962716,0.035952064,0.088607595,0.050632911
B-8,7868.638312,-197.5498486,8205.799688,39.88865826,9671.58523,1173.325774,0.897271268,0.037720706,0.065008026,0.000202651,0.002797079,0.000117587,2.827160494,0.204830054,3.085106383,0.129695886,0.12345679,0.212765957,0.5552054,0.920986588,0.814285571,-0.707785262,-0.497987853,0.084495342,-0.053420926,0.520333001,0.348618561,0.892821861,0.897639293,-0.761143627,-0.749142057,-0.027355397,-0.047923131,0.339634852,0.31239666,0.886940582,0.875380419,-0.800290638,-0.482702444,0.120309625,-0.027301694,0.582356717,0.402085863,0.05,0.0875,0.014324082,0.129811996,0.065217391,0.02173913
C-2,7276.100371,-994.2098912,8119.159614,-152.4590021,10285.58054,3151.330149,0.810055866,0.088268156,0.101675978,0.000219531,0.001749014,0.000190582,1.901098901,0.23862069,2.202531646,0.24,0.274725275,0.316455696,0.869096484,0.91794459,0.82407152,-0.852946801,-0.560143692,0.011078089,-0.091629026,0.485138686,0.390656826,0.910198618,0.906767379,-0.784088716,-0.831403186,-0.076449821,-0.027723292,0.345272539,0.349982359,0.899453687,0.802308012,-0.754714618,-0.563628839,0.109371748,-0.003013053,0.514721627,0.434695634,0.044444444,0.033333333,0.019337017,0.029005525,0.051282051,0.025641026
C-4,6512.611806,-1756.683787,6708.016641,-1449.338709,12438.55106,4818.833501,0.743475019,0.08650261,0.170022371,0.000523778,0.002290382,0.000266484,2.311403509,0.528585757,2.25,0.261785356,0.473684211,0.931034483,1.018798768,0.901485733,0.922510514,-0.817780923,-0.707445611,0.059213399,0.016705331,0.456532405,0.402130932,0.90829923,0.901117209,-0.85164094,-0.774567653,-0.045702749,-0.000412539,0.383291248,0.351380606,0.934803833,0.891760163,-0.729325722,-0.705665363,0.018623433,0.059700561,0.442057739,0.457373114,0.035242291,0.026431718,0.007028112,0.030120482,0.034782609,0.017391304
C-6,7208.383784,-929.2430343,7900.481139,-487.3648062,9202.940525,517.440588,0.6664,0.1288,0.2048,0.000634977,0.002066156,0.000399341,2.203125,0.677070828,2.440993789,0.471788715,0.47265625,0.751552795,1.186348343,0.942879472,0.784978413,-0.811941303,-0.65054363,0.032168783,-0.030591886,0.469950062,0.390899774,0.945702464,0.939850758,-0.791123655,-0.857012538,-0.005061713,0.017760284,0.423076975,0.4141751,0.931383635,0.81977345,-0.868279144,-0.683799329,-0.009479224,-0.014110886,0.539362849,0.439299544,0.043137255,0,0.034855769,0.021634615,0.08125,0.00625
C-7,8681.875795,209.7382034,10121.77868,1551.719794,10440.07683,1947.405065,0.453309157,0.181323663,0.36536718,0.000817631,0.001014431,0.000405772,1.302729529,1.05,1.445,0.578,0.612903226,1.235,1.469117363,0.88022415,0.94642579,-0.784924553,-0.66015827,0.083337944,0.04312315,0.413667512,0.392663204,0.892798716,0.893344929,-0.760824984,-0.643418274,0.092536233,0.050667183,0.401172574,0.381430935,0.871560117,0.936056812,-0.666958922,-0.672804337,0.037885676,0.123042267,0.443198722,0.422138622,0.007462687,0.019900498,0.014028056,0.01002004,0.025125628,0.035175879
C-8,7949.265846,-428.7974597,8533.435497,305.447346,6742.40661,-1005.140238,0.860540541,0.045405405,0.094054054,0.000318822,0.002917038,0.000153914,3.459770115,0.378140704,3.5,0.184673367,0.126436782,0.261904762,0.665217116,0.932701715,0.78775528,-0.828800647,-0.54860908,0.172228701,-0.122931824,0.493875632,0.331649195,0.919917335,0.925695426,-0.695569571,-0.647305899,0.027309597,0.022841197,0.376342634,0.341947372,0.907895158,0.726482522,-0.685540522,-0.560112621,0.356780356,-0.094096583,0.448133202,0.447571952,0.058139535,0.11627907,0.108176101,0.122012579,0.097560976,0.073170732
D-5,7536.215541,-814.448828,6906.624045,-1428.939215,8825.40481,231.7759397,0.671966527,0.135146444,0.192887029,0.001031483,0.00359341,0.000722709,3.917570499,1.124533001,3.715170279,0.747198007,0.887201735,1.26625387,1.20092814,0.893996956,0.859936077,-0.85070815,-0.865803008,-0.030461946,0.024225071,0.480176873,0.41698225,0.909840094,0.894336514,-0.855379198,-0.878470662,-0.042786428,-0.005547136,0.430993526,0.407490048,0.923858128,0.894299836,-0.886649257,-0.771551836,0.036135743,0.086469828,0.458867183,0.436315692,0.02173913,0.004347826,0.009968847,0.012461059,0.01552795,0.02173913
D-6,8404.093604,79.20856064,10901.32767,2407.820623,10385.13632,1861.392102,0.619765494,0.081239531,0.298994975,0.000805647,0.001669968,0.000218901,1.974789916,0.952702703,2.402061856,0.314864865,0.347338936,1.278350515,1.190625047,0.902035119,0.879226455,-0.723751596,-0.778363215,0.07177851,-0.030701613,0.435762628,0.38183232,0.906624833,0.930677626,-0.769315219,-0.816094745,0.04743604,0.052178061,0.402633467,0.394843913,0.928153715,0.87639936,-0.832806582,-0.810241572,0.15665292,0.059796399,0.556774786,0.434533678,0.02247191,0.025280899,0.00811908,0.035182679,0.0625,0.03125
D-7,8335.272832,-215.9167604,9584.723342,1073.559256,9183.512674,1126.525692,0.463039014,0.142710472,0.394250513,0.000897609,0.001054223,0.000324916,1.296875,1.10421286,1.539568345,0.474501109,0.453125,1.251798561,1.418217281,0.911416368,0.875979525,-0.743182344,-0.636037076,0.123668956,0.045967229,0.395976247,0.406825871,0.905790341,0.90420387,-0.722568083,-0.6714875,0.028127995,0.021678457,0.426639429,0.387644222,0.920433424,0.885311472,-0.837428084,-0.634137061,0.087919358,0.102980985,0.470943411,0.439964761,0.010443864,0.018276762,0.011111111,0.013333333,0.028985507,0.02173913
D-8,10077.58506,1633.598232,13426.10398,5227.878275,13931.45092,5173.386167,0.570974576,0.125,0.304025424,0.000591107,0.001110127,0.000243033,1.6271777,0.866419295,1.974576271,0.432282004,0.470383275,1.144067797,1.319222736,0.924991195,0.942582913,-0.780719556,-0.59437263,0.16635026,0.066435463,0.498709608,0.439321416,0.9192236,0.929641039,-0.762427663,-0.797153851,0.093461704,0.042429369,0.436739507,0.438703735,0.934508482,0.941641444,-0.740406206,-0.694959231,0.195193813,0.058052902,0.522342645,0.498621826,0.073426573,0.066433566,0.033457249,0.05204461,0.136752137,0.076923077
E-1,6324.369817,-2045.886435,8308.461301,-7.552070537,7491.35464,-863.3626966,0.641084036,0.064905488,0.294010476,0.00295455,0.006442338,0.000652244,6.352439969,2.913321492,7.873684211,0.797158082,0.725793958,3.287719298,1.113120165,0.92093348,0.920376686,-0.932855201,-0.869542448,-0.10741198,0.065944749,0.479608863,0.420441153,0.915139784,0.92840395,-0.940206977,-0.903192125,-0.08332816,0.021733092,0.436662533,0.391615213,0.917271761,0.938567782,-0.876138769,-0.896380178,0.076125241,0.069524355,0.466328977,0.467608923,0.014728682,0.013178295,0.008884151,0.006041222,0.031690141,0.028169014
E-3,9873.42761,1467.594642,9975.305254,1608.084485,8284.896903,-95.16645491,0.692630597,0.023320896,0.284048507,0.001420104,0.003462815,0.000116593,5.290640394,2.16969697,4.68,0.157575758,0.144499179,1.76,0.926818917,0.948499469,0.946772584,-0.839251672,-0.685574015,0.259173347,-0.047394193,0.486016387,0.369768743,0.938766375,0.911338729,-0.819858443,-0.824831146,0.112732348,-0.019285428,0.445863148,0.337289527,0.88692787,0.943937936,-0.738153975,-0.75282388,0.269464129,-0.061438051,0.442863963,0.571914017,0.123355263,0.222039474,0.052560647,0.139487871,0.06122449,0.06122449
E-4,4431.525555,-3559.770714,7945.151151,218.2213513,15864.56178,6739.382747,0.914201183,0.052268245,0.033530572,0.000114944,0.003133905,0.000179177,2.058823529,0.075512406,3.603773585,0.206040992,0.264705882,0.169811321,0.483998829,0.88351425,0.932892548,-0.892881636,-0.5218465,-0.220337252,0.059308369,0.552118944,0.508075518,0.888852704,0.928741871,-0.881992835,-0.785517366,-0.138348702,-0.014908094,0.317148298,0.378795088,0.945679412,0.907526889,-0.785517366,-0.56336572,0.056826697,-0.04603771,0.573497775,0.428129042,0.03030303,0.181818182,0.151187905,0.068034557,0.134615385,0.211538462
E-5,7404.762906,-876.569659,8976.00619,737.1318696,7354.513275,-987.6273368,0.81509434,0.054986523,0.129919137,0.000512963,0.00321826,0.000217105,3.771784232,0.601190476,3.980392157,0.268518519,0.228215768,0.539215686,0.819432207,0.867045675,0.78783863,-0.804812901,-0.62228471,0.088042736,-0.074795924,0.450119407,0.340755662,0.878282959,0.905833056,-0.832958128,-0.802102719,-0.002671533,0.018884522,0.381394857,0.356458146,0.905535542,0.793030237,-0.784841063,-0.681568074,0.14262481,-0.004956971,0.446956213,0.408855858,0.020833333,0.004166667,0.006618134,0.017868961,0.03960396,0
E-6,6828.937679,-1591.361615,8593.662149,443.30852,8945.618917,1426.548547,0.774827925,0.107177974,0.1179941,0.000273492,0.00179593,0.000248422,1.766666667,0.269035533,2.275229358,0.314720812,0.3,0.330275229,0.931840267,0.861019474,0.94222569,-0.81317878,-0.628737403,-0.092289202,0.030654798,0.442327626,0.419934302,0.847121407,0.893671863,-0.858789769,-0.798679615,-0.07602813,0.04549609,0.343915117,0.370924762,0.896868627,0.917193769,-0.766398376,-0.656150327,0.168680543,-0.035491702,0.500285337,0.416962044,0.008403361,0.042016807,0.01905972,0.008894536,0.027777778,0.046296296
E-8,8609.177524,322.1541886,11123.87417,2574.96901,10883.98274,2756.275912,0.619277108,0.193975904,0.186746988,0.000349245,0.00115814,0.000362764,1.509677419,0.455252918,1.763975155,0.552529183,0.55483871,0.534161491,1.320564714,0.931883596,0.900531888,-0.755691116,-0.799585277,0.094618433,0.049008977,0.49997113,0.43944216,0.927289208,0.946542903,-0.685726687,-0.686871532,0.060410799,0.086474046,0.417235602,0.428140252,0.946542903,0.912224907,-0.759615564,-0.798803696,0.192537242,0.066580514,0.546914257,0.45623668,0.058441558,0.025974026,0.038986355,0.050682261,0.15625,0.0375
F-2,7491.463494,-780.811388,8474.833608,302.4292181,9130.569388,614.9807194,0.862436548,0.04213198,0.095431472,0.000467203,0.004222221,0.000206265,4.79787234,0.53090053,4.831325301,0.236021189,0.281914894,0.638554217,0.649728366,0.914869874,0.870211384,-0.889461746,-0.61582264,0.072775808,-0.033508951,0.527928557,0.413708586,0.917609005,0.932422338,-0.880491983,-0.84416522,-0.030859473,-0.02089415,0.396650463,0.360185891,0.901758654,0.812073015,-0.768903395,-0.639484074,0.170446809,-0.01630558,0.513928994,0.431635535,0.026737968,0.042780749,0.012956419,0.045936396,0.085365854,0
F-3,8910.179093,521.9663795,9086.985921,652.0043444,9854.532038,1627.739487,0.574558907,0.02902675,0.396414343,0.00307546,0.004457541,0.000225195,6.015075377,4.150074294,5.81372549,0.293709757,0.31730079,4.333333333,1.124756464,0.949807903,0.899648402,-0.897686779,-0.778987564,0.146375246,-0.007657569,0.520595628,0.389572999,0.938857652,0.925845193,-0.931354746,-0.897095772,0.117666723,0.026791663,0.487110956,0.380649465,0.934183367,0.898132719,-0.862527353,-0.791647746,0.124580903,0.124141652,0.566136011,0.500727148,0.068965517,0.022988506,0.040138751,0.019326065,0.079207921,0.059405941
F-5,6882.62497,-1592.982486,9306.062962,827.2234969,14381.43158,5937.188865,0.779661017,0.074810053,0.14552893,0.000548126,0.002936547,0.000281768,3.13253012,0.584707646,3.5234375,0.33808096,0.445783133,0.8671875,0.953144686,0.868620197,0.907566958,-0.86786042,-0.617226671,0.02221863,0.037464659,0.464304831,0.434943826,0.873731994,0.920949034,-0.862250035,-0.76246718,-0.041819842,-0.020666977,0.384772822,0.36972321,0.899176917,0.915996372,-0.770695243,-0.688138987,0.171015219,0.181604163,0.468560899,0.502619056,0.016129032,0.048387097,0.006751688,0.030007502,0.031496063,0.118110236
F-8,7836.096937,-422.1559627,10187.851,2059.331618,22948.03401,11068.91389,0.798206278,0.055092889,0.146700833,0.000471468,0.00256528,0.000177058,3.109170306,0.571428571,3.279069767,0.226324238,0.410480349,1.093023256,0.821479259,0.865973428,0.905235647,-0.855978863,-0.580938246,0.057989668,0.117878143,0.483693063,0.438298221,0.865292987,0.928308801,-0.834648491,-0.854461754,-0.008725879,0.013325531,0.367253924,0.348977939,0.919970698,0.913294124,-0.871857214,-0.560320017,0.205989707,0.195884899,0.503505551,0.455762263,0.01754386,0.048245614,0.074698795,0.118072289,0.058823529,0.141176471
G-1,7511.075261,-680.0854837,8084.294273,-185.2127386,10137.12993,1228.074131,0.681961031,0.107479573,0.210559397,0.000753493,0.002440417,0.000384619,2.731343284,0.843317972,2.783625731,0.438709677,0.47761194,0.935672515,1.112921946,0.925644058,0.862596507,-0.874636897,-0.635502069,0.110741096,0.06457585,0.490483349,0.42028471,0.91719133,0.895051518,-0.910069201,-0.786977371,0.014363242,0.063883431,0.400697048,0.379007835,0.883420674,0.951959622,-0.782961913,-0.701988972,0.158794302,0.045468072,0.449525574,0.458246137,0.038922156,0.011976048,0.015682657,0.005535055,0.011764706,0.035294118
G-2,8278.617895,155.2058858,6679.231245,-1596.21048,7546.999802,-909.9280526,0.7,0.141666667,0.158333333,0.001294458,0.005722869,0.0011582,5.866666667,1.326984127,4.576470588,0.926190476,1.056140351,1.180392157,1.114591474,0.951453646,0.934571032,-0.864144101,-0.706909127,0.302527303,0.069392883,0.472311271,0.447778946,0.948646998,0.909792122,-0.860568611,-0.912868086,0.172410937,0.062044461,0.446974692,0.459108735,0.929966932,0.929670586,-0.819086654,-0.753378965,0.165889183,0.088275784,0.503435208,0.439551427,0.126760563,0.028169014,0.049245433,0.02700556,0.082677165,0.035433071
G-3,5841.904498,-2514.345352,7865.059755,-146.9453175,20901.85864,13618.43377,0.806308128,0.035179943,0.158511929,0.000877614,0.004464189,0.000194777,4.219387755,0.829488465,4.965517241,0.21664995,0.535714286,2.413793103,0.725764276,0.92418971,0.947518309,-0.897875365,-0.621253143,-0.171896519,0.234236767,0.519898678,0.430497702,0.913054894,0.944730221,-0.904919411,-0.855403023,-0.06265086,-0.020945117,0.401215391,0.35564657,0.900340085,0.964590711,-0.85818672,-0.579086313,0.152495197,0.309408536,0.539281555,0.49634333,0.012787724,0.079283887,0.008529854,0.047165078,0.058139535,0.104651163
G-5,6921.217495,-1319.214044,9508.340205,1379.692799,4804.616849,-3447.617347,0.872576177,0.047091413,0.08033241,0.000253375,0.002752181,0.00014853,2.836206897,0.261111111,3.411764706,0.184126984,0.163793103,0.279411765,0.628050677,0.871518968,0.84711318,-0.804720032,-0.530189913,-0.003721612,-0.065562692,0.462798483,0.342390941,0.885862485,0.919582043,-0.808543516,-0.788461826,-0.02499275,-0.042615732,0.336000516,0.32535624,0.842412274,0.849612039,-0.834735154,-0.550545365,0.108747429,-0.037360962,0.49459815,0.394622431,0.008695652,0.147826087,0.003971406,0.074662431,0,0.014925373
G-6,6226.184196,-2045.957371,6436.07597,-1906.956043,16103.94484,7687.702204,0.856060606,0.084343434,0.05959596,0.000288142,0.004138991,0.000407794,3.771186441,0.262536873,3.820359281,0.37640118,1.059322034,0.748502994,0.715111519,0.854060484,0.890904876,-0.887376028,-0.706284559,-0.202483516,0.25137728,0.485909462,0.460944309,0.869101072,0.938233346,-0.866682471,-0.839415009,-0.12509709,-0.074131644,0.337767953,0.366607729,0.921328241,0.93040993,-0.870265078,-0.814034932,-0.080637187,0.069152503,0.483798082,0.45885104,0.017094017,0.076923077,0.045454545,0.015938607,0.018072289,0.060240964
G-8,8035.346869,-330.8679204,8781.63336,958.2422203,21897.36186,11343.0614,0.93461763,0.028604787,0.036777583,0.000127607,0.00324285,9.93E-05,4.126984127,0.162398501,3.673469388,0.112429731,0.174603175,0.224489796,0.401387554,0.897964464,0.951143895,-0.72825948,-0.571699008,0.237704532,0.011165373,0.440065875,0.451664017,0.885737769,0.921273236,-0.77361131,-0.749385898,-0.011487629,-0.006729482,0.325003342,0.306351437,0.921273236,0.951143895,-0.726775177,-0.522076573,0.255598331,0.022290235,0.461295674,0.466120323,0.064516129,0.129032258,0.084375,0.206875,0.0625,0.020833333
H-2,7885.756841,-638.7974327,10486.70075,2431.403807,18096.77379,9802.519696,0.819561551,0.064080944,0.116357504,0.000425202,0.002994903,0.000234169,3.188405797,0.452674897,3.622807018,0.283264746,0.420289855,0.763157895,0.788626205,0.94516838,0.918509426,-0.841833186,-0.55716103,0.108822969,0.11067365,0.526555687,0.42588993,0.946958382,0.941513327,-0.829238578,-0.796904943,0.027110235,0.033234932,0.387605318,0.38312363,0.938884713,0.906290493,-0.810577253,-0.629744707,0.208669165,0.113749535,0.573032729,0.484120299,0.053398058,0.014563107,0.048043926,0.021962938,0.150442478,0.079646018
H-5,6115.11968,-2424.600046,6993.112482,-1410.235274,6504.537223,-1868.265527,0.782116582,0.041878891,0.176004527,0.000870251,0.003867159,0.000207069,3.662379421,0.824167873,4.256756757,0.227930535,0.286173633,1.202702703,0.857959954,0.920094136,0.902499186,-0.928618542,-0.621352005,0.002000347,-0.018597944,0.464109825,0.365425683,0.922916511,0.946321934,-0.872845657,-0.863767796,-0.027155361,-0.048150871,0.402832056,0.357917566,0.93438085,0.878658456,-0.818921041,-0.687912025,0.202950343,0.152697876,0.576618365,0.505715701,0.012903226,0.012903226,0.007965243,0.02679218,0.150684932,0.054794521
H-6,8984.029746,890.7338829,11955.30907,3083.367717,16162.91389,7248.884044,0.53125,0.172554348,0.296195652,0.000639555,0.001147092,0.000372585,1.435779817,0.800511509,1.622047244,0.52685422,0.866972477,1.488188976,1.352923685,0.905207634,0.940367866,-0.835303997,-0.677826869,0.103359358,0.181458903,0.511631589,0.42167119,0.899574351,0.921942148,-0.743292894,-0.704064956,0.041615826,0.045325652,0.45262389,0.432498157,0.938704732,0.954459466,-0.728229921,-0.729997503,0.145747355,0.145486685,0.51392631,0.48838238,0.036866359,0.059907834,0.043589744,0.058974359,0.063492063,0.063492063
H-8,7336.697363,-146.3591618,8075.540636,-397.1102515,17205.10484,12078.05699,0.808247423,0.055670103,0.136082474,0.000315181,0.001871985,0.000128938,1.818181818,0.306122449,2.407407407,0.165816327,0.212121212,0.518518519,0.836618876,0.890331792,0.961639908,-0.737603351,-0.614685666,0.165746121,-0.049911943,0.466245877,0.451519745,0.911356428,0.905567755,-0.625359363,-0.709169805,-0.002004181,-0.015246095,0.367218643,0.353692426,0.891970642,0.961639908,-0.722393123,-0.656196241,0.344057491,0.087904431,0.439171422,0.557355189,0.061538462,0.215384615,0.033248082,0.122762148,0.038461538,0.192307692
I-1,7188.530462,-1204.510705,9152.123756,894.2036226,8156.997393,-299.3079464,0.717402334,0.069507864,0.213089802,0.000864631,0.002910926,0.000282035,3.2,0.95049505,3.423357664,0.331683168,0.330952381,1.01459854,1.064346566,0.902315106,0.938408829,-0.861555504,-0.725441424,0.00217331,-0.029296595,0.460598091,0.381341003,0.896243842,0.917144279,-0.843530787,-0.84460895,-0.003589385,0.004157529,0.416479196,0.370476995,0.900160125,0.924402727,-0.870223451,-0.734803203,0.10177527,0.06351646,0.505552762,0.461639013,0.019093079,0.00477327,0.007077141,0.006369427,0.014705882,0.014705882
I-2,7909.203783,-456.9823451,8376.897193,-140.4018119,10125.49863,2219.899083,0.865724382,0.06360424,0.070671378,0.000191295,0.002343359,0.000172165,2.85,0.232653061,2.911111111,0.213877551,0.23,0.255555556,0.688738157,0.883403265,0.902413965,-0.809160577,-0.58611376,0.09699605,-0.059264464,0.449835939,0.404168643,0.922916511,0.921444772,-0.77105805,-0.865706389,-0.018842391,-0.009567663,0.337466873,0.341743246,0.893856605,0.919281516,-0.846173512,-0.590631782,0.182509987,-0.061805099,0.482001469,0.39804356,0.04040404,0.04040404,0.045751634,0.026143791,0.02247191,0.04494382
I-3,6929.602909,-1305.134727,7163.697859,-1264.289436,15260.2818,6893.634749,0.862873134,0.076026119,0.061100746,0.000265275,0.003746257,0.000330076,4.106870229,0.290810811,3.668711656,0.323243243,0.595419847,0.478527607,0.673352741,0.907628579,0.934523558,-0.757659322,-0.697481516,0.152769192,0.072880089,0.49770511,0.43327298,0.907132385,0.921960081,-0.785950532,-0.84159372,-0.002602405,-0.065967836,0.355860315,0.359414537,0.938382896,0.917885156,-0.824938356,-0.668085743,-0.025111626,0.067504649,0.485894305,0.43294237,0.038461538,0.038461538,0.017847485,0.024878313,0.030864198,0.067901235
I-5,7638.567414,-705.3019354,7863.900964,-145.328468,12308.71598,4381.254527,0.769434337,0.031425736,0.199139927,0.001129949,0.004365884,0.000178314,5.194352159,1.344368014,5.273684211,0.21539123,0.264119601,1.673684211,0.87776456,0.926897667,0.919203802,-0.877440639,-0.630482884,0.002243686,0.032311399,0.472899537,0.384064643,0.922725611,0.927053373,-0.864893745,-0.786957105,-0.006713923,0.01900122,0.428009174,0.361820152,0.951878587,0.905646223,-0.812825802,-0.691354345,0.225300266,0.210847898,0.532498143,0.489796762,0.024958403,0.036605657,0.008172043,0.026236559,0.106382979,0.063829787
I-6,12023.58073,3918.948134,11634.99069,3197.200626,11456.03228,3188.23428,0.641991925,0.179004038,0.179004038,0.000621328,0.002228373,0.000621328,3.684210526,1.027253669,3.545112782,0.988469602,1.003759398,1.003759398,1.282450572,0.949664499,0.948175219,-0.894578301,-0.665147011,0.242015405,0.164013676,0.522702973,0.436998546,0.946761261,0.924094541,-0.904967641,-0.879245816,0.125426596,0.13955161,0.464885353,0.435792191,0.924094541,0.934731437,-0.878323356,-0.691739983,0.228183504,0.062030496,0.502508081,0.43789545,0.128301887,0.045283019,0.070304302,0.03567681,0.056603774,0.067924528
I-7,7237.791448,-1099.378861,7930.135163,-376.8470997,8615.109527,632.695497,0.762247191,0.079550562,0.158202247,0.000696225,0.003354539,0.00035009,3.840909091,0.797169811,4.005649718,0.418042453,0.417613636,0.830508475,1.00135831,0.921860442,0.878768146,-0.840182409,-0.687160813,0.130924544,0.038555839,0.443826505,0.386224362,0.908975022,0.870688464,-0.80513933,-0.804682815,0.053497096,0.009139247,0.388023815,0.367870398,0.876433686,0.881994852,-0.806512117,-0.634554919,0.125387271,0.030508633,0.469345293,0.389033656,0.028490028,0.002849003,0.008849558,0.002949853,0.011363636,0.005681818
I-8,7284.091147,-1019.375402,7647.291405,-849.8289806,13428.22719,5189.242748,0.727536232,0.108985507,0.163478261,0.000610734,0.002717983,0.000407156,3.046099291,0.684462151,2.936170213,0.439840637,0.762411348,1.143617021,1.080554934,0.94588119,0.957067426,-0.884191057,-0.625044029,0.059855035,0.126565019,0.482077335,0.427891204,0.962975429,0.95174682,-0.824063728,-0.84493245,-0.025331193,-0.014171728,0.406310744,0.37654286,0.971038722,0.963507091,-0.805454049,-0.635571587,0.035216015,0.182442865,0.533994004,0.444546611,0.042704626,0.028469751,0.023125997,0.032695375,0.085561497,0.026737968
J-2,7136.965119,-1240.997003,8111.827792,-220.6164133,9955.622939,1643.849478,0.536442465,0.074994141,0.388563393,0.002938307,0.004056565,0.000567104,4.505428227,3.263433814,4.821875,0.674093491,0.82509047,4.275,1.253767174,0.936774658,0.942329538,-0.923364293,-0.801348149,0.040132513,0.094698301,0.53031116,0.456371137,0.952806205,0.927131667,-0.935198667,-0.927073339,0.006609497,-0.004339774,0.471887447,0.413687275,0.940347721,0.957275494,-0.873280388,-0.802725036,0.042146547,0.123526136,0.524180514,0.527772949,0.056125528,0.038624019,0.030594406,0.017482517,0.043887147,0.094043887
J-3,8369.938199,73.23374353,7098.268691,-1454.273675,7735.720128,-327.2978924,0.486267166,0.152309613,0.361423221,0.002850975,0.003835768,0.001201447,4.164075993,3.094993582,3.323770492,1.041078306,1.262521589,2.995901639,1.376398712,0.934733705,0.933619848,-0.903219087,-0.880210291,0.013256307,0.071077456,0.506443088,0.462310504,0.943154729,0.914665269,-0.887066955,-0.76774888,0.059975622,0.046662049,0.500507469,0.455886675,0.898618923,0.948909035,-0.839003809,-0.799703252,0.183610403,0.172411581,0.497572471,0.461783892,0.039792388,0.039792388,0.03470437,0.020565553,0.057613169,0.057613169
J-4,8101.099402,-281.020694,9091.036548,1092.671754,13285.4442,5296.707184,0.748318386,0.053811659,0.197869955,0.000763565,0.002887705,0.000207655,3.626062323,0.958801498,3.802083333,0.27340824,0.371104816,1.364583333,0.900988113,0.932547049,0.932557772,-0.809980104,-0.645712718,0.139127047,0.016817592,0.500443536,0.413808064,0.923614603,0.937716549,-0.82352378,-0.848182352,0.02441519,-0.008480728,0.4145251,0.359153067,0.95290982,0.935341526,-0.817234598,-0.633291383,0.192565487,0.178851786,0.550375189,0.460475061,0.065340909,0.036931818,0.02173913,0.055472264,0.115789474,0.031578947
J-7,7438.079316,-877.2706788,8720.821507,404.8667137,9206.395394,846.9959166,0.808116453,0.051610057,0.140273489,0.000706685,0.004071214,0.000260007,4.5,0.781113537,4.854700855,0.310043668,0.377358491,1.025641026,0.838803669,0.89777714,0.885764239,-0.856259255,-0.680238407,0.00079941,0.052537564,0.432375973,0.371101951,0.911006921,0.934645295,-0.835182322,-0.858206484,-0.004490265,0.065593859,0.373346506,0.361027669,0.920695366,0.916618332,-0.828237369,-0.646512265,0.23188678,0.105962615,0.475035472,0.426035885,0.009463722,0.003154574,0.003823048,0.01583834,0.043103448,0.025862069
J-8,7855.595076,-453.7938587,6757.337158,-1571.383809,8739.095344,121.7868723,0.66184274,0.102267246,0.235890014,0.001093195,0.003067205,0.000473941,3.73006135,1.329446064,3.259433962,0.503644315,0.574642127,1.325471698,1.165353479,0.891031313,0.834782674,-0.90510003,-0.81109976,-0.046893711,0.032731379,0.438834902,0.372822539,0.876301939,0.918038265,-0.902315106,-0.872288953,-0.032188529,-0.023362949,0.398897173,0.369983986,0.934088064,0.836690739,-0.861651283,-0.755114759,0.047094385,0.004789475,0.482349675,0.398070485,0.006147541,0,0.005835157,0.00948213,0.033175355,0
K-1,8160.162473,-106.6466171,8369.010307,457.3532075,22209.1451,14446.56137,0.894058472,0.039295819,0.066645709,0.000391678,0.005254403,0.000230942,6.198113208,0.462025316,6.184,0.271800281,0.726415094,1.232,0.583963429,0.946657585,0.952311885,-0.931335597,-0.590913239,0.135500156,0.147820693,0.539980354,0.45879631,0.935286322,0.946189891,-0.934115703,-0.809367251,-0.00444617,0.044908767,0.37022646,0.364573653,0.938129138,0.955137737,-0.794101141,-0.638877364,0.338629892,0.228640285,0.536585002,0.512082428,0.075829384,0.118483412,0.011607457,0.089342244,0.233870968,0.10483871
K-3,6951.746842,-1393.066118,8416.54955,187.4715206,6954.500785,-1508.796212,0.795803067,0.075464084,0.128732849,0.00061972,0.003830993,0.000363284,3.821316614,0.618154158,4.614973262,0.437626775,0.388714734,0.663101604,0.91570583,0.917319563,0.885297278,-0.924220477,-0.661156803,-0.05535117,-0.007981508,0.52205443,0.402970435,0.931757384,0.943622586,-0.88785828,-0.888798765,-0.08010617,0.014534384,0.385767649,0.383038596,0.8999698,0.86599173,-0.837884296,-0.685828368,0.114844348,-0.091296431,0.471813149,0.416756363,0.044025157,0.006289308,0.009639777,0.008625063,0.032258065,0.010752688
K-4,8647.357216,293.08299,8229.233062,-377.3549835,13156.83873,5519.90692,0.853485064,0.056899004,0.089615932,0.000271519,0.002585893,0.000172393,3.357142857,0.3525,3.0875,0.205833333,0.317460317,0.5,0.72608136,0.929370048,0.915171058,-0.744832817,-0.573715172,0.153468365,0.083237594,0.525418473,0.454830004,0.919151078,0.904432121,-0.86843289,-0.908878926,0.014338144,-0.006520024,0.37514233,0.361295362,0.894827721,0.912084017,-0.800806462,-0.578432189,0.173596197,0.066039128,0.528159503,0.459957598,0.088,0.064,0.022518766,0.13177648,0.037974684,0.050632911
K-5,6526.317281,-1676.220519,8036.399156,-304.5323098,20824.93433,11893.78484,0.864521976,0.051200725,0.0842773,0.000413134,0.004237959,0.00025099,4.306451613,0.419811321,4.752212389,0.281446541,0.666666667,1.097345133,0.692398235,0.881568324,0.916895667,-0.886066146,-0.616556257,-0.09885043,0.200009292,0.503631715,0.456546672,0.891735635,0.880267628,-0.832930624,-0.869897096,-0.049408514,-0.013163341,0.374525528,0.36431527,0.887986387,0.945282529,-0.864183501,-0.599168961,0.008284472,0.142271933,0.523226502,0.495330903,0.016216216,0.075675676,0.02726796,0.015207132,0.017857143,0.098214286
K-8,7771.529491,-543.938527,8080.315067,-267.2547287,7365.641816,-1188.261151,0.616959064,0.053467001,0.329573935,0.0016661,0.003118922,0.000270292,3.678073511,1.9647935,3.6328125,0.314827353,0.291508238,1.796875,1.141106951,0.938595444,0.888608508,-0.909500965,-0.851501513,0.093461563,-0.042212005,0.471542012,0.388767677,0.938993216,0.910313274,-0.862073001,-0.763702953,0.081083722,0.011335445,0.423532018,0.348135782,0.885462683,0.853692954,-0.807565597,-0.845712547,0.104804982,-0.02071759,0.494499679,0.490100039,0.032994924,0.001269036,0.02100271,0.005420054,0.031496063,0.015748031
L-1,5885.137101,-2445.031172,7088.923801,-1275.219229,14463.60959,6125.307377,0.83026276,0.058290547,0.111446693,0.000717907,0.005348309,0.000375491,4.753387534,0.6380502,5.512953368,0.387049836,0.807588076,1.544041451,0.806749248,0.908919238,0.950127342,-0.933122188,-0.772414652,-0.170500891,0.256527715,0.530361156,0.450402386,0.931951621,0.938110187,-0.931428841,-0.913677236,-0.093752933,-0.007442343,0.405867679,0.381708149,0.934374893,0.948769233,-0.903913349,-0.655557036,-0.07476236,0.259579429,0.565905538,0.442185425,0.024456522,0.059782609,0.007641921,0.006186317,0.046875,0.083333333
L-2,8740.940111,410.7481979,7164.07321,-1000.661924,10966.89635,2407.31695,0.649342517,0.088290545,0.262366938,0.00097162,0.002404701,0.000326965,3.162291169,1.277724204,2.503546099,0.340405014,0.515513126,1.531914894,1.176170265,0.906874484,0.888951618,-0.834036346,-0.810075361,0.099876665,0.013178641,0.460405417,0.40283435,0.929197548,0.910826713,-0.825113703,-0.772094535,0.051612289,-0.015400379,0.405962181,0.368275096,0.947073522,0.949135447,-0.783624488,-0.781665547,0.014135649,0.041765675,0.464629881,0.446457524,0.033492823,0.011961722,0.1003861,0.022200772,0.014285714,0.035714286
L-3,7998.431303,-424.953545,9093.952852,769.567704,11403.9162,2914.618671,0.714214214,0.102102102,0.183683684,0.000727306,0.002827972,0.000404279,3.305177112,0.850035039,3.612745098,0.516468115,0.621253406,1.117647059,1.109783991,0.875957458,0.921397634,-0.891322574,-0.635942048,0.058692527,0.10474335,0.45889822,0.406654659,0.879980183,0.853187524,-0.899010138,-0.821072614,0.006945173,-0.003431304,0.404272511,0.379019814,0.892868656,0.907112528,-0.845118642,-0.687355061,0.093250854,0.148166602,0.469329436,0.44310356,0.008196721,0.024590164,0.004908836,0.000701262,0.014778325,0.034482759
L-6,7364.173838,-994.1352536,7316.788979,-800.9515058,10013.80112,2460.744107,0.701629753,0.069786878,0.228583368,0.001129107,0.003465761,0.000344718,3.92321755,1.278141751,3.724550898,0.370458606,0.499085923,1.634730539,1.052661306,0.945973664,0.895328632,-0.844782884,-0.774665776,0.156846147,0.065455003,0.486329686,0.400144532,0.934644639,0.923215886,-0.877225609,-0.855377136,0.024801199,-0.039983196,0.42570083,0.363586327,0.913616351,0.903593115,-0.791682514,-0.734344991,0.041215349,0.068576407,0.48417483,0.492636361,0.065934066,0.014652015,0.018474374,0.005959476,0.018072289,0.024096386
L-8,7025.153822,-1390.787743,8480.996552,181.8274932,11141.13245,2828.149083,0.711871567,0.06886354,0.219264892,0.001101315,0.003575561,0.000345885,3.944123314,1.214836795,4.374233129,0.423145401,0.599229287,1.90797546,1.076039132,0.930951031,0.941663583,-0.866871088,-0.706250319,0.018631128,0.096013803,0.475787992,0.427222327,0.940987,0.927880271,-0.850867314,-0.869798007,-0.034158111,0.033987212,0.422913845,0.376643458,0.943225489,0.950046344,-0.856306521,-0.6921102,0.150190217,0.092619185,0.500573774,0.469113026,0.046332046,0.025096525,0.01543943,0.016033254,0.086419753,0.049382716
M-2,7842.342241,-651.9764306,8298.625504,-117.8316733,14273.16523,6493.748358,0.693703308,0.057097118,0.249199573,0.001108904,0.003086884,0.000254074,3.531049251,1.268461538,3.588785047,0.295384615,0.494646681,2.158878505,1.026506941,0.927448276,0.939888336,-0.821733697,-0.624148033,0.13002931,0.167314637,0.509226978,0.443788509,0.925574618,0.967883926,-0.865045402,-0.870316276,0.034307478,-0.017039267,0.419477188,0.359632317,0.941958464,0.948280196,-0.8052459,-0.685910339,0.079772909,0.201542755,0.496593885,0.52218276,0.077253219,0.081545064,0.040800616,0.037721324,0.028301887,0.132075472
M-5,9508.666404,839.9083531,11147.00015,2902.466533,10104.76193,1239.107799,0.482642777,0.320268757,0.197088466,0.000337412,0.000826276,0.000548295,1,0.408352668,1.227272727,0.814385151,0.670454545,0.412587413,1.476348536,0.813221916,0.955867899,-0.686117512,-0.677264759,0.071722632,-0.010735619,0.444851021,0.416854069,0.887391371,0.865459749,-0.707930933,-0.672333301,0.050674224,0.032242967,0.370193055,0.41171836,0.920143529,0.955867899,-0.701268044,-0.646161504,0.10383607,-0.028360193,0.42262915,0.395021607,0,0.045714286,0.011627907,0.013953488,0.01754386,0.031578947
M-6,11518.65102,3164.397804,11326.92295,2809.474031,11113.91913,2713.710692,0.214143426,0.25,0.535856574,0.001049566,0.000419436,0.000489667,0.69330855,1.734883721,0.637450199,0.744186047,0.769516729,1.64940239,1.440579116,0.929936881,0.925966556,-0.81681653,-0.767312873,0.069214817,0.123236261,0.421850033,0.434302111,0.936893133,0.906878998,-0.748757415,-0.658196717,0.068372415,0.057683885,0.470498179,0.415042984,0.848979242,0.923995353,-0.651881258,-0.705895412,0.065225525,0.112890382,0.399423899,0.426064348,0.024208566,0.040968343,0.028037383,0.028037383,0.008,0.052
M-7,7052.323645,-1069.991238,7590.601814,-796.5385729,9149.136685,636.222284,0.835605453,0.096230954,0.068163593,0.000192979,0.002365701,0.000272442,2.552941176,0.208253359,2.716666667,0.312859885,0.352941176,0.25,0.793951724,0.808759267,0.881262399,-0.829985371,-0.558472841,0.044408372,0.069236567,0.507339282,0.450946253,0.854188822,0.907686711,-0.797005691,-0.77342835,-0.032499266,-0.011947905,0.340547801,0.351764895,0.916594249,0.906282467,-0.702385765,-0.542468301,0.135136224,-0.012888081,0.443713186,0.389176911,0,0.035714286,0.004803074,0.005763689,0.050420168,0.033613445
M-8,6754.821975,-1650.46108,7480.527543,-715.3552703,12017.9153,3753.943584,0.724658015,0.059978955,0.215363031,0.001238939,0.004168809,0.000345047,4.555374593,1.353823814,4.514619883,0.373668925,0.560260586,2.011695906,1.044031266,0.92512814,0.971227717,-0.914572269,-0.720899981,-0.10389155,0.098617408,0.493327172,0.436913702,0.916114648,0.900676629,-0.89820657,-0.843541773,-0.064912646,-0.05022863,0.408903373,0.355226519,0.914976878,0.967446515,-0.843004833,-0.692208065,-0.019629421,0.197640851,0.462530937,0.466417958,0.013050571,0.042414356,0.005811138,0.005811138,0.017647059,0.064705882
N-2,7294.831881,-1152.299883,8460.207336,-39.83787489,10693.01732,2199.441956,0.840933768,0.050488599,0.108577633,0.000433317,0.003356041,0.000201492,3.835,0.495158167,4.11827957,0.247256294,0.315,0.677419355,0.747275942,0.878461017,0.900066283,-0.798730078,-0.610751485,0.04329202,0.021627073,0.448980649,0.367605214,0.893876581,0.933734359,-0.792222325,-0.876786823,-0.044264254,0.009387592,0.36826047,0.355870484,0.883277989,0.87514137,-0.796231975,-0.640305186,0.188956549,0.042635355,0.497279641,0.44097343,0.010050251,0.030150754,0.003875969,0.027131783,0.032608696,0.02173913
N-3,11379.23573,3762.797357,15290.49971,6851.836847,11171.44735,2373.783969,0.540229885,0.234482759,0.225287356,0.000408735,0.00098013,0.000425418,1.5,0.625531915,1.882352941,0.817021277,0.632653061,0.607843137,1.394463939,0.911630812,0.888428494,-0.730798158,-0.632384238,0.118675123,0.124209625,0.526840594,0.389357612,0.914376688,0.918647349,-0.68888587,-0.638557655,0.075324863,0.167720971,0.457268081,0.432034086,0.92578631,0.880748279,-0.626485811,-0.592104495,0.351422289,0.12867084,0.40965898,0.423094903,0.092783505,0.010309278,0.034188034,0.05982906,0.108910891,0.02970297
N-4,8052.050997,-245.3714614,8057.10899,211.351907,13215.30888,4919.858885,0.689235265,0.050170482,0.260594252,0.001114107,0.002946657,0.000214492,3.613084112,1.366077739,3.242718447,0.236042403,0.38317757,1.990291262,0.942696507,0.92734545,0.943919175,-0.893352671,-0.641081628,0.031327473,0.150347622,0.476714347,0.43275,0.930317937,0.911426303,-0.888083361,-0.887144274,-0.022981499,-0.028168967,0.400781528,0.352774573,0.921565713,0.937798929,-0.829570433,-0.641229124,0.082686698,0.134077535,0.525549172,0.495851028,0.026217228,0.059925094,0.014851485,0.016265912,0.039215686,0.107843137
N-5,10276.59534,2017.494409,8651.069481,268.6248293,7673.774036,-691.6401744,0.568475452,0.205426357,0.226098191,0.000410366,0.001031777,0.000372847,1.422857143,0.565909091,1.251572327,0.452272727,0.422857143,0.465408805,1.389095149,0.893863588,0.901235456,-0.694164976,-0.716510038,0.17317956,-0.005331155,0.447374595,0.388335868,0.913175455,0.8775792,-0.708409243,-0.751600852,0.057302119,0.015118999,0.41402068,0.397688334,0.845355604,0.918338006,-0.804361628,-0.603448945,0.024233293,-0.040033331,0.455340385,0.380476487,0.022988506,0.017241379,0.011389522,0.002277904,0,0.012658228
N-7,6705.659187,-1370.092949,7024.481928,-1337.491336,12723.01313,4406.412959,0.816713483,0.122893258,0.060393258,0.000196693,0.002659923,0.000400246,2.813953488,0.208082545,2.931428571,0.441100602,0.686046512,0.337142857,0.840709776,0.878261575,0.850954045,-0.826963236,-0.614364207,0.072211576,0.11667234,0.498075259,0.4509079,0.902819641,0.909427059,-0.75100429,-0.782295449,-0.015181364,0.001424879,0.343231087,0.37572102,0.870721999,0.86649878,-0.792730161,-0.56386908,0.060947351,0.043133836,0.494719117,0.41104618,0.035294118,0.011764706,0.034423408,0.004302926,0.028735632,0.017241379
O-1,8365.768744,101.8223045,8524.630535,304.5129211,16668.74727,7758.618114,0.685144124,0.123059867,0.191796009,0.000374429,0.001337556,0.000240241,1.734104046,0.485436893,1.657657658,0.297734628,0.445086705,0.693693694,1.192223764,0.911416368,0.911569749,-0.714190907,-0.590412621,0.145018618,0.046143936,0.431543875,0.460890943,0.902977328,0.893967171,-0.740494423,-0.814433956,0.038232795,-0.029777359,0.375296826,0.378464539,0.905852169,0.911569749,-0.737085634,-0.603943817,0.12159659,0.170068095,0.478654197,0.444314285,0.029069767,0.063953488,0.008103728,0.048622366,0.045454545,0.036363636
O-2,7111.133841,-1258.541397,8862.650892,549.1460499,9631.858166,981.9930853,0.609241301,0.174557901,0.216200799,0.000765836,0.002158083,0.000618327,2.226912929,0.790262172,2.604575163,0.746254682,0.849604222,1.052287582,1.315625795,0.8987032,0.936377479,-0.858317689,-0.737935984,0.068208096,0.104021439,0.46416418,0.427501338,0.901729748,0.93584382,-0.872251418,-0.835113182,-0.001033228,0.060667386,0.406879879,0.413573785,0.938612589,0.916167194,-0.824767548,-0.744326726,0.132783956,0.050642312,0.471609835,0.447947964,0.021164021,0.015873016,0.008434864,0.023430178,0.029508197,0.026229508
O-3,7439.746094,-836.9864864,10150.85231,2039.336629,8378.364347,304.1273772,0.73037037,0.078518519,0.191111111,0.000814905,0.003114327,0.000334806,3.571059432,0.934415145,4.327044025,0.465179175,0.366925065,0.893081761,1.002863867,0.912497385,0.839619693,-0.7915049,-0.678227121,0.133588274,-0.008958035,0.460530657,0.39190789,0.928477925,0.927665162,-0.85348993,-0.71677344,0.05645533,0.103914059,0.414441993,0.387267525,0.90935563,0.789952973,-0.720930568,-0.690164651,0.303792201,-0.008930999,0.443750932,0.419227543,0.033678756,0,0.02097429,0.025710419,0.075949367,0
O-4,8788.594596,465.6415953,9680.051371,976.2506087,8019.814563,-579.4695403,0.746686303,0.028964163,0.224349534,0.001130652,0.003763068,0.00014597,4.962800875,1.49112426,4.745762712,0.184089415,0.142231947,1.101694915,0.919569505,0.910140099,0.888999903,-0.85326918,-0.845776586,0.044551688,-0.06935149,0.494626819,0.346511514,0.897588498,0.924684672,-0.839812942,-0.860755082,-0.034405834,-0.01290117,0.447112434,0.366220532,0.933355141,0.900741512,-0.866871088,-0.645499701,0.139481363,0.037215501,0.588108282,0.506739477,0.024122807,0.078947368,0.010526316,0.094078947,0.068965517,0.017241379
O-5,7350.280065,-1007.545451,8028.539143,147.1269635,22261.19217,12737.6195,0.747262005,0.063184499,0.189553496,0.000497483,0.001961189,0.000165828,2.173333333,0.551296505,2.226666667,0.188275085,0.444444444,1.333333333,0.983681929,0.94531066,0.956141269,-0.853029721,-0.657741957,0.046936694,0.12914922,0.473479415,0.476990402,0.94531066,0.912022236,-0.894387999,-0.731375726,-0.04169198,0.006009844,0.370842034,0.356664692,0.906478028,0.939846554,-0.849996081,-0.682258134,0.154498384,0.062290039,0.517626299,0.524449894,0.013392857,0.075892857,0.12979684,0.076749436,0.040540541,0.135135135
O-6,8280.025078,-84.48160258,6879.506448,-1398.555615,9602.036324,1285.07572,0.80384398,0.096947428,0.099208592,0.000740127,0.005996928,0.000723258,7.658119658,0.945147679,6.329446064,0.763361463,0.997150997,1.020408163,0.873324181,0.951174876,0.940645828,-0.90647106,-0.798804956,0.145006575,0.167555341,0.501928214,0.470814037,0.945418213,0.950454407,-0.91379208,-0.917647446,0.028841971,-0.036271816,0.407828638,0.400065009,0.953291584,0.937854594,-0.877066185,-0.742132983,0.015082541,0.025708718,0.49745428,0.436300117,0.071428571,0.062857143,0.017938797,0.010200492,0.052631579,0.046783626
O-7,9015.010855,323.7583549,9680.804605,1290.273276,9118.746373,579.0052405,0.553057554,0.158273381,0.288669065,0.001130342,0.002165608,0.000619751,2.236760125,1.167479675,2.340909091,0.669918699,0.753894081,1.375,1.401124413,0.929500111,0.944656087,-0.741402052,-0.697413211,0.143173733,0.099941631,0.468117358,0.430849347,0.932058817,0.94265657,-0.800626777,-0.809643176,0.052605685,0.082973839,0.447117866,0.41747228,0.946212643,0.936221658,-0.735855027,-0.652182329,0.15694672,0.122029057,0.467029598,0.430318805,0.053125,0.03125,0.034201954,0.03257329,0.074285714,0.062857143