TMA.core,Density of nucleus_mean,Density of nucleus_max,Density of nucleus_min,Density of nucleus_CoV,Density of clusters,Number of triangles,Perimeter of triangle_mean,Perimeter of triangle_max,Perimeter of triangle_min,Perimeter of triangle_CoV,Area of triangle_mean,Area of triangle_max,Area of triangle_min,Area of triangle_CoV,COrE_corrln_mean,COrE_IDM_mean,COrE_dissimilarity_mean,COrE_entropy_mean,COrE_energy_mean,COrE_diffEntropy_mean,COrE_contrast_mean,COrE_diffVariance_mean,COrE_Homogeneity1_mean,COrE_Homogeneity2_mean,COrE_SumAverage_mean,COrE_SumEntropy_mean,COrE_SumVariance_mean,COrE_corrln_max,COrE_IDM_max,COrE_dissimilarity_max,COrE_entropy_max,COrE_energy_max,COrE_diffEntropy_max,COrE_contrast_max,COrE_diffVariance_max,COrE_Homogeneity1_max,COrE_Homogeneity2_max,COrE_SumAverage_max,COrE_SumEntropy_max,COrE_SumVariance_max,COrE_corrln_min,COrE_IDM_min,COrE_dissimilarity_min,COrE_entropy_min,COrE_energy_min,COrE_diffEntropy_min,COrE_contrast_min,COrE_diffVariance_min,COrE_Homogeneity1_min,COrE_Homogeneity2_min,COrE_SumAverage_min,COrE_SumEntropy_min,COrE_SumVariance_min
A-1,4772.707902,4772.707902,4772.707902,NA,2.30E-06,3933,52.15763756,364.8794818,13.76957099,0.47472042,113.2063997,1493.355,1.82,0.873757398,-0.024874131,0.000516172,4.508382577,5.058182107,0.08823226,2.483825192,35.92999693,0.00300964,-0.00516084,0.160724876,13.06161345,3.073471688,133.9489001,-0.024874131,0.000516172,4.508382577,5.058182107,0.08823226,2.483825192,35.92999693,0.00300964,-0.00516084,0.160724876,13.06161345,3.073471688,133.9489001,-0.024874131,0.000516172,4.508382577,5.058182107,0.08823226,2.483825192,35.92999693,0.00300964,-0.00516084,0.160724876,13.06161345,3.073471688,133.9489001
A-2,3979.10243,3979.10243,3979.10243,NA,2.20E-06,3673,55.52031209,333.4455575,14.92922677,0.434497418,128.0708454,1172.5,2.15,0.831055535,-0.026409286,0.000537734,4.289027231,4.929338542,0.093980245,2.437173743,32.62076589,0.003269835,-0.00561819,0.165498878,13.18377526,3.022651575,134.1905501,-0.026409286,0.000537734,4.289027231,4.929338542,0.093980245,2.437173743,32.62076589,0.003269835,-0.00561819,0.165498878,13.18377526,3.022651575,134.1905501,-0.026409286,0.000537734,4.289027231,4.929338542,0.093980245,2.437173743,32.62076589,0.003269835,-0.00561819,0.165498878,13.18377526,3.022651575,134.1905501
A-3,5047.11952,6376.835931,5047.11952,0.204172489,1.09E-05,2641,61.34669121,541.9235555,12.01805244,0.529587622,154.6092238,3282.58,3.59,1.042619718,-0.030476052,0.000266722,4.217827607,4.799564978,0.104922589,2.399403767,33.66984652,0.003682241,-0.007679995,0.188757849,11.66206573,2.96443933,107.5724097,-0.025614067,0.000664263,4.576099043,4.992222782,0.117759145,2.491210874,38.01587493,0.004351591,-0.0055116,0.212210135,12.33642521,3.067419945,121.8366847,-0.039079701,0,3.593824228,4.633793146,0.090876526,2.259719041,21.68408551,0.003003008,-0.009894846,0.164966697,11.02429396,2.836398585,94.7513077
A-4,7392.266066,13905.15381,7392.266066,0.448986091,1.43E-05,2241,66.28023807,443.9678309,12.73476913,0.565300582,192.1030745,3806.48,2.465,1.283357248,-0.036041854,0.00091297,4.379239324,4.655767348,0.118380492,2.414057605,37.80409557,0.003781118,-0.0096055,0.205869485,13.03863227,2.962741439,136.8230749,-0.021270433,0.002361275,5.765289256,4.914731778,0.151782904,2.684183721,59.18205431,0.00513967,-0.006535088,0.260770156,13.92672414,3.214217735,159.2226218,-0.053451563,0.000238949,3.650883916,4.10791883,0.09678031,2.257039724,26.95611324,0.001876131,-0.016997682,0.178072602,12.46298686,2.79045475,120.1624875
A-5,6289.312076,10507.44387,6289.312076,0.377838728,1.24E-05,3214,59.64959802,351.1732043,12.58187026,0.482736392,154.2140121,2059,2.374999999,0.947811299,-0.041612021,0.000844663,4.020738726,4.549920265,0.128301245,2.294550338,31.53231617,0.004835115,-0.010731823,0.201549198,11.7665973,2.845947301,110.1396947,-0.027468398,0.002684049,5.377985948,5.01050501,0.271744289,2.638809392,52.31906323,0.013447504,-0.005676254,0.293695944,14.03655419,3.179667178,162.3552405,-0.062972082,0,1.508158508,3.044010951,0.090430738,1.456715733,3.876456876,0.001991321,-0.029201338,0.166873384,9.009324009,1.939366683,53.40145908
A-6,8677.913431,17447.28104,8677.913431,0.482974585,1.61E-05,1795,76.28481676,537.8662063,13.54718469,0.557370496,249.3943538,2283.25,1.355,1.101682699,-0.055771488,0.000973008,5.402640565,4.700751958,0.109604281,2.563513305,49.12538668,0.002359113,-0.010573514,0.218969706,14.5654967,3.097324393,178.3976888,-0.041073789,0.002796073,6.598908595,5.054350877,0.13362403,2.715749953,68.66984993,0.003979466,-0.006236461,0.243119786,17.62346521,3.255064982,269.5463651,-0.071002151,0,3.627205882,4.409430774,0.087954616,2.183595435,18.77426471,0.001472319,-0.013461654,0.176423301,11.22647059,2.792672588,87.56515979
B-1,6974.725362,10163.60155,6974.725362,0.310547072,1.95E-05,2433,66.49545242,498.5270677,12.29616243,0.580541157,187.5051993,3199.75,2.445,1.234891012,-0.045911542,0.000603925,4.213853234,4.535034627,0.119898816,2.363910171,33.61796627,0.003877991,-0.011066549,0.216479889,13.10608489,2.899604545,137.9278716,-0.02593378,0.001666667,5.686666667,5.065446128,0.165401625,2.678392408,56.90222222,0.006465352,-0.005600147,0.25841383,16.19111111,3.14596825,221.7481177,-0.068735214,0,2.813087935,3.930505741,0.088823096,1.983633232,12.71738241,0.001959454,-0.017169,0.16741247,9.409836066,2.485866777,73.98940836
B-2,7521.189523,11749.06294,7521.189523,0.342731918,1.79E-05,2066,71.26471018,468.9008128,17.15753509,0.569008766,220.1739061,2421.105,3.6,1.200706467,-0.052667231,0.000606764,4.268866548,4.493982779,0.12467236,2.359294618,33.64781056,0.00362855,-0.011709166,0.222666058,11.71797481,2.894953958,109.2043501,-0.029641258,0.003841229,6.965428937,4.914540905,0.204381842,2.786197322,80.48399488,0.00525977,-0.006196727,0.269496328,13.92189501,3.261611346,183.428121,-0.07118845,0,3.012241055,3.720928516,0.094760647,2.025158484,13.18926554,0.001194981,-0.020060717,0.17345554,8.965160075,2.600738548,52.04419557
B-3,9594.335338,13681.30935,9594.335338,0.359742248,1.47E-05,2862,62.12318231,381.516445,12.91583052,0.560360686,169.2081027,2487.135,4.5,1.283038615,-0.05191817,0.00042448,4.010511908,4.592287909,0.112342015,2.317981456,28.0775954,0.003775578,-0.01043034,0.212572215,11.97839315,2.887114929,109.4986169,-0.028498503,0.000958459,4.643647276,5.058873406,0.142259064,2.513149468,37.84624795,0.004978844,-0.005255779,0.259883005,13.45013421,3.100697162,142.8597437,-0.100330912,0,3.144945189,4.089732528,0.087132094,2.017462232,13.89768575,0.002818417,-0.016953523,0.162191786,9.663824604,2.583864615,61.48906802
B-6,7414.346794,10784.53928,7414.346794,0.297869168,1.47E-05,1930,69.46584849,331.6612239,13.58640106,0.523156489,210.7792332,2405.62,2.07,1.152019064,-0.041656902,0.000244567,4.149837443,4.699465101,0.107792285,2.352265622,30.22959867,0.003679072,-0.009118807,0.204221657,12.90472576,2.928712892,128.008446,-0.023821925,0.000670991,5.297727943,4.890285084,0.120584865,2.595075195,44.72056654,0.005120666,-0.006353539,0.227084286,14.09572803,3.154602462,158.0539405,-0.057575067,0,3.141813755,4.529829724,0.098910856,2.050494701,14.1168594,0.002007849,-0.011620041,0.175026206,11.19172246,2.671176903,85.17949416
B-8,5255.110291,7297.379146,5255.110291,0.298263348,1.25E-05,2459,65.40382092,620.1122648,17.13782522,0.503563096,174.218963,5721.895,5.24,1.075256949,-0.036732109,0.000303107,4.351478407,4.7410032,0.106916269,2.420900765,34.46956729,0.003434373,-0.008986696,0.200780171,13.07968872,2.981125882,135.1549277,-0.025213555,0.000828043,5.315484405,5.044055046,0.125386451,2.630428468,49.0979851,0.00481982,-0.00539692,0.250166121,14.56676273,3.185250404,167.9200466,-0.062876016,0,3.476964526,4.519408817,0.089450534,2.218865059,22.03035474,0.002080773,-0.014198395,0.164094032,11.42206235,2.811987593,101.0010821
C-2,5644.745168,7705.79283,5644.745168,0.213542011,1.69E-05,1762,76.60051132,658.0091854,18.86591267,0.541958659,247.3170829,3038.59,6.585,1.113077856,-0.063394092,0.000686375,4.360195941,4.505877333,0.122327993,2.386056356,33.94567061,0.003393681,-0.01230203,0.226353353,11.56440042,2.916463901,107.1694268,-0.043127574,0.002446184,5.588823657,5.043754169,0.176252697,2.680864172,52.30180474,0.00531798,-0.006165996,0.271731491,14.47271146,3.236457504,174.2304252,-0.103026493,0,2.96637609,3.732802869,0.088326676,2.019935859,13.37235367,0.001743433,-0.020340214,0.175255161,9.579335793,2.497369322,69.42848498
C-4,6149.470621,9710.623422,6149.470621,0.260921351,2.07E-05,2641,62.2424064,284.6796951,13.00878989,0.46116899,164.8990023,2001.18,4.73,1.013294816,-0.036566503,0.0004936,4.441670702,4.813797883,0.102534902,2.438582107,36.25305479,0.003315691,-0.008132673,0.195634618,12.21461782,3.00239612,118.8352701,-0.030434248,0.001837672,5.351301685,5.026563212,0.121774165,2.594005659,53.66003063,0.004504068,-0.005897125,0.211763397,13.25953003,3.148268345,148.6816635,-0.046478548,0,3.451566065,4.573559132,0.087362472,2.222383159,19.88633064,0.002340875,-0.00998158,0.171150058,11.13174636,2.802314552,91.73580085
C-6,7047.30168,10668.27876,7047.30168,0.255420033,2.48E-05,2461,62.10151833,318.2210825,14.15040802,0.489890204,162.6482792,1527.185,1.27,1.008629221,-0.038884601,0.000149635,3.422407078,4.395567387,0.132874805,2.176338375,22.67229316,0.005298636,-0.011436489,0.219207304,11.18534736,2.735974052,93.3737951,-0.025627619,0.001307597,5.053549191,4.980994613,0.182006843,2.591070104,45.27820672,0.009240632,-0.006514068,0.247160749,13.65242839,3.150578785,152.4751376,-0.067698225,0,2.24516129,3.794187967,0.091707289,1.754100241,10.80061444,0.002398676,-0.015131599,0.178964882,10.23757372,2.325832844,74.10697721
C-7,7379.726785,10756.80872,7379.726785,0.260667997,1.22E-05,2173,72.3917281,465.4890859,14.39720573,0.527930513,223.6902462,3120.21,1.97,1.139233904,-0.055529508,0.001179925,4.803488278,4.558468091,0.122804688,2.464143421,41.52511103,0.003086839,-0.011860543,0.227892986,13.37554028,2.978341165,148.6625604,-0.037355747,0.004332756,6.609185442,4.969272377,0.150818504,2.705161067,70.49306759,0.005144533,-0.007120295,0.252346283,16.06065858,3.134295658,228.5906451,-0.070708873,0,3.279524214,4.124124994,0.093413749,2.096338534,17.12149533,0.001531471,-0.015827801,0.184920346,10.81934033,2.617122033,93.37002578
C-8,5054.434133,6753.424293,5054.434133,0.475371696,7.33E-06,1814,64.5385954,812.0581176,14.62593895,0.649682902,179.6093412,7801.335,7.61,1.977258188,-0.035840007,0.000284769,3.546964009,4.387529754,0.141571448,2.23007981,24.5944093,0.005053919,-0.012681341,0.218640201,12.21989383,2.7704439,112.4536815,-0.025238426,0.000569538,4.351789654,4.962540687,0.189115498,2.439234858,34.97078925,0.006714367,-0.005702089,0.270011493,12.71442078,3.021965261,127.1927225,-0.046441588,0,2.742138365,3.812518822,0.094027397,2.020924762,14.21802935,0.003393472,-0.019660593,0.167268909,11.72536688,2.51892254,97.71464051
D-5,5305.333361,5305.333361,5305.333361,NA,2.24E-06,4747,49.65038889,750.0061367,10.96090779,0.549612696,101.2158458,1419.96,1.37,0.93150151,-0.026087254,0.000298841,4.083317168,4.91583341,0.094856017,2.384881523,29.08810537,0.00352765,-0.00566422,0.165943326,12.7619441,2.980283834,123.2899103,-0.026087254,0.000298841,4.083317168,4.91583341,0.094856017,2.384881523,29.08810537,0.00352765,-0.00566422,0.165943326,12.7619441,2.980283834,123.2899103,-0.026087254,0.000298841,4.083317168,4.91583341,0.094856017,2.384881523,29.08810537,0.00352765,-0.00566422,0.165943326,12.7619441,2.980283834,123.2899103
D-6,7040.120937,9526.53139,7040.120937,0.210501069,2.03E-05,2346,66.18319709,263.7416232,14.27106508,0.46473478,187.2797229,1955.195,0.98,1.013310643,-0.038825809,0.000447568,4.368155377,4.712508282,0.109439479,2.422094369,34.6887485,0.003449114,-0.009647812,0.210074132,13.19148505,2.981711231,137.7678605,-0.021439326,0.001601708,5.647712698,5.044777987,0.124958364,2.667611857,52.37195383,0.004946766,-0.007893123,0.246320417,15.78210806,3.187146353,190.0051188,-0.053082889,0,3.462733866,4.480070115,0.091692506,2.207547874,20.72082394,0.001736636,-0.013874381,0.191238694,11.23286002,2.804092729,90.41392978
D-7,5826.304104,9672.388153,5826.304104,0.379410182,1.17E-05,1921,73.35454181,429.8506022,14.55369493,0.573389782,224.8310411,4610.07,5.96,1.248628863,-0.04725919,0.000546136,4.835302564,4.716859958,0.114561188,2.502240654,42.50507377,0.002904292,-0.009599536,0.209261532,11.44489014,3.022113052,109.8500992,-0.02645646,0.001613771,6.214527027,4.87387374,0.127949809,2.729500823,67.05912162,0.004136711,-0.006743178,0.247347096,12.32808671,3.175936959,140.91235,-0.067801763,0,3.678268765,4.581048045,0.101435926,2.284191746,23.05901937,0.001612118,-0.013580909,0.180107702,10.40602869,2.850991705,78.63798199
D-8,9693.690793,13412.79209,9693.690793,0.312313901,1.24E-05,1853,75.87018122,395.8133526,13.10818567,0.605154582,260.3755046,2461.71,5.715,1.291067626,-0.051025814,0.000611071,4.430492868,4.564643022,0.118072995,2.419759331,35.46903548,0.00340317,-0.011802471,0.225956181,12.23231111,2.953959479,120.5532072,-0.038318793,0.002506266,5.906766917,4.932822839,0.158881315,2.723878035,58.56140351,0.006046265,-0.008043716,0.267278283,14.82656642,3.252264494,187.047669,-0.067723607,0,3.433497537,3.948220657,0.095519963,2.163005942,18.19397993,0.001525933,-0.018597888,0.194343948,10.42610837,2.655161976,77.21640767
E-1,10291.33264,10291.33264,10291.33264,NA,2.29E-06,8741,34.98035844,410.2118739,10.82687878,0.477638474,51.52780059,943.39,0.965,0.855329217,-0.022818694,0.000608616,4.469887183,5.026860829,0.093168311,2.465510421,37.32745329,0.003301858,-0.005401077,0.163880296,12.96460025,3.048035705,134.0001833,-0.022818694,0.000608616,4.469887183,5.026860829,0.093168311,2.465510421,37.32745329,0.003301858,-0.005401077,0.163880296,12.96460025,3.048035705,134.0001833,-0.022818694,0.000608616,4.469887183,5.026860829,0.093168311,2.465510421,37.32745329,0.003301858,-0.005401077,0.163880296,12.96460025,3.048035705,134.0001833
E-3,5159.957353,5159.957353,5159.957353,NA,2.33E-06,4250,48.10343623,351.5528782,12.09382086,0.516611991,101.8268941,2127.915,2.45,1.025002292,-0.021671826,0.000347846,3.976564563,4.845051576,0.104210165,2.346689407,30.69321034,0.004142887,-0.006238142,0.172811118,12.13470631,2.929858136,114.1203041,-0.021671826,0.000347846,3.976564563,4.845051576,0.104210165,2.346689407,30.69321034,0.004142887,-0.006238142,0.172811118,12.13470631,2.929858136,114.1203041,-0.021671826,0.000347846,3.976564563,4.845051576,0.104210165,2.346689407,30.69321034,0.004142887,-0.006238142,0.172811118,12.13470631,2.929858136,114.1203041
E-4,7215.24063,9734.286963,7215.24063,0.208019646,2.70E-05,2003,65.64151563,647.7946107,18.64124136,0.689714366,181.8795457,7686.44,2.935,1.801499143,-0.037916961,0.00029255,4.193436625,4.607942355,0.117818287,2.367566631,32.76784432,0.003870438,-0.010372869,0.211728035,12.68358015,2.92218747,126.4417022,-0.025854948,0.000918555,5.082382763,5.06302083,0.171603956,2.563282369,42.43968157,0.006467764,-0.005931376,0.257991138,13.88719899,3.136670417,152.8311024,-0.053748248,0,3.282033852,3.924213861,0.089818681,2.07411605,23.20997893,0.002220593,-0.017399348,0.172252489,10.73781524,2.570904692,86.717959
E-5,8745.293002,13359.97469,8745.293002,0.74624663,4.26E-06,3669,55.34039696,300.1975871,13.69275807,0.422561749,128.6807972,1081.365,5.835,0.860782261,-0.034221819,0.000176989,4.262927153,4.657949027,0.116736,2.431872185,32.13977108,0.003348923,-0.010387027,0.210447866,14.65840101,2.968137328,168.148935,-0.022405808,0.000353978,4.467360454,4.927360386,0.137024019,2.483126813,34.54493851,0.003716343,-0.005749702,0.253525802,15.884579,2.974398199,198.5004213,-0.046037831,0,4.058493852,4.388537667,0.096447981,2.380617557,29.73460366,0.002981503,-0.015024353,0.16736993,13.43222303,2.961876456,137.7974487
E-6,6232.044219,7914.775737,6232.044219,0.220798582,1.37E-05,2008,74.57835144,380.8919196,18.88101853,0.48636794,223.7228635,2605.675,6.035,0.954692775,-0.053337574,0.000177755,3.647372601,4.436527605,0.125254347,2.194949811,24.04259354,0.004807963,-0.01297837,0.233775822,11.45736173,2.766710583,98.24840442,-0.034062042,0.00055371,4.534145441,4.787752863,0.167938031,2.477503175,39.27464009,0.009033843,-0.008673599,0.262453679,12.35343384,3.019124555,115.8047488,-0.068170169,0,2.122840691,3.776604861,0.102860379,1.687274579,6.556621881,0.003061155,-0.018720822,0.201427903,8.955854127,2.27872062,50.30385207
E-8,8837.956675,11646.82589,8837.956675,0.186920439,2.03E-05,1625,77.28819648,453.1131134,13.04142238,0.594318171,269.0394769,3335.95,5.67,1.356691097,-0.053105071,0.001270313,5.057353145,4.594702201,0.116149419,2.525588555,46.62264413,0.002787776,-0.011300643,0.224779715,13.23641546,3.038569131,147.8151702,-0.036372519,0.003210273,5.984031936,4.822896298,0.133535395,2.70083953,66.67358001,0.004576653,-0.008794129,0.248042253,15.33518519,3.222528318,196.4985517,-0.067462164,0,3.623015873,4.344364094,0.100924758,2.265737455,24.05952381,0.001615407,-0.014268475,0.203390135,11.00824888,2.83866712,90.09683791
F-2,5867.635391,7149.03013,5867.635391,0.308840904,4.97E-06,3903,53.29687124,776.7277919,11.18463489,0.591775928,120.2123482,9191.55,0.26,1.715107581,-0.027924914,0.000292588,4.272521518,4.996717245,0.091241088,2.422272853,31.55515729,0.003282737,-0.005817055,0.169463113,12.75275333,3.019592105,124.5966581,-0.024518137,0.000543121,4.312475115,5.024399389,0.093566519,2.43418993,33.9023913,0.003380947,-0.005548467,0.173794332,12.82975597,3.020854991,128.4942674,-0.031331692,4.21E-05,4.23256792,4.969035101,0.088915658,2.410355776,29.20792329,0.003184526,-0.006085643,0.165131895,12.67575069,3.018329219,120.6990488
F-3,7930.011858,7930.011858,7930.011858,NA,2.21E-06,6994,39.06127021,388.090799,9.938790135,0.52563776,66.60770232,1005.91,2.01,1.030044803,-0.024349798,0.000454141,4.351047443,4.995975942,0.096404357,2.449706397,35.37903191,0.003386246,-0.005604198,0.166392947,11.95156741,3.020845659,113.4548344,-0.024349798,0.000454141,4.351047443,4.995975942,0.096404357,2.449706397,35.37903191,0.003386246,-0.005604198,0.166392947,11.95156741,3.020845659,113.4548344,-0.024349798,0.000454141,4.351047443,4.995975942,0.096404357,2.449706397,35.37903191,0.003386246,-0.005604198,0.166392947,11.95156741,3.020845659,113.4548344
F-5,5340.210483,7131.801684,5340.210483,0.474455564,4.40E-06,3381,57.44590824,303.6021689,13.91578294,0.42804559,138.1275702,2238.075,0.515,0.865021561,-0.028603211,0.000789226,4.380639401,4.881013228,0.099074736,2.437525387,35.11071904,0.003380593,-0.006487804,0.176822523,13.25725235,3.017705357,138.1291091,-0.021826975,0.001288344,5.038527607,4.993206584,0.106383249,2.589999986,44.12588957,0.004429015,-0.006482441,0.178750716,13.88110429,3.156488373,156.1276676,-0.035379447,0.000290107,3.722751195,4.768819872,0.091766222,2.285050788,26.09554851,0.00233217,-0.006493168,0.174894329,12.6334004,2.87892234,120.1305505
F-8,5907.826555,8524.405169,5907.826555,0.30350563,1.24E-05,3079,61.06510834,320.7841329,14.31342718,0.424240761,156.8795534,1096.62,0.595,0.833414732,-0.044670892,0.000210104,4.123403711,4.547121055,0.123033504,2.362937484,31.26854164,0.00372382,-0.011097586,0.215297085,11.31365871,2.896029023,99.91769096,-0.030178947,0.000685319,4.663422123,5.031134522,0.177175281,2.51497669,38.15512239,0.004926439,-0.005409633,0.266663854,12.30432504,3.087796423,121.2767268,-0.062680351,0,3.572700297,3.817599728,0.090141967,2.160753704,23.50860534,0.002740481,-0.019137341,0.164077389,10.20433437,2.619186862,80.96433034
G-1,5707.694823,9777.153704,5707.694823,0.499782379,9.00E-06,3144,59.36557789,307.5001758,14.33855462,0.446375077,147.2888025,1748.135,0.2,0.950910175,-0.033654048,0.000256298,3.819341574,4.663751647,0.113080483,2.291371288,27.71254289,0.004344489,-0.008515985,0.194933441,11.21735,2.859414667,96.82842117,-0.025067584,0.000611322,4.669030444,4.962984744,0.130257691,2.489277806,41.64306965,0.005469932,-0.005809803,0.228091491,12.68419122,3.049801138,132.2038661,-0.042017159,0,2.962459913,4.396999078,0.097646268,2.071632725,13.84380306,0.003203974,-0.012077618,0.168830823,10.08894548,2.644486959,68.20831626
G-2,8729.23163,10367.249,8729.23163,0.182652291,2.27E-05,3567,50.59507737,588.3263567,11.53208297,0.899412153,118.8974222,7179.405,3.41,2.45142665,-0.036869148,0.000739422,4.393381531,4.504079814,0.13344955,2.392480493,37.18156262,0.00417759,-0.010657377,0.20568397,13.00564546,2.903342179,143.4033492,-0.029973298,0.002681487,5.439075578,5.057072578,0.232163365,2.665503959,51.69517366,0.008990485,-0.005069233,0.268039597,16.64897346,3.219072485,233.1415398,-0.042319065,0,3.525287932,3.446746375,0.085822825,1.978707609,29.83383824,0.001963999,-0.021399612,0.159289585,9.398512806,2.372345866,70.44716354
G-3,5782.422111,5782.422111,5782.422111,NA,2.24E-06,4896,46.3432691,225.9842468,12.31756658,0.376998255,90.6814185,549.23,1.555,0.738025956,-0.024047485,0.000690609,4.191564086,4.906924876,0.097936721,2.414579229,32.15547584,0.003530622,-0.005821908,0.16806105,13.5211729,2.999482695,141.3512405,-0.024047485,0.000690609,4.191564086,4.906924876,0.097936721,2.414579229,32.15547584,0.003530622,-0.005821908,0.16806105,13.5211729,2.999482695,141.3512405,-0.024047485,0.000690609,4.191564086,4.906924876,0.097936721,2.414579229,32.15547584,0.003530622,-0.005821908,0.16806105,13.5211729,2.999482695,141.3512405
G-5,4801.617079,5811.901945,4801.617079,0.137916694,1.31E-05,2847,63.13298693,298.9627509,17.85363393,0.423414444,163.5288075,1090.275,0.340000004,0.828445347,-0.033050649,0.00011616,3.782552584,4.739926063,0.10729013,2.294706876,25.09127,0.004088783,-0.007806099,0.189956678,12.20394849,2.885574181,110.5831411,-0.024564521,0.000323799,4.44554776,4.953755634,0.117176043,2.464942689,34.69357798,0.004849037,-0.006061808,0.212616,13.3275769,3.047235706,138.254741,-0.040748531,0,3.253452781,4.543123647,0.0953508,2.139240938,16.88192111,0.003133836,-0.010130671,0.171567992,11.63921145,2.745663242,97.3230177
G-6,5041.430372,5266.787708,5041.430372,0.06321686,4.88E-06,3921,52.7252213,982.030824,12.82935292,0.667535857,119.1563147,4879.11,0.095,1.45578119,-0.025933447,0.000244357,3.896055474,4.812190329,0.104256728,2.330060412,28.06521775,0.004100011,-0.006453171,0.174806504,11.58056314,2.915249615,101.7008931,-0.021818464,0.000292935,4.304524513,4.935027136,0.11523316,2.43342755,32.54117334,0.004974951,-0.005821034,0.181090782,11.64855264,3.01478385,105.1845636,-0.03004843,0.000195779,3.487586434,4.689353522,0.093280295,2.226693275,23.58926216,0.003225071,-0.007085309,0.168522226,11.51257365,2.815715379,98.21722252
G-8,3488.600718,3488.600718,3488.600718,NA,2.03E-06,3387,59.9725946,280.2192132,17.821799,0.374085562,147.4381075,788.16,0.13,0.707798091,-0.0278595,0.000610212,4.652095009,5.038430513,0.088184639,2.512914714,37.8746101,0.002774366,-0.005193208,0.160911842,12.96753433,3.095787847,133.2728527,-0.0278595,0.000610212,4.652095009,5.038430513,0.088184639,2.512914714,37.8746101,0.002774366,-0.005193208,0.160911842,12.96753433,3.095787847,133.2728527,-0.0278595,0.000610212,4.652095009,5.038430513,0.088184639,2.512914714,37.8746101,0.002774366,-0.005193208,0.160911842,12.96753433,3.095787847,133.2728527
H-2,6755.88727,11860.12086,6755.88727,0.524186315,8.22E-06,3519,57.57398018,384.7824443,11.3786794,0.471996967,140.1436814,2417.36,0.575,0.991521147,-0.031016992,0.000618932,4.577831973,4.943246881,0.093491063,2.489943515,37.66599061,0.00299055,-0.00646468,0.176723087,12.48419186,3.062828671,124.8806582,-0.025551527,0.000949177,4.726996348,5.093816538,0.099767705,2.527859627,39.24727463,0.003308688,-0.005338521,0.195142407,13.68932617,3.111077722,149.463984,-0.034717618,0.000161447,4.338391992,4.813685848,0.087080051,2.440825108,33.93671295,0.002655845,-0.008013593,0.163149613,11.29770746,3.007068249,100.4494269
H-5,6746.429509,8544.00638,6746.429509,0.37681526,5.60E-06,3495,53.6272689,415.1235988,14.16697675,0.538053567,120.5175937,3638.89,4.17,1.09578441,-0.036926831,0.000161323,3.974915967,4.577155239,0.118539758,2.333644464,31.04593158,0.004228067,-0.010453686,0.207438497,10.62640035,2.87942702,90.51648136,-0.025105994,0.000322647,4.333926688,4.993543012,0.144022954,2.441638124,34.13416435,0.00514334,-0.005490954,0.250194698,12.03114248,3.023034001,113.6082149,-0.048747669,0,3.615905245,4.160767466,0.093056563,2.225650803,27.95769882,0.003312794,-0.015416418,0.164682295,9.221658206,2.735820038,67.4247478
H-6,9346.632341,12015.06831,9346.632341,0.305241846,1.17E-05,1439,79.54718626,926.7524091,10.2347259,0.917497081,303.3017929,13110.63,2.8,2.450253769,-0.055108918,0.000300216,4.574166894,4.558752787,0.121377547,2.433911883,35.94771009,0.003156859,-0.011667304,0.221537484,12.82968799,2.9700635,129.9678404,-0.029113279,0.000761499,5.322617681,5.038328035,0.150979164,2.52855269,44.97818599,0.003914816,-0.006626436,0.266108994,13.99677797,3.106298078,155.7706732,-0.087941042,0,4.042491624,4.171042194,0.09369553,2.35145819,28.7592068,0.00254506,-0.017454952,0.181500199,11.87600459,2.868391936,111.4815994
H-8,5259.484382,5926.855377,5259.484382,0.178515866,1.43E-05,952,79.13857889,891.459605,18.88061876,0.740470394,248.8858718,3124.22,7.97,1.225628438,-0.046579694,0.000402345,3.938179033,4.376300944,0.131418108,2.298356829,29.66756544,0.004349864,-0.012127186,0.225251384,12.71882171,2.83261911,124.938356,-0.035250835,0.001207035,4.263018738,4.673906297,0.146147753,2.384569721,36.60006897,0.005329374,-0.007893304,0.245578565,12.95504886,2.939392765,125.9729775,-0.06556221,0,3.585394582,4.196834141,0.110259637,2.217874488,26.12249706,0.003817206,-0.014712616,0.190686125,12.39222899,2.748699812,123.4636785
I-1,6288.994158,7984.754742,6288.994158,0.275773401,6.18E-06,3909,55.92805016,407.8412479,12.79481231,0.486424499,130.3660898,1402.65,0.84,0.97601863,-0.030798723,0.000428023,4.333641135,4.899752353,0.098795647,2.437786597,34.61081025,0.003379696,-0.006967805,0.182167654,11.71054361,3.005964229,108.9565287,-0.023741086,0.000649042,4.604560599,5.016744382,0.109891234,2.493768981,39.01484142,0.003716858,-0.00545033,0.204364044,12.45985555,3.062283605,121.6606963,-0.037906101,0.000211685,4.067739204,4.701520137,0.092624726,2.380798931,30.57747671,0.003047641,-0.009033077,0.164454184,10.53556308,2.930194449,86.18562557
I-2,5608.478122,6950.305317,5608.478122,0.20680989,1.91E-05,2792,67.49941235,332.3619049,16.02301486,0.419677988,189.773485,1273.5,0.33,0.843551119,-0.03759836,9.45E-05,3.386117304,4.418846117,0.129639824,2.160433905,21.92990157,0.005362803,-0.011584094,0.222293817,11.61937721,2.733214966,100.725496,-0.022874596,0.000865551,4.791866029,4.768006642,0.158731111,2.541222258,39.78229665,0.00754059,-0.007860652,0.252190404,14.61004785,3.074872963,169.3220725,-0.054590629,0,2.636792453,3.988879905,0.105222971,1.898329389,10.09716981,0.002682667,-0.016058171,0.192167661,10.17991374,2.507024676,68.59331606
I-3,6169.740748,7717.855774,6169.740748,0.35485531,4.05E-06,4251,52.61009216,367.7340619,11.5485259,0.483670025,117.999686,1607.395,2.45,0.973134099,-0.047288051,0.000181648,3.433343759,4.459563341,0.125959623,2.14697165,22.17460834,0.005186201,-0.01174858,0.216108719,11.08402856,2.718316643,90.67241826,-0.029610055,0.000363296,4.390613898,4.88089173,0.151904616,2.455584865,35.41424735,0.00718255,-0.005967924,0.262531524,11.10302645,3.013347859,98.82022483,-0.064966046,0,2.47607362,4.038234951,0.100014631,1.838358436,8.934969325,0.003189853,-0.017529237,0.169685915,11.06503067,2.423285427,82.52461169
I-5,5881.022472,5881.022472,5881.022472,NA,1.88E-06,5994,45.75083861,265.048693,12.01526136,0.382614594,88.27153237,748.185,0.18,0.76391391,-0.018301279,0.000220933,3.535299492,4.682827015,0.118140446,2.239237934,24.54212353,0.004937841,-0.007172163,0.182058031,13.10098117,2.829033728,129.1728679,-0.018301279,0.000220933,3.535299492,4.682827015,0.118140446,2.239237934,24.54212353,0.004937841,-0.007172163,0.182058031,13.10098117,2.829033728,129.1728679,-0.018301279,0.000220933,3.535299492,4.682827015,0.118140446,2.239237934,24.54212353,0.004937841,-0.007172163,0.182058031,13.10098117,2.829033728,129.1728679
I-6,6842.081028,8337.886209,6842.081028,0.155520796,1.40E-05,2937,60.23488069,483.079289,12.66542959,0.72196094,173.7535734,5801.975,1.715,1.889619095,-0.036882017,0.000987571,4.447706894,4.708138922,0.112300296,2.421464309,38.06614588,0.003618236,-0.008889713,0.200951034,12.94156783,2.975393158,135.3608858,-0.019250576,0.003348214,6.183035714,5.027622877,0.143841566,2.698757866,69.05357143,0.005039747,-0.005465035,0.244422483,14.58513918,3.192570596,169.0368231,-0.067334063,0.00012713,3.410418622,4.403355274,0.087473559,2.211873373,22.31896359,0.001877287,-0.012703048,0.164849457,11.41482843,2.805123371,103.3391198
I-7,4589.025199,4589.025199,4589.025199,NA,1.98E-06,4398,52.0529975,197.8496575,10.50103868,0.37050921,113.5142372,762.11,0.8,0.754150031,-0.024858148,0.000501014,4.312577362,4.990897463,0.092605644,2.433420955,34.0170178,0.003393469,-0.005455531,0.164113155,12.28557901,3.019739608,118.2226179,-0.024858148,0.000501014,4.312577362,4.990897463,0.092605644,2.433420955,34.0170178,0.003393469,-0.005455531,0.164113155,12.28557901,3.019739608,118.2226179,-0.024858148,0.000501014,4.312577362,4.990897463,0.092605644,2.433420955,34.0170178,0.003393469,-0.005455531,0.164113155,12.28557901,3.019739608,118.2226179
I-8,5351.36318,7641.818418,5351.36318,0.263744655,1.08E-05,3403,56.55335817,236.3534289,11.39451826,0.412058273,134.2905965,954.18,2,0.839019133,-0.032122008,5.05E-05,3.339727488,4.417029825,0.134698989,2.17928444,20.94485793,0.005353798,-0.010084694,0.207255288,11.68075366,2.736225007,103.3337228,-0.017775857,0.000132293,3.921864291,4.59513488,0.188892309,2.323856108,26.39616175,0.006989487,-0.007764315,0.233232691,14.16457203,2.860676907,148.7172701,-0.051209561,0,2.932633634,3.921213638,0.118246136,2.071294528,17.97193068,0.003800697,-0.014163187,0.18757207,8.226995362,2.55114049,49.00661346
J-2,7728.434326,7728.434326,7728.434326,NA,1.77E-06,8478,39.59934166,830.0404521,11.68355709,0.53449114,68.29191967,3174.32,0.23,1.106027773,-0.023820698,0.000661532,4.640631538,5.114932713,0.087174802,2.510068498,38.64123098,0.002918075,-0.005000931,0.159114869,13.23856673,3.097656853,139.6811937,-0.023820698,0.000661532,4.640631538,5.114932713,0.087174802,2.510068498,38.64123098,0.002918075,-0.005000931,0.159114869,13.23856673,3.097656853,139.6811937,-0.023820698,0.000661532,4.640631538,5.114932713,0.087174802,2.510068498,38.64123098,0.002918075,-0.005000931,0.159114869,13.23856673,3.097656853,139.6811937
J-3,7411.644177,8286.602783,7411.644177,0.145264855,2.46E-05,3174,47.07347767,604.8375578,9.621696173,0.870824036,104.3261295,7274.275,3.52,2.650129675,-0.047029066,0.000735944,4.457332641,4.678673034,0.108393932,2.432557238,34.86579694,0.003195219,-0.009604501,0.208242331,13.16670324,2.987147125,136.4355093,-0.026024904,0.00129199,5.212782541,4.992701066,0.118715648,2.585605262,45.36520241,0.00462479,-0.005587693,0.228018262,14.66295026,3.144966399,168.597652,-0.060533047,0,3.411306766,4.43467351,0.094590161,2.170609884,19.38683967,0.002076646,-0.01116769,0.166096788,11.64782206,2.74917753,96.87241047
J-4,6299.16396,8776.135056,6299.16396,0.244209753,1.08E-05,3529,56.32985351,510.3647532,15.2207077,0.517801285,133.870102,1573.715,0.085000046,0.970436754,-0.040397307,0.000814865,4.925804375,4.827052927,0.105578395,2.528127863,44.54544512,0.002812236,-0.008793361,0.200302997,12.35370101,3.060766693,127.6374927,-0.022874077,0.002640845,5.829499323,5.097604844,0.124061589,2.653148909,60.36267606,0.00402817,-0.005455472,0.238237374,13.72535211,3.121451214,165.8567194,-0.061072891,9.07E-05,3.95931072,4.575572708,0.090119223,2.352334362,29.62568703,0.002082398,-0.012609347,0.165833294,11.47675101,2.934620572,101.2686674
J-7,5102.572844,5102.572844,5102.572844,NA,2.22E-06,4495,50.96992033,467.199161,15.63781429,0.47604602,107.9685273,1879.18,3.06,0.922853136,-0.025109322,0.000646525,4.445162572,4.981590551,0.091767462,2.46059192,36.28530785,0.003246197,-0.005422729,0.163473814,12.90428681,3.042556811,131.7614609,-0.025109322,0.000646525,4.445162572,4.981590551,0.091767462,2.46059192,36.28530785,0.003246197,-0.005422729,0.163473814,12.90428681,3.042556811,131.7614609,-0.025109322,0.000646525,4.445162572,4.981590551,0.091767462,2.46059192,36.28530785,0.003246197,-0.005422729,0.163473814,12.90428681,3.042556811,131.7614609
J-8,4943.720514,4943.720514,4943.720514,NA,2.24E-06,4105,51.64683595,661.321119,11.79267737,0.475660112,110.4006857,1699.455,0.94,0.901175904,-0.024602585,0.000679477,4.57754318,5.082306894,0.088288238,2.495898373,37.64440919,0.00299552,-0.005130814,0.160638288,13.21554333,3.082977224,138.5054826,-0.024602585,0.000679477,4.57754318,5.082306894,0.088288238,2.495898373,37.64440919,0.00299552,-0.005130814,0.160638288,13.21554333,3.082977224,138.5054826,-0.024602585,0.000679477,4.57754318,5.082306894,0.088288238,2.495898373,37.64440919,0.00299552,-0.005130814,0.160638288,13.21554333,3.082977224,138.5054826
K-1,6054.504274,6054.504274,6054.504274,NA,1.85E-06,6309,45.15215731,303.6466348,9.61800358,0.375959982,85.5082628,488.7,0.385,0.665536848,-0.024538232,0.000397821,4.301134123,4.979648243,0.094036329,2.432029458,34.11124656,0.003421672,-0.005518433,0.164862638,11.98527313,3.013316833,112.9732815,-0.024538232,0.000397821,4.301134123,4.979648243,0.094036329,2.432029458,34.11124656,0.003421672,-0.005518433,0.164862638,11.98527313,3.013316833,112.9732815,-0.024538232,0.000397821,4.301134123,4.979648243,0.094036329,2.432029458,34.11124656,0.003421672,-0.005518433,0.164862638,11.98527313,3.013316833,112.9732815
K-3,11100.68416,17250.12262,11100.68416,0.783430927,3.89E-06,4914,50.49121367,367.8377768,13.76154569,0.473817573,107.8956899,2780.735,0.595,0.979017243,-0.034898059,0.000505428,4.930437091,5.006444887,0.095426974,2.56414729,43.1785235,0.002538627,-0.006508594,0.17788519,13.05759779,3.120426928,139.128149,-0.030368816,0.001010857,4.965527142,5.085698825,0.105324851,2.578889903,43.85901994,0.002711695,-0.004979823,0.197436861,13.43781113,3.156422476,145.6998287,-0.039427302,0,4.89534704,4.92719095,0.085529098,2.549404678,42.49802707,0.002365559,-0.008037366,0.158333518,12.67738445,3.08443138,132.5564693
K-4,5428.790432,7451.430494,5428.790432,0.294110536,1.08E-05,2773,63.64396184,354.0009117,16.78466915,0.429920584,167.9461287,1241.435,5.035,0.844207572,-0.040031561,0.000622746,3.950176185,4.577396271,0.119052863,2.297297058,29.43082862,0.004326749,-0.010152434,0.206096789,12.32178306,2.867250801,117.6858945,-0.02790043,0.002036245,5.536143352,4.940182162,0.161558992,2.663043589,52.34779067,0.007494775,-0.005854399,0.264286284,13.69985746,3.214144352,157.5481411,-0.058920843,0,2.580217129,4.026000134,0.091840526,1.917257353,12.68505747,0.001866158,-0.017567564,0.168574438,10.02090873,2.479664878,69.35042018
K-5,5075.356987,5075.356987,5075.356987,NA,2.22E-06,4369,50.74608514,685.5032625,14.13725993,0.517255561,109.9872648,9293.14,2.34,1.5552618,-0.021410098,0.000186633,3.600791686,4.764891242,0.108542209,2.253433047,24.51077541,0.004682596,-0.006586259,0.176056693,12.05512078,2.849826259,108.2206664,-0.021410098,0.000186633,3.600791686,4.764891242,0.108542209,2.253433047,24.51077541,0.004682596,-0.006586259,0.176056693,12.05512078,2.849826259,108.2206664,-0.021410098,0.000186633,3.600791686,4.764891242,0.108542209,2.253433047,24.51077541,0.004682596,-0.006586259,0.176056693,12.05512078,2.849826259,108.2206664
K-8,5121.338936,5121.338936,5121.338936,NA,2.11E-06,4737,49.08007084,244.7444516,12.20332529,0.400194653,100.9719949,663.465,2.44,0.812396686,-0.028638123,0.000794019,4.917677751,5.12039933,0.086031242,2.565757412,42.59499185,0.002499919,-0.004960825,0.158565703,12.86024034,3.14060893,134.6944682,-0.028638123,0.000794019,4.917677751,5.12039933,0.086031242,2.565757412,42.59499185,0.002499919,-0.004960825,0.158565703,12.86024034,3.14060893,134.6944682,-0.028638123,0.000794019,4.917677751,5.12039933,0.086031242,2.565757412,42.59499185,0.002499919,-0.004960825,0.158565703,12.86024034,3.14060893,134.6944682
L-1,6640.55405,6640.55405,6640.55405,NA,1.95E-06,6577,43.7046059,806.6997543,11.35544802,0.508298136,81.45826669,5912.71,1.825,1.336165126,-0.026437672,0.000447065,4.35396072,4.972386022,0.093769634,2.444801428,34.66672421,0.003292754,-0.005513178,0.164666419,11.80468967,3.022215066,110.0127819,-0.026437672,0.000447065,4.35396072,4.972386022,0.093769634,2.444801428,34.66672421,0.003292754,-0.005513178,0.164666419,11.80468967,3.022215066,110.0127819,-0.026437672,0.000447065,4.35396072,4.972386022,0.093769634,2.444801428,34.66672421,0.003292754,-0.005513178,0.164666419,11.80468967,3.022215066,110.0127819
L-2,4929.83142,5669.942712,4929.83142,0.199921269,6.96E-06,3159,57.65795026,379.6505221,11.65990752,0.494178979,138.1331276,1943.845,1.215,0.947491918,-0.041798931,0.001514205,4.45597578,4.671834652,0.110574249,2.443718939,36.53905637,0.003319889,-0.01012288,0.211046617,13.73873683,2.980783055,153.6193758,-0.022392233,0.004065041,5.14498645,4.983583715,0.129890612,2.578488886,47.55420054,0.004036732,-0.005683998,0.237933979,16.72628726,3.020587628,229.9505883,-0.061447031,0,3.879598662,4.275292258,0.09616557,2.314716748,26.52040134,0.002432666,-0.013539127,0.167355066,11.89698997,2.903216637,105.2920633
L-3,5387.509821,6143.60107,5387.509821,0.157422851,7.93E-06,3962,56.35959189,369.2190813,13.46328766,0.5111169,131.2940851,1154.635,3.08,0.970941587,-0.044442514,0.001612308,5.343435049,4.883520911,0.097554043,2.614415738,48.87845333,0.002130484,-0.007609951,0.187440536,13.58660802,3.150959907,156.1913155,-0.029414168,0.002790698,6.154418605,5.038548193,0.110814869,2.705020772,62.10976744,0.003141434,-0.005527121,0.2386121,15.94604651,3.242917842,217.6145362,-0.065756864,0.000499373,4.441985168,4.558878326,0.088178906,2.473968716,36.38161342,0.001558134,-0.012776468,0.165492462,11.23919955,3.027694716,101.7313108
L-6,5144.12189,5144.12189,5144.12189,NA,2.06E-06,4746,49.65941703,381.3452498,13.58027997,0.462178176,101.9955615,980.35,1.32,0.846181214,-0.017527518,0.000215206,3.316480861,4.570498691,0.128295769,2.172437744,22.47464936,0.005567571,-0.007891105,0.18857741,12.74333691,2.761880144,121.32985,-0.017527518,0.000215206,3.316480861,4.570498691,0.128295769,2.172437744,22.47464936,0.005567571,-0.007891105,0.18857741,12.74333691,2.761880144,121.32985,-0.017527518,0.000215206,3.316480861,4.570498691,0.128295769,2.172437744,22.47464936,0.005567571,-0.007891105,0.18857741,12.74333691,2.761880144,121.32985
L-8,5211.819018,5211.819018,5211.819018,NA,2.12E-06,4691,48.86327244,306.945879,12.69742947,0.423503678,99.76094223,810.52,2.155,0.782633294,-0.020876324,0.000276355,3.82518245,4.872503538,0.102736757,2.317605463,27.28137146,0.004222117,-0.006118788,0.17164664,12.57436604,2.915036278,119.4682466,-0.020876324,0.000276355,3.82518245,4.872503538,0.102736757,2.317605463,27.28137146,0.004222117,-0.006118788,0.17164664,12.57436604,2.915036278,119.4682466,-0.020876324,0.000276355,3.82518245,4.872503538,0.102736757,2.317605463,27.28137146,0.004222117,-0.006118788,0.17164664,12.57436604,2.915036278,119.4682466
M-2,6788.007616,8693.318837,6788.007616,0.396952555,4.75E-06,3710,54.52220745,800.5432389,11.7646781,0.686548823,134.1535243,13858.365,0.835,2.594721666,-0.028274178,0.000803476,4.437515851,4.876332262,0.10158792,2.460367293,36.75796007,0.003332905,-0.00715715,0.184061261,13.75441082,3.028443652,150.6804507,-0.023820634,0.001038771,4.656092307,4.998851495,0.108329691,2.527337994,39.12198075,0.003808676,-0.00556057,0.202324244,14.75730649,3.095224827,173.3056731,-0.032727722,0.000568182,4.218939394,4.753813028,0.094846149,2.393396593,34.39393939,0.002857134,-0.00875373,0.165798277,12.75151515,2.961662477,128.0552282
M-5,9648.634274,10104.20807,9648.634274,0.066774076,3.83E-06,1754,85.19857586,993.9354063,12.90846645,0.62953899,301.6742645,4674.52,2.835,1.17957038,-0.054310143,0,3.101125065,3.944169553,0.176819507,2.056810988,19.23328755,0.006225168,-0.018903014,0.266235741,11.71258503,2.561732789,102.9725919,-0.047800672,0,3.391025641,4.270393629,0.211357853,2.187428775,20.14285714,0.007932824,-0.014766097,0.284378076,12.96683673,2.711287473,129.7058415,-0.060819613,0,2.81122449,3.617945478,0.142281161,1.926193201,18.32371795,0.004517511,-0.023039931,0.248093406,10.45833333,2.412178104,76.23934243
M-6,8867.689789,11099.16973,8867.689789,0.214325038,1.17E-05,1980,74.90096877,398.6397862,12.03119317,0.60825699,252.3770354,3343.89,1.875,1.308717236,-0.043155801,0.000362583,4.076369673,4.587900748,0.12188838,2.335338849,30.98504555,0.004082631,-0.011848247,0.222907199,13.25440809,2.884862714,137.2030583,-0.025737436,0.00082713,4.925472133,5.117596127,0.183161142,2.568581079,42.90004606,0.008701472,-0.006002148,0.262849246,14.26508621,3.151352024,161.2630693,-0.068076738,0,2.07014809,3.692488443,0.08864437,1.684111875,6.247856586,0.002573326,-0.018709679,0.174181714,10.88542479,2.246217224,80.08731606
M-7,4492.870968,6244.977615,4492.870968,0.239085649,1.36E-05,2466,67.29110659,324.8288932,18.09270428,0.437876903,180.3093877,1010.01,2.825,0.806672198,-0.03255669,0.000297731,4.202607185,4.844097691,0.098801877,2.402572163,31.43073548,0.003517118,-0.007697141,0.189241808,12.82591801,2.986133573,126.9208485,-0.025985676,0.001329574,4.70777143,5.011955668,0.11195688,2.52277072,39.79074558,0.003861605,-0.005783751,0.236961403,14.0603714,3.10030434,157.5934402,-0.053354209,0,3.915515569,4.476491509,0.090409536,2.33918578,25.61473516,0.002851118,-0.012826598,0.169273303,11.87300036,2.937295945,103.8453109
M-8,5967.320438,5967.320438,5967.320438,NA,2.02E-06,5649,45.55257083,309.489445,10.69511969,0.38876798,87.18117808,802.7,1.815,0.741140304,-0.021696983,0.000200668,3.933454568,4.89924201,0.099244361,2.342491739,28.55809196,0.004014343,-0.005900238,0.169044324,12.39647288,2.93658385,116.8346605,-0.021696983,0.000200668,3.933454568,4.89924201,0.099244361,2.342491739,28.55809196,0.004014343,-0.005900238,0.169044324,12.39647288,2.93658385,116.8346605,-0.021696983,0.000200668,3.933454568,4.89924201,0.099244361,2.342491739,28.55809196,0.004014343,-0.005900238,0.169044324,12.39647288,2.93658385,116.8346605
N-2,3963.498812,3963.498812,3963.498812,NA,2.17E-06,3649,56.32090177,371.0522561,15.2268519,0.429579886,129.1246437,938.16,5.14,0.744237521,-0.031513606,0.0007599,4.695928699,4.987896309,0.093434708,2.520191918,39.72036825,0.002767266,-0.005503659,0.164778652,11.86921385,3.08269943,114.4962228,-0.031513606,0.0007599,4.695928699,4.987896309,0.093434708,2.520191918,39.72036825,0.002767266,-0.005503659,0.164778652,11.86921385,3.08269943,114.4962228,-0.031513606,0.0007599,4.695928699,4.987896309,0.093434708,2.520191918,39.72036825,0.002767266,-0.005503659,0.164778652,11.86921385,3.08269943,114.4962228
N-3,9421.531597,10805.08703,9421.531597,0.185948263,1.25E-05,845,82.56096876,848.0832423,16.04878787,0.835580118,302.2031953,10036.85,0.385,1.943599174,-0.070527759,0.002685516,5.174978539,4.581633643,0.116557811,2.488527706,47.080796,0.002684278,-0.012948199,0.237228569,13.59280728,3.012986148,153.8865215,-0.040167234,0.007281553,6.980582524,4.950133864,0.132442896,2.744869607,76.73786408,0.004434237,-0.008077416,0.259169335,15.56796117,3.180203645,215.6970633,-0.104313606,0,3.40821256,4.35130598,0.09404213,2.133560928,16.62077295,0.001143766,-0.015852673,0.198371469,12.43236715,2.723267218,108.7970714
N-4,5270.618783,6670.451067,5270.618783,0.159053525,1.04E-05,4056,52.89740214,356.0653911,10.65130969,0.468540228,121.6295759,1703.95,3.505,1.012502801,-0.041679345,0.000422685,4.276291714,4.803530969,0.104586316,2.399682101,32.37023278,0.003352016,-0.007801135,0.188824391,12.02135674,2.971081394,112.5033221,-0.023923186,0.000994365,4.837587007,5.070924376,0.13032777,2.536385324,43.23997348,0.004304513,-0.005276725,0.233360009,13.49075854,3.088938086,146.1341228,-0.089229194,0,3.657828283,4.400069799,0.089643495,2.275683585,24.15650553,0.00276604,-0.012645652,0.162702069,10.88079859,2.83458725,85.60282176
N-5,7019.112674,9503.537631,7019.112674,0.224252938,1.17E-05,1517,82.86009271,394.114407,19.55000306,0.540135686,288.4373566,4228.345,7.77,1.182707764,-0.042600432,3.87E-05,3.347048333,4.255935149,0.147076282,2.1469949,21.7708554,0.005671405,-0.014950958,0.244699493,13.33062864,2.697312819,134.7699309,-0.036281715,0.000193648,4.577459334,4.902396776,0.195406946,2.488865411,37.85941131,0.009700002,-0.008105015,0.270563647,14.74981975,3.045175129,168.0472049,-0.053268803,0,1.952925353,3.5964682,0.099710278,1.661862684,5.901815736,0.003018336,-0.019500727,0.1977633,11.67044596,2.230637076,93.42991435
N-7,5203.085679,8438.689987,5203.085679,0.29903789,1.60E-05,2809,61.97460832,357.838607,14.30197604,0.44049374,159.0876575,1943.585,2.49,0.870750093,-0.040656964,0.000463066,4.41675308,4.720673934,0.107540722,2.426717664,35.18343032,0.003392192,-0.009466794,0.20492089,13.03847217,2.983759971,134.2671235,-0.026573262,0.001297129,5.320566195,4.941398745,0.142327298,2.598832075,45.34054954,0.006181937,-0.005923321,0.244658637,14.92595363,3.116854701,177.0590963,-0.064968267,0,3.111430625,4.179517201,0.092658683,2.052473701,19.66930266,0.00201349,-0.014660007,0.169204418,12.07743191,2.610698446,110.8320838
O-1,5963.426672,7863.148115,5963.426672,0.317381411,8.66E-06,1766,78.04339689,370.4414029,15.35578107,0.504415471,256.265671,2684.615,2.16,1.086619307,-0.050627075,3.07E-05,2.542608981,3.906107203,0.179315251,1.859930739,12.26089984,0.008098951,-0.016794293,0.242396626,12.57105719,2.422178863,114.8573221,-0.024880805,0.000122624,3.22391427,4.455654404,0.28343742,2.147431926,19.32851012,0.014680904,-0.010292365,0.287218139,13.39497241,2.737115324,131.9799598,-0.075587712,0,1.312863071,2.897198544,0.135572198,1.294322888,2.590871369,0.005100077,-0.029282047,0.212250183,11.91934574,1.798559873,101.3509166
O-2,7310.381489,13138.35484,7310.381489,0.430689526,1.62E-05,3474,61.21158816,511.5928885,12.9299372,0.579251889,160.2399914,3145.98,1.96,1.236998538,-0.042163198,0.000215711,3.884531726,4.632395956,0.11565866,2.296036708,27.51122925,0.004159264,-0.009591661,0.203380312,11.18594192,2.86081146,95.62891451,-0.024835157,0.000500826,5.087583539,4.951154994,0.151494948,2.598615291,45.22265213,0.007097826,-0.00597972,0.257926584,12.46044715,3.12182585,118.8598459,-0.074451447,0,2.501010101,4.007641384,0.092851239,1.8333247,8.945454545,0.002309226,-0.017031478,0.1706238,8.963636364,2.409275834,50.66539034
O-3,4456.309137,4456.309137,4456.309137,NA,2.11E-06,4003,52.57615301,342.2747158,13.85558828,0.48285879,116.8443417,1361.8,1.185,1.00312926,-0.021700033,0.000564503,4.236078549,4.979370848,0.096214384,2.4181552,33.3487286,0.003583867,-0.00565119,0.166807272,13.32166944,3.008916062,138.285014,-0.021700033,0.000564503,4.236078549,4.979370848,0.096214384,2.4181552,33.3487286,0.003583867,-0.00565119,0.166807272,13.32166944,3.008916062,138.285014,-0.021700033,0.000564503,4.236078549,4.979370848,0.096214384,2.4181552,33.3487286,0.003583867,-0.00565119,0.166807272,13.32166944,3.008916062,138.285014
O-4,6621.46102,6621.46102,6621.46102,NA,2.47E-06,4038,50.73470279,936.8586175,12.71698756,0.819349098,114.0844242,6742.825,4.85,1.865065677,-0.018334418,0.000270178,3.864230454,4.795828619,0.113144786,2.326170208,29.34387896,0.004346287,-0.006733808,0.178560713,13.31760973,2.911471504,136.5749587,-0.018334418,0.000270178,3.864230454,4.795828619,0.113144786,2.326170208,29.34387896,0.004346287,-0.006733808,0.178560713,13.31760973,2.911471504,136.5749587,-0.018334418,0.000270178,3.864230454,4.795828619,0.113144786,2.326170208,29.34387896,0.004346287,-0.006733808,0.178560713,13.31760973,2.911471504,136.5749587
O-5,7833.06211,11487.84873,7833.06211,0.288138235,1.99E-05,2339,67.5104699,411.5673459,12.55761833,0.4991712,193.4532407,1521.97,2.76,0.962184847,-0.051079955,0.000699661,4.205120721,4.524711707,0.123184923,2.323630003,33.10685444,0.004083547,-0.012249222,0.228907685,12.91416818,2.872681145,132.828634,-0.024636669,0.004428044,6.789667897,4.913475668,0.176776323,2.793023081,73.32250923,0.008721862,-0.007246314,0.266570042,16.41318977,3.311767006,225.2784295,-0.070207789,0,2.160164271,3.729337549,0.096690233,1.733301777,7.084188912,0.001060407,-0.01957167,0.185688564,10.82336832,2.299455675,83.1738108
O-6,7716.819929,7716.819929,7716.819929,NA,2.11E-06,7024,39.84926502,291.8905953,10.73953126,0.402717141,67.46266301,826.115,0.060000001,0.806711432,-0.026437584,0.000549106,4.398963811,4.990351859,0.092428929,2.454050666,35.34502738,0.003244875,-0.005421303,0.163594284,11.97204377,3.033663898,113.4189238,-0.026437584,0.000549106,4.398963811,4.990351859,0.092428929,2.454050666,35.34502738,0.003244875,-0.005421303,0.163594284,11.97204377,3.033663898,113.4189238,-0.026437584,0.000549106,4.398963811,4.990351859,0.092428929,2.454050666,35.34502738,0.003244875,-0.005421303,0.163594284,11.97204377,3.033663898,113.4189238
O-7,8284.032785,10841.92355,8284.032785,0.33960273,1.76E-05,2194,66.69599859,504.5510527,12.73000596,0.701958223,201.9135141,5643.145,5.015,1.809764536,-0.042203749,0.000238264,3.636061282,4.294209443,0.148243637,2.205422217,26.53893692,0.005206768,-0.01336708,0.223599051,12.62015102,2.744103406,122.6042492,-0.02328114,0.000624506,5.125775428,4.974678189,0.210982625,2.589319945,44.28044465,0.008619148,-0.006369343,0.280182462,13.65468838,3.151652994,152.4446736,-0.073683902,0,2.080178174,3.387249145,0.093337097,1.710450206,6.547884187,0.002182109,-0.023848274,0.176880689,11.16703786,2.217326177,85.74649774