TMA.core,Area.µm.2_Max,Area.µm.2_Min,Area.µm.2_Mean,Area.µm.2_CoV,Length.µm_Max,Length.µm_Min,Length.µm_Mean,Length.µm_CoV,Circularity_Max,Circularity_Min,Circularity_Mean,Circularity_CoV,Solidity_Max,Solidity_Min,Solidity_Mean,Solidity_CoV,Max.diameter.µm_Max,Max.diameter.µm_Min,Max.diameter.µm_Mean,Max.diameter.µm_CoV,Min.diameter.µm_Max,Min.diameter.µm_Min,Min.diameter.µm_Mean,Min.diameter.µm_CoV,chullLength_Max,chullLength_Min,chullLength_Mean,chullLength_CoV,chullArea_Max,chullArea_Min,chullArea_Mean,chullArea_CoV,elongation_Max,elongation_Min,elongation_Mean,elongation_CoV,FD_Max,FD_Min,FD_Mean,FD_CoV,convexity_Max,convexity_Min,convexity_Mean,convexity_CoV,curvMeanStat,curvMinStat,curvMaxStat,curvStdStat,n_protrusion_Max,n_protrusion_Min,n_protrusion_Mean,n_protrusion_CoV,n_indentation_Max,n_indentation_Min,n_indentation_Mean,n_indentation_CoV,MOI_Max,MOI_Min,MOI_Mean,MOI_CoV
D-9,81.8033,3.2478,15.94047168,0.518363304,36.6372,7.8428,14.85431575,0.231979924,0.9772,0.2981,0.866120311,0.099436893,1,0.5913,0.988773003,0.046173224,15.8096,2.8249,5.522881167,0.262447808,9.7828,1.9026,3.757863661,0.22344148,80.64842456,16.80872576,32.58587573,0.232062227,401.78805,18.14205,78.09224616,0.512526172,3.330333435,0.42740073,1.333863315,0.289571437,1.073420694,1.073420694,1.073420694,0,2.203144621,1.706362499,2.194090451,0.017472911,0.234743961,-0.172096274,1.6016779,0.265069134,4,0,0.151264713,3.094431033,0,0,0,0,-2698027125,-68447056018,-13085747523,-0.515814056
A-3,341.0914,5.3443,43.41384828,0.606204494,90.3688,9.8851,24.75417106,0.298248184,0.9827,0.1933,0.830143252,0.141646718,1,0.5547,0.980057953,0.062444517,23.9469,3.4884,9.555265994,0.319725785,20.7647,2.2144,5.645772264,0.302075044,152.8293184,21.21504811,54.09141439,0.295033939,1810.2715,29.34885,214.3511637,0.600993806,4.112364532,0.414634032,1.634595393,0.311730677,1.073420694,1.073420694,1.073420694,0,2.203249795,1.578123789,2.186898128,0.027134292,0.163394043,-0.339474896,1.766474922,0.267731198,4,0,0.205809423,2.749173996,0,0,0,0,-12083602189,-8.10278E+11,-99538448649,-0.608242514
G-4,254.7666,4.2251,29.23428616,0.773387293,62.9797,8.4739,20.12836645,0.338648005,0.9834,0.194,0.8269,0.140237638,1,0.5642,0.979880006,0.059571413,25.3643,2.9925,7.725515932,0.360869115,15.6208,1.9797,4.669976373,0.347703866,138.4390818,18.35110934,43.99212143,0.336613993,1254.6143,21.1884,144.7289391,0.767068827,4.028346087,0.32476805,1.577362926,0.340635013,1.073420694,1.073420694,1.073420694,0,2.203115541,1.603884497,2.18769342,0.024767251,0.197987562,-0.498845572,2.027213942,0.32069192,4,0,0.233695652,2.494864201,0,0,0,0,-4405275092,-2.72036E+11,-31540149168,-0.776515017
H-6,124.167,4.5475,25.38994984,0.436090845,40.8529,8.5304,18.71981317,0.2095632,0.985,0.2506,0.872708203,0.100185598,1,0.5697,0.988872121,0.045763549,16.4913,2.9902,6.985779044,0.226361891,10.7886,2.1019,4.69971079,0.22889519,89.98161351,18.78622197,41.07434831,0.209651525,602.3814,24.84045,124.3373735,0.430357817,3.581418691,0.449541284,1.386640669,0.277040066,1.073420694,1.073420694,1.073420694,0,2.203041664,1.624109774,2.194423552,0.017259159,0.192542794,-0.147920752,1.45082336,0.23266545,4,0,0.13819889,3.239090355,0,0,0,0,-3356557151,-92684324501,-18193276887,-0.43524577
E-11,310.6548,5.2322,30.25839331,0.617528727,65.5158,9.2668,20.69539806,0.285557842,0.9809,0.2242,0.837487028,0.137637311,1,0.5434,0.982516125,0.056514099,26.0978,3.1989,7.92963569,0.311076876,16.5251,2.0071,4.832723101,0.284824616,144.2714386,20.41124385,45.26391579,0.281134896,1512.1128,28.97645,149.439793,0.616988283,3.642962248,0.43120955,1.572955789,0.331215717,1.073420694,1.073420694,1.073420694,0,2.203056362,1.626915924,2.189494907,0.023742072,0.187493883,-0.289796068,1.810495772,0.276120812,4,0,0.198279981,2.779836292,1,0,0.000238892,64.69930448,-2223811283,-1.42233E+11,-14131173863,-0.607330785
C-13,318.2558,3.5605,19.40610327,0.651036518,74.5378,7.6871,16.78011277,0.273342298,0.9753,0.2564,0.821153686,0.137410049,1,0.5742,0.980606711,0.058510152,31.4096,2.9965,6.483084938,0.309893994,16.523,1.8072,3.860731989,0.258036898,163.8436897,16.92938912,36.68997333,0.272656013,1594.7017,17.265,95.86527395,0.645043357,4.1688183,0.371679226,1.58390726,0.337178823,1.073420694,1.073420694,1.073420694,0,2.203282761,1.631520087,2.187560401,0.023701688,0.228663943,-0.354995926,2.280711201,0.348070835,4,0,0.253535961,2.37521381,0,0,0,0,-1059212762,-1.08836E+11,-5984885623,-0.65748735
L-10,189.1162,3.3128,18.56989579,0.646039318,54.554,7.9225,16.26483917,0.290284061,0.9765,0.2212,0.831086324,0.128314298,1,0.5305,0.985591638,0.050891382,21.6944,2.8076,6.257651858,0.32054602,11.8247,1.9477,3.792233769,0.276308318,119.909244,17.41213696,35.61077584,0.286193651,937.8065,19.85225,91.4764571,0.648232454,3.929336009,0.427606022,1.550498419,0.339596417,1.073420694,1.073420694,1.073420694,0,2.202792902,1.503597245,2.191421674,0.022484169,0.229347194,-0.303184486,1.806420758,0.301586381,4,0,0.193960511,2.759638967,0,0,0,0,-256743853.1,-12912213690,-1373920824,-0.660498511
C-1,139.6577,4.5103,21.95015008,0.480525372,51.9014,8.1988,17.70628169,0.223165048,0.9743,0.2646,0.842205438,0.125601044,1,0.5892,0.980677198,0.058565077,18.0522,2.9528,6.72200843,0.252462858,13.7223,2.1383,4.253630729,0.223641486,106.5054812,18.06018005,38.74537648,0.224014558,815.8923,21.99825,108.1654972,0.472115488,3.588627345,0.478932542,1.481723053,0.29555503,1.073420694,1.073420694,1.073420694,0,2.203452111,1.660383195,2.188313425,0.022426988,0.212294907,-0.310562539,2.131582522,0.32111462,5,0,0.226873831,2.511945049,1,0,0.000287728,58.94913,-9760158728,-2.98856E+11,-47795471480,-0.481431074
L-9,3849.9443,3.8196,25.89848728,2.509753279,240.1052,8.6545,18.4106125,0.337065418,0.9825,0.2657,0.866339544,0.104473766,1,0.5769,0.991034075,0.040702694,86.8684,3.0733,6.935274801,0.348548061,70.3966,2.1606,4.534246221,0.371436015,527.6434483,19.06169145,40.42299204,0.336830282,19014.4996,22.32155,126.7284342,2.531533396,3.71229429,0.472868424,1.446625714,0.307606338,1.073420694,1.073420694,1.073420694,0,2.203006959,1.685918981,2.196129271,0.016104755,0.199105131,-0.122403984,1.360764376,0.223977639,4,0,0.120912339,3.503383089,0,0,0,0,-343904655.6,-2.41064E+11,-2131971904,-1.938846613
L-3,285.3032,3.3392,24.20982748,0.670421733,96.7105,7.5351,18.22393548,0.306299068,0.9838,0.2564,0.843073593,0.12054686,1,0.5357,0.988725684,0.042733755,27.7961,2.7329,6.986336044,0.32213374,18.5082,1.5184,4.305615481,0.323812497,159.4374514,16.59414074,39.98266947,0.303514002,1728.2228,16.1914,118.7516282,0.685702791,4.098758643,0.411819111,1.555751052,0.329171241,1.073420694,1.073420694,1.073420694,0,2.203441035,1.635298863,2.194619977,0.017599407,0.208254654,-0.265831521,1.601934932,0.266696314,4,0,0.153244722,3.147305362,0,0,0,0,-799317311.9,-63762241637,-5799247118,-0.685377295
J-4,216.9408,3.9472,37.93379683,0.586994735,52.936,8.0218,22.38365308,0.277628213,0.9855,0.2739,0.874123321,0.10478916,1,0.5777,0.992138099,0.034376955,19.2138,3.0347,8.3712835,0.274090365,15.9344,1.6625,5.584202308,0.336789429,116.5979749,17.67199624,49.18417174,0.277731026,1052.50555,19.15885,185.2337997,0.584148709,3.939278263,0.413896542,1.465165087,0.312396839,1.073420694,1.073420694,1.073420694,0,2.203075275,1.759421524,2.197411077,0.013886624,0.167188165,-0.152136576,1.150916917,0.192304517,3,0,0.104374785,3.668101957,0,0,0,0,-2128847680,-1.28477E+11,-21085107574,-0.580569662
I-12,317.0572,4.8828,27.74910392,0.578766822,65.5772,8.9411,19.46848857,0.252814152,0.985,0.2045,0.862951054,0.104743021,1,0.5374,0.991128592,0.037014966,24.3795,3.1967,7.360251839,0.264241251,16.9952,2.2062,4.753589725,0.287380355,144.439904,19.69324349,42.76744318,0.252728617,1538.1913,25.5617,135.5963897,0.576674435,3.297710108,0.433846621,1.488648833,0.303703095,1.073420694,1.073420694,1.073420694,0,2.20280555,1.542172665,2.196791922,0.014533212,0.189387966,-0.255094756,1.422966908,0.238888151,3,0,0.131191761,3.244816741,1,0,0.000245218,63.85922016,-829090340.1,-64209878611,-4982041197,-0.593643347
L-6,448.1159,3.8316,27.55945987,0.579414163,85.8858,8.325,19.1466307,0.259074235,0.9825,0.2683,0.891005201,0.108794614,1,0.5563,0.993578844,0.03289566,35.2558,2.921,6.988025075,0.28200401,16.6782,1.7028,4.985244673,0.282405897,186.9280528,18.20852148,42.07011847,0.256463026,2211.57465,20.5584,134.6059769,0.588352467,4.164930499,0.408545746,1.337908869,0.378311776,1.073420694,1.073420694,1.073420694,0,2.202929591,1.628123424,2.198109972,0.013380704,0.18336914,-0.161128617,1.089076817,0.18907522,4,0,0.082663317,4.355544549,0,0,0,0,-554081671.2,-60194863297,-3895733246,-0.59127549
K-13,6540.7314,5.3352,31.3894839,3.999355821,381.4592,8.6886,20.16508529,0.454018052,0.9847,0.2181,0.845511124,0.1305297,1,0.5672,0.985156302,0.051848538,171.4976,2.9672,7.679690925,0.508421774,51.2147,2.2503,4.794136017,0.369612299,834.5796635,19.13749381,44.14593138,0.450052742,33551.39695,25.88305,155.5456446,4.192355303,3.708398377,0.311297205,1.538816834,0.338300717,1.073420694,1.025313037,1.073117199,0.002650956,2.202716037,1.613832818,2.191482124,0.022158981,0.189840028,-0.251393501,1.697828547,0.262911928,4,0,0.173257468,2.939559177,0,0,0,0,-232648658.2,-4.47426E+11,-1741031812,-4.882708244
F-3,1519.5966,4.6297,32.338539,0.79303248,148.2061,9.2825,20.9283055,0.229861174,0.9821,0.3291,0.883139064,0.091679471,1,0.5806,0.992658048,0.035828836,51.9363,3.3438,7.822933785,0.243590975,44.427,1.9585,5.240461275,0.257432248,324.7883471,20.44750203,45.9830445,0.229329966,7583.3266,22.4609,157.9094598,0.803717562,3.509224336,0.416149825,1.414667691,0.288125331,1.073420694,1.073420694,1.073420694,0,2.203230858,1.330157071,2.197408152,0.014389754,0.169995986,-0.139194675,1.134189336,0.189719453,4,0,0.092828685,4.013702194,0,0,0,0,-5992570566,-2.17961E+12,-43743937214,-0.826948825
C-9,304.9034,5.0032,33.05020539,0.674866621,63.7122,9.1338,20.78688254,0.298850597,0.9857,0.3288,0.882536804,0.091739555,1,0.6106,0.99333518,0.034672719,24.61,3.1539,7.764420302,0.312119955,17.7334,2.1488,5.209052262,0.313627603,140.3325907,20.11677237,45.67555318,0.298180382,1479.19335,27.38435,161.3252119,0.674278958,3.129456731,0.420396597,1.406762675,0.291052666,1.073420694,1.073420694,1.073420694,0,2.20346531,1.731924879,2.197750568,0.014185778,0.175669392,-0.130116424,1.103842056,0.187454757,4,0,0.091647332,3.929456221,0,0,0,0,-4460885943,-2.85129E+11,-30230424212,-0.67442664
K-4,155.3808,4.4689,24.38323331,0.542512719,46.4914,9.1672,18.72449284,0.253301121,0.9796,0.2504,0.829050953,0.126303247,1,0.6032,0.98948854,0.041244218,17.5015,3.2008,7.291995984,0.276136357,12.0702,1.6986,4.269719087,0.284354169,102.3835796,20.19033955,41.09570323,0.252376195,756.79725,25.0143,119.4994565,0.540511716,3.981488862,0.308272208,1.664120485,0.339152427,1.073420694,1.073420694,1.073420694,0,2.203165414,1.755353753,2.195388832,0.017088021,0.203191218,-0.223489148,1.58441046,0.26269857,4,0,0.156795132,2.965687161,0,0,0,0,-1675787559,-59760424434,-9289581608,-0.553736812
F-13,288.0215,4.0523,25.98739966,0.672180825,61.5476,9.0062,19.22669112,0.281836326,0.9766,0.2553,0.831246032,0.136275977,1,0.5452,0.983197115,0.053975191,25.8481,3.2699,7.407034423,0.309076645,17.1511,2.0638,4.454240194,0.286832133,135.5643667,19.1563466,42.07970114,0.280327691,1397.3202,23.06215,128.1636721,0.668511613,4.106302324,0.373239484,1.594701429,0.336493936,1.073420694,1.073420694,1.073420694,0,2.202946653,1.676329177,2.189876722,0.022273191,0.200388884,-0.327364774,1.904176366,0.296550775,4,0,0.212128043,2.663132543,0,0,0,0,-874768584.2,-63937746864,-4991767890,-0.689489457
E-12,239.1044,5.4696,31.86027962,0.560757885,60.8597,9.1814,20.97443564,0.262835734,0.9776,0.186,0.858331687,0.116157532,1,0.4725,0.987073994,0.050265594,23.6264,3.3331,7.940525071,0.282365333,17.2082,2.1737,5.073867802,0.27552882,129.9413414,20.22121541,45.96361081,0.260752974,1160.05085,28.0721,156.4701029,0.560191876,3.517719997,0.383990863,1.488612628,0.304032112,1.073420694,1.073420694,1.073420694,0,2.202925314,1.360337213,2.192669207,0.021453162,0.17988581,-0.186583052,1.472994126,0.233674992,4,0,0.149082569,3.12375472,0,0,0,0,-1821363542,-86501882443,-10959094426,-0.563107615
K-1,546.6251,3.3191,19.61709402,0.82205854,136.1593,8.1651,16.43304079,0.276061053,0.9791,0.2448,0.861301033,0.106063182,1,0.5578,0.990508478,0.04147314,37.6304,2.8233,6.178067989,0.282330709,26.0004,1.94,4.053815326,0.2757232,218.9011642,17.6191147,36.05457817,0.260963321,3432.7858,20.03925,96.25148576,0.902235051,3.777708168,0.43540354,1.426876016,0.314903289,1.073420694,1.073420694,1.073420694,0,2.203320076,1.607684265,2.195725538,0.016730124,0.217160906,-0.249827454,1.562062639,0.261757083,4,0,0.136956522,3.241257824,0,0,0,0,-1524570157,-3.2228E+11,-10264997917,-0.904193617
H-9,156.8365,5.0359,26.1740148,0.506588023,48.5961,8.8905,18.85575091,0.246324565,0.9834,0.2803,0.871764494,0.097047514,1,0.582,0.992699763,0.034877855,18.5321,3.0998,7.098058069,0.263444714,11.3641,2.1617,4.657869697,0.266420429,106.9825362,19.58053181,41.4326144,0.246268749,765.60095,25.5178,127.7483958,0.50483347,3.511218874,0.386670059,1.44696349,0.298789988,1.494764692,0.953445298,1.072738795,0.015081722,2.203088276,1.624582458,2.197402551,0.014160868,0.191643134,-0.121,1.228617469,0.209276248,3,0,0.104052574,3.760767999,0,0,0,0,-2470885805,-74949527853,-12100946608,-0.506423513
K-7,231.733,3.5205,18.95005563,0.668588847,62.8916,8.2755,16.16189647,0.287833404,0.9736,0.2246,0.854513186,0.11317894,1,0.5226,0.98811731,0.047575172,23.367,2.9042,6.103108144,0.317311963,14.5671,1.4186,3.950072559,0.273449528,125.0588097,18.22812368,35.42008368,0.284541755,1124.2132,17.08005,93.04629275,0.669939513,3.488772357,0.422185415,1.426712825,0.320800233,1.073420694,1.073420694,1.073420694,0,2.203025166,1.557391761,2.192972572,0.020010735,0.224991157,-0.202483995,1.694622599,0.273721461,4,0,0.161957271,3.055428451,0,0,0,0,-725653089.7,-57662595362,-4557902224,-0.716103031
D-2,268.1658,5.3356,35.04518436,0.486226855,63.454,8.9141,21.75288131,0.236703275,0.9845,0.2091,0.881857981,0.102246925,1,0.4805,0.990180162,0.042974051,24.4418,3.1285,8.09039172,0.250632656,15.5628,2.1423,5.477053312,0.258862409,139.3232633,19.62335098,47.75439731,0.235881696,1334.6762,25.8559,171.4513223,0.483660711,3.700677139,0.467796879,1.400500228,0.287612612,1.073420694,1.073420694,1.073420694,0,2.203259415,1.5760121,2.195749945,0.016439822,0.16617101,-0.219678708,1.225618317,0.201996768,4,0,0.115926709,3.620535411,0,0,0,0,-9949460816,-5.07185E+11,-64150745634,-0.486251497
A-1,163.304,4.2119,16.70661148,0.505497562,47.9672,8.4449,15.31761105,0.224437626,0.9679,0.2866,0.858048272,0.101798616,1,0.6104,0.989359646,0.044980888,18.7637,2.9967,5.792818087,0.25496181,12.4502,1.9422,3.755104461,0.21861297,105.6520458,18.59896574,33.62229234,0.224692558,794.3932,21.74885,81.78669481,0.501105641,3.534056172,0.447718387,1.429553124,0.296304654,1.073420694,1.073420694,1.073420694,0,2.203670022,1.696856318,2.195131023,0.016244659,0.231135265,-0.158300105,1.54605814,0.261573467,4,0,0.140675241,3.26810553,0,0,0,0,-11041606641,-4.4571E+11,-43901221841,-0.512672401
C-12,293.0993,4.837,22.35090058,0.641723646,65.3064,8.5171,17.91722459,0.283857567,0.9767,0.1963,0.829645136,0.130429346,1,0.5146,0.9883693,0.044777229,25.3825,3.1243,6.964027198,0.312156974,15.2517,1.9506,4.083475603,0.281160787,143.7717658,18.75427223,39.27505316,0.278841846,1430.2472,23.4526,109.9068309,0.644523381,3.925193506,0.389258113,1.636452887,0.354006274,1.073420694,1.073420694,1.073420694,0,2.203108471,1.47831126,2.194180093,0.02005638,0.212750256,-0.237872893,1.846678197,0.289365433,3,0,0.160700389,2.968532737,0,0,0,0,-2122756337,-1.47313E+11,-10159682820,-0.657576971
F-9,160.7222,3.5268,20.42483014,0.633797399,51.9449,7.3179,16.72517823,0.281506705,0.9827,0.231,0.849062677,0.115445461,1,0.5503,0.986010151,0.049273965,21.985,2.6696,6.315698065,0.29947177,13.2014,1.6557,4.084640232,0.297642856,114.3883509,16.11881929,36.65973692,0.282359384,787.68605,17.1119,100.2221319,0.627271735,3.260547876,0.44657149,1.443955902,0.307613234,1.073420694,1.073420694,1.073420694,0,2.203182582,1.561782407,2.191898209,0.019874839,0.224035337,-0.285343617,1.92775537,0.305497963,4,0,0.197103129,2.731783362,0,0,0,0,-2278623832,-1.07091E+11,-13178299096,-0.62835113
H-10,179.2185,4.6637,31.92354404,0.47170292,53.2646,9.3626,20.69208547,0.226271355,0.985,0.2253,0.893172694,0.080107364,1,0.5379,0.995721531,0.026994656,21.7064,3.3587,7.702435959,0.244323574,14.7352,2.2226,5.236904551,0.237751932,116.9874224,20.6233928,45.50634108,0.225142623,878.3948,29.2563,155.4779086,0.472230229,3.146476131,0.499784117,1.384956997,0.280537545,1.073420694,1.049767837,1.073266227,0.001775312,2.202889448,1.478360756,2.199548212,0.011433393,0.168109633,-0.092592255,0.881437179,0.159297902,3,0,0.061632653,4.935940544,0,0,0,0,-1817733591,-74575140362,-12161590489,-0.478353868
D-1,1162.2517,3.6,24.59648294,1.069793442,139.0691,7.4745,17.9357288,0.271861913,0.9845,0.4144,0.901308035,0.082354066,1,0.6626,0.996896937,0.020689605,57.7938,2.6859,6.512616985,0.304946766,26.525,1.9375,4.747907359,0.268266437,305.3962056,16.46233852,39.46524289,0.27069333,5750.4518,17.4585,119.8135463,1.091908148,3.500922952,0.52225662,1.284042005,0.328770267,1.073420694,1.073420694,1.073420694,0,2.203216543,1.8860548,2.20057028,0.008148319,0.189155825,-0.114996893,0.932203231,0.17128891,3,0,0.054494829,5.039555876,0,0,0,0,-7381930560,-2.26577E+12,-49649922037,-1.040809659
F-8,269.8061,4.635,27.13538812,0.69342495,68.2402,8.8641,19.60228077,0.301736886,0.9773,0.1959,0.828000919,0.140786155,1,0.535,0.983126566,0.053124086,29.9961,3.1583,7.578808524,0.33109138,14.1785,1.9238,4.485057331,0.303916535,150.1900136,19.52337787,42.91631104,0.300526328,1324.9784,25.751,133.7910707,0.689150541,4.081290892,0.376977841,1.631607229,0.348767996,1.073420694,1.073420694,1.073420694,0,2.203078433,1.592961892,2.190617945,0.02168243,0.199092406,-0.28717025,1.922251621,0.291814712,4,0,0.210238569,2.761624092,0,0,0,0,-3284538155,-2.1424E+11,-20135083226,-0.705034246
G-11,257.5223,6.5048,34.24049008,0.811074722,75.3633,9.5941,21.63976603,0.355768737,0.9821,0.1901,0.832016827,0.137691387,1,0.5674,0.985329487,0.051776504,25.247,3.4674,8.371130638,0.373390919,16.2964,2.2793,4.948192317,0.36899583,139.2985909,21.12848027,47.37113223,0.351362772,1266.87775,31.5605,168.7841079,0.810000839,4.101021391,0.37012095,1.63610055,0.357743372,1.073420694,1.073420694,1.073420694,0,2.203083684,1.58658312,2.191850861,0.02331907,0.182640315,-0.324965258,1.541638066,0.252311305,4,0,0.166718507,2.93328611,0,0,0,0,-2232201809,-98789999393,-11790433133,-0.807964134
F-2,1210.78,4.5793,23.50791578,1.024064244,280.6062,8.8071,18.03638134,0.341330971,0.9841,0.1932,0.844701252,0.122058635,1,0.5303,0.987232529,0.047460271,67.5607,3.0617,6.883926909,0.335994764,42.0948,1.7481,4.27711544,0.309704883,392.0615659,19.39438486,39.50171706,0.309412445,11077.7824,24.8597,116.1910931,1.423716458,4.69005026,0.332709148,1.521764946,0.328925981,1.073420694,1.073420694,1.073420694,0,2.203514908,1.397194951,2.192685275,0.02068289,0.208190293,-0.232381461,1.645669796,0.268426518,4,0,0.170128283,2.96552769,0,0,0,0,-6365447947,-1.88243E+12,-34364041145,-1.072073532
J-8,169.2117,3.3129,18.29676686,0.678511697,65.6173,7.833,15.86660637,0.270140306,0.9852,0.2251,0.85833943,0.124437899,1,0.5259,0.97928587,0.061867168,24.4215,2.9001,5.853976674,0.29978661,13.5514,1.9035,4.030283775,0.258438918,128.5705136,17.25441789,34.70028714,0.2690707,1028.1191,18.8839,90.38183627,0.672568255,3.775796709,0.457240726,1.317462216,0.304746686,1.073420694,1.073420694,1.073420694,0,2.20304195,1.530222489,2.187780947,0.02226149,0.230183475,-0.23538927,2.114107164,0.317191285,3,0,0.2217746,2.564611437,1,0,0.000100715,99.64436763,-1109595678,-66636824651,-6167236645,-0.694107624
J-12,165.2022,3.902,22.18712353,0.655853427,48.6118,7.8761,17.20169017,0.292809781,0.9854,0.223,0.866151099,0.109994562,1,0.5742,0.986001548,0.051366497,21.3426,2.8588,6.390760879,0.308453431,12.4995,1.969,4.33725884,0.301520966,106.8495574,17.3488031,37.69335072,0.292864875,801.47295,19.13405,108.8613994,0.649576675,4.44850099,0.424419181,1.358731979,0.282991547,1.261780978,0.953445298,1.072845914,0.006768123,2.202837239,1.614548284,2.191590417,0.020622865,0.214970881,-0.203373779,1.778173613,0.275696299,4,0,0.176044105,2.937483787,0,0,0,0,-439646466,-21867014493,-2868986909,-0.658127602
F-10,168.0042,3.2398,15.76259265,0.573150822,52.3202,7.7798,14.98286736,0.253446236,0.9811,0.2162,0.836376438,0.129020969,1,0.5791,0.980239322,0.060412758,19.2719,2.6935,5.642530192,0.277716365,14.0516,1.764,3.657668059,0.256452494,107.0357408,17.13648803,32.74899578,0.25160765,815.03625,18.9375,77.89443758,0.569897157,4.192649595,0.415886429,1.419982988,0.314118613,1.073420694,1.073420694,1.073420694,0,2.203141124,1.622420014,2.186941501,0.024303163,0.249877933,-0.244546491,2.453008217,0.3614434,5,0,0.259432234,2.383781016,0,0,0,0,-1682765140,-84699904358,-8128306326,-0.577417883
J-3,206.22,4.4953,26.98633974,0.673369573,58.0975,8.921,19.04946026,0.306341236,0.9853,0.167,0.850951766,0.124621763,1,0.4909,0.990373988,0.039300966,24.0527,3.163,7.239500662,0.314605809,12.2926,2.0156,4.584303863,0.358551296,127.6625994,19.64700043,41.83097261,0.306115798,1029.7272,25.1432,132.0125589,0.670020516,3.818589178,0.406918791,1.537705234,0.358352919,1.073420694,1.073420694,1.073420694,0,2.203490637,1.571680756,2.196434034,0.01629408,0.197155162,-0.261838005,1.361535668,0.237968043,4,0,0.139440765,3.155883882,0,0,0,0,-2948132939,-1.15911E+11,-17020950098,-0.679196224
I-11,326.7881,3.7462,19.78807757,0.608437986,64.9015,7.5796,16.67674036,0.268182169,0.979,0.2202,0.834040601,0.12633391,1,0.5572,0.985071226,0.050638483,22.1759,2.6597,6.384307728,0.286194681,19.1155,1.8829,3.949781274,0.295614877,142.9523154,16.69635104,36.5445967,0.269029509,1585.3921,18.457,97.18480066,0.600774803,3.86935921,0.383100923,1.53620991,0.324767286,1.263034406,0.943416472,1.072646281,0.007824969,2.20283821,1.613326317,2.191399576,0.020389067,0.228242247,-0.245445706,2.074224286,0.320228195,4,0,0.206971154,2.653728542,0,0,0,0,-877116259.3,-77793499371,-4754826818,-0.615251126
D-7,614.8498,4.1924,26.13545915,0.741521249,108.8153,8.6357,18.53476093,0.317971039,0.9843,0.2718,0.866346219,0.102597835,1,0.5479,0.99069347,0.04054916,47.1005,2.9989,6.967049656,0.333627082,17.2791,2.0752,4.581184135,0.334881619,237.8899041,19.00441194,40.7035113,0.318417985,3108.54395,24.17575,127.7373901,0.742707729,3.531612593,0.357513172,1.426221331,0.309320707,1.073420694,1.073420694,1.073420694,0,2.203096068,1.63009746,2.195882516,0.015861457,0.200518424,-0.177354182,1.409551802,0.234592776,4,0,0.131512301,3.325880226,0,0,0,0,-4746291566,-6.52493E+11,-29067886952,-0.727316891
K-8,185.3445,4.505,25.88936672,0.631347918,50.1629,8.6544,18.86871094,0.265750344,0.9861,0.2937,0.857401399,0.115171341,1,0.5905,0.988424697,0.04528709,20.0916,3.2512,7.123453265,0.276632014,14.1817,1.8972,4.602991115,0.300824088,110.4342187,19.06363332,41.37480282,0.263686286,899.1475,21.86095,127.0672393,0.629881484,3.692940724,0.444310611,1.477079139,0.323590645,1.073420694,1.073420694,1.073420694,0,2.202953542,1.694109242,2.193989262,0.018656103,0.194975155,-0.190326791,1.428095127,0.237971756,4,0,0.149720149,3.09055076,0,0,0,0,-1000372917,-43652715545,-5729607162,-0.643295205
J-10,239.4263,3.8177,21.16494702,0.523983078,57.3881,8.4122,17.10146288,0.237686067,0.9748,0.2084,0.870163599,0.105245055,1,0.5413,0.98960576,0.04370858,23.6361,2.9214,6.394944998,0.269661435,16.3313,1.9116,4.268707579,0.227149334,126.0346595,18.38111981,37.51806434,0.236137984,1161.56705,21.8751,103.7040846,0.524900887,3.953297387,0.351780872,1.384044707,0.310095482,1.073420694,1.073420694,1.073420694,0,2.202880334,1.642452509,2.194551714,0.017730261,0.207443853,-0.19393427,1.498112928,0.244880806,4,0,0.135773062,3.392870086,1,0,0.000108272,96.10411021,-785131303.2,-61227148925,-4817558312,-0.544349674
E-9,454.1647,3.72,26.66146383,0.664937957,119.0639,8.2216,19.24516485,0.288148924,0.9781,0.2075,0.845666769,0.130686951,1,0.5283,0.980468092,0.060412891,43.3125,2.9361,7.259897837,0.306379931,21.8974,2.1047,4.658802598,0.292436293,233.3127565,18.10680531,42.0653696,0.284085269,3317.7026,21.9801,131.9316457,0.704379225,3.515495179,0.440393152,1.473129358,0.304758953,1.073420694,1.073420694,1.073420694,0,2.203103968,1.486985416,2.187473704,0.024694894,0.200003378,-0.273295549,1.935900321,0.294499138,4,0,0.21481601,2.589600701,0,0,0,0,-2500631245,-3.57136E+11,-19187396573,-0.685233108
C-11,239.8939,3.9895,19.99941839,0.686484879,55.3883,8.0554,16.92946721,0.288549482,0.9826,0.1468,0.827749439,0.128375736,1,0.5101,0.986631553,0.048962923,21.1271,2.9157,6.559899587,0.317713286,17.0644,2.017,3.883703778,0.282006068,121.9971163,17.74385084,37.09015617,0.285021109,1163.8125,20.3435,98.42525663,0.682744655,3.83409652,0.420198956,1.595347999,0.349040266,1.073420694,1.073420694,1.073420694,0,2.203224678,1.357317849,2.192838243,0.021279484,0.223156076,-0.19441203,1.703159931,0.282032591,4,0,0.185950413,2.791870429,0,0,0,0,-2389962162,-1.53504E+11,-11949166762,-0.705644651
J-9,125.6245,4.3696,20.45150785,0.444610879,43.7882,8.851,16.74503892,0.213725325,0.9849,0.2301,0.880492227,0.089415467,1,0.5583,0.992413096,0.037767639,17.6796,3.1347,6.219589443,0.242821578,11.9098,2.0676,4.254917313,0.209790512,94.98207189,19.4926962,36.78065217,0.213534282,613.9107,26.28745,99.84470178,0.441574894,3.680632394,0.404397741,1.340030078,0.289680601,1.073420694,1.073420694,1.073420694,0,2.203107226,1.625822055,2.196687108,0.015126847,0.207004529,-0.1272543,1.27597896,0.218318157,4,0,0.102152932,3.796128592,0,0,0,0,-1206598783,-38175845336,-5700291605,-0.454786267
C-3,446.1571,2.0701,16.30388292,0.798077787,97.9413,5.9422,15.02497269,0.318135979,0.9821,0.2385,0.835689005,0.124753456,1,0.554,0.983210252,0.055872433,43.0098,2.265,5.69349841,0.34197349,14.7406,1.388,3.625000812,0.307879909,210.9046284,13.09552058,32.86619308,0.315156363,2267.3205,10.05725,80.45430674,0.799670944,3.727023056,0.403272429,1.449848752,0.311804703,1.073420694,1.073420694,1.073420694,0,2.203816866,1.649810972,2.189229428,0.023490959,0.250372451,-0.28582483,2.243907327,0.345291913,3,0,0.230549199,2.501419003,0,0,0,0,-3892988981,-8.79422E+11,-30991592077,-0.813626141
K-2,157.08,5.0317,27.06147548,0.556905559,49.5414,8.5495,19.78250232,0.269914607,0.9823,0.197,0.821052682,0.130787043,1,0.5395,0.988744783,0.042687143,20.4439,3.0011,7.773142004,0.298111499,12.1495,2.0264,4.398486884,0.288209805,108.3426375,18.82608307,43.4207503,0.269781853,790.34415,24.3976,132.6975228,0.554533313,3.787437121,0.337870278,1.727158614,0.345445621,1.073420694,1.073420694,1.073420694,0,2.203450997,1.555642336,2.195386245,0.017556066,0.196085338,-0.222452061,1.578713083,0.260384834,4,0,0.157484154,2.935188821,0,0,0,0,-2496719604,-77799918106,-13007692365,-0.551442049
D-6,267.2019,4.2391,34.89966833,0.569053132,65.3283,9.1495,21.85082097,0.270358444,0.9839,0.2529,0.857395498,0.112534192,1,0.5286,0.988078236,0.045380133,25.1063,3.0743,8.305692983,0.285817683,17.7171,2.1254,5.253551682,0.294430644,131.9571106,19.06330313,47.92930252,0.26995305,1296.32035,23.9585,171.0080499,0.566482079,3.576041667,0.33706342,1.514278353,0.305396707,1.073420694,1.073420694,1.073420694,0,2.203012687,1.543449674,2.193740932,0.018913664,0.173309746,-0.207034927,1.403376774,0.225742748,4,0,0.144070676,3.173024109,0,0,0,0,-5108423636,-3.34988E+11,-43585283220,-0.571337967
G-12,274.2707,4.5692,39.19475235,0.764748132,78.7068,8.4117,23.29966381,0.356148317,0.9792,0.1514,0.828383946,0.144359164,1,0.5051,0.981659676,0.057141907,25.5517,2.9979,9.001529514,0.376875396,16.5935,1.9667,5.320518595,0.354077576,138.4855554,18.52605669,50.90142083,0.349473532,1336.1681,23.6915,194.1455072,0.764044518,3.611877508,0.373008755,1.634578279,0.340590443,1.073420694,1.073420694,1.073420694,0,2.202992208,1.544253453,2.188813488,0.026959026,0.173941043,-0.359321467,1.641487759,0.263107057,4,0,0.199189189,2.685192652,0,0,0,0,-1153780335,-77208281885,-10057633613,-0.757150523
D-3,212.8288,4.2362,33.6720435,0.510253959,59.6242,8.6682,21.51991255,0.246840497,0.9835,0.2456,0.862226229,0.118484032,1,0.5285,0.986014333,0.050778359,22.9902,3.1804,8.100780433,0.265946004,14.2237,1.6816,5.266688868,0.270371932,123.9111519,19.09406295,47.1671443,0.247222092,1032.50765,20.5569,165.207231,0.503929655,3.830740819,0.400587185,1.462123888,0.305223619,1.073420694,1.073420694,1.073420694,0,2.203328178,1.625957974,2.191971771,0.020597225,0.174787422,-0.247601242,1.558689733,0.242515566,5,0,0.152415285,3.149589516,0,0,0,0,-7053800876,-3.77611E+11,-58164319466,-0.508481805
J-13,170.0443,4.0485,18.27560831,0.621368885,67.2097,8.455,16.04716229,0.264106175,0.9851,0.2152,0.846527544,0.128447696,1,0.5791,0.980807288,0.060271496,21.6455,3.0381,6.02189452,0.295109482,13.2092,2.0278,3.936059091,0.253097406,116.646974,18.62391468,35.08800065,0.261260616,951.5933,23.7794,90.28689337,0.618872661,4.221064913,0.325981243,1.413507639,0.324936997,1.073420694,1.073420694,1.073420694,0,2.202846369,1.679385206,2.188019422,0.023423769,0.229187213,-0.247919473,2.057422286,0.315421954,4,0,0.222621865,2.560451272,0,0,0,0,-290589514.5,-16198868859,-1414082928,-0.644059246
H-12,1660.4879,3.7422,33.0685518,1.458881865,276.0471,8.7612,21.18150184,0.487037553,0.9811,0.2496,0.796635332,0.150537066,1,0.5654,0.979221863,0.060107447,73.5924,3.0725,8.33292506,0.464392596,43.1163,2.0063,4.58413761,0.464812648,408.964391,19.01387633,46.15375233,0.447613408,11712.0804,23.3953,165.9965984,1.751300652,3.79225872,0.299581689,1.764250554,0.338945585,1.073420694,1.073420694,1.073420694,0,2.202835938,1.481502218,2.187102591,0.027233537,0.204208897,-0.364016043,2.093183431,0.323481555,4,0,0.257793765,2.35361404,0,0,0,0,-687602182.7,-3.52202E+11,-6653762601,-1.521582949
F-7,191.6148,4.1255,21.63033764,0.59584248,61.0595,8.4843,17.44625725,0.266612947,0.9787,0.2429,0.843621098,0.120966446,1,0.576,0.986583462,0.04908557,21.5682,2.9482,6.657333333,0.290603616,12.9667,1.9691,4.159044526,0.272041578,117.5074469,18.68433423,38.23181862,0.264052467,943.3412,24.5928,106.3274549,0.595171506,3.840338036,0.398559688,1.514586089,0.322365099,1.5360529,0.953445298,1.071973569,0.014917408,2.20318919,1.64057351,2.192631809,0.01987338,0.213873516,-0.256439439,1.752640874,0.283942903,4,0,0.184136325,2.784045277,0,0,0,0,-3698181430,-1.71441E+11,-18894582746,-0.605727176
D-8,201.2598,5.0513,25.14452109,0.484797627,55.9305,8.8178,18.32939873,0.218879312,0.9782,0.4223,0.90035743,0.086605132,1,0.6392,0.996005419,0.024394775,21.278,3.0936,6.66275279,0.245006157,13.4848,2.028,4.83729098,0.236976939,118.6424376,19.42513483,40.31948988,0.218426721,1006.43925,24.5111,122.4701073,0.489104531,3.635296154,0.471525811,1.295302383,0.328036739,1.073420694,1.073420694,1.073420694,0,2.202984899,1.849945688,2.199849351,0.009375694,0.18526224,-0.095006833,0.996477884,0.174024796,5,0,0.058079169,5.17758568,0,0,0,0,-4634355800,-1.78769E+11,-23938498794,-0.483322691
D-10,288.3853,3.3331,17.323232,0.625606601,64.7901,7.7119,15.52944555,0.270389741,0.9777,0.276,0.85058366,0.116609779,1,0.576,0.984528683,0.0537416,25.6422,2.6952,5.830372017,0.299733794,13.9277,1.8309,3.830128637,0.256021712,142.6949337,16.98619953,34.00469118,0.268723531,1400.5733,20.19575,85.28399803,0.624847254,3.682068508,0.405767444,1.395266493,0.30904321,1.073420694,1.073420694,1.073420694,0,2.203162796,1.702290795,2.190719929,0.021198372,0.234667271,-0.251260313,1.937707179,0.306766835,4,0,0.19729225,2.683673298,0,0,0,0,-2069659558,-1.95225E+11,-11311181099,-0.627508355
C-2,124.0495,3.152,18.08328602,0.695976558,42.5867,7.4091,15.82696035,0.3094001,0.9797,0.2528,0.837090284,0.12399508,1,0.5242,0.983696047,0.054362069,16.9293,2.6938,6.015370373,0.3360485,10.8799,1.5455,3.793974092,0.302774632,93.78806702,16.31756458,34.64738527,0.309012293,603.81455,16.79165,89.08079528,0.689792506,3.836162756,0.425749288,1.465565112,0.321666565,1.073420694,1.073420694,1.073420694,0,2.203656924,1.653570407,2.190104143,0.022276116,0.23894422,-0.271354231,2.096565472,0.326336195,4,0,0.215367566,2.592991907,1,0,0.000123138,90.11659115,-6404595846,-2.57466E+11,-37552918072,-0.696421103
C-10,369.1149,4.5793,27.36520847,0.621099745,72.2821,9.035,19.34278295,0.273870003,0.985,0.2726,0.861394821,0.111036371,1,0.571,0.990587909,0.041454086,27.4873,3.238,7.333247247,0.295201535,16.634,1.8052,4.687815383,0.286446513,159.2013531,19.90582292,42.45118491,0.272208482,1794.75215,24.72885,134.008172,0.620498713,3.755416526,0.388332546,1.489663826,0.323948516,1.073420694,1.073420694,1.073420694,0,2.203336021,1.675386565,2.195565995,0.016944279,0.190173022,-0.164855427,1.317459374,0.2212999,4,0,0.121419997,3.54810194,0,0,0,0,-3629601159,-2.69865E+11,-21143726384,-0.617899586
C-4,143.7006,3.1132,19.11655027,0.687588765,44.2073,8.0174,16.30672284,0.308598576,0.9776,0.2412,0.831071327,0.126493851,1,0.5652,0.983604362,0.052353966,16.7168,2.8821,6.234213099,0.333086611,12.1,1.6509,3.861696093,0.312671766,97.36732529,17.47982669,35.71418502,0.309347569,697.1284,19.697,94.10601533,0.680917457,3.760174018,0.344930601,1.510776306,0.324568577,1.447458977,0.953445298,1.072308841,0.014339889,2.203416796,1.656947017,2.190494659,0.021158101,0.237119952,-0.272736373,2.224062375,0.338996116,4,0,0.223307466,2.557954533,0,0,0,0,-5667652679,-2.3958E+11,-33453591153,-0.689737702
L-1,349.8307,5.0042,28.38333287,0.452383678,70.7315,8.9368,19.60869259,0.203458958,0.982,0.2767,0.897424682,0.09459441,1,0.5523,0.990821097,0.043315005,25.6545,3.1393,7.125028803,0.218187177,19.0842,2.1589,5.166299746,0.214140063,151.4976068,19.68534958,43.02003347,0.19814786,1707.34695,26.55195,139.0879345,0.461507475,3.443674452,0.432112727,1.277948881,0.27493133,1.073420694,1.073420694,1.073420694,0,2.203200596,1.544165107,2.195465826,0.017303166,0.175997802,-0.135994395,1.176177137,0.192193176,3,0,0.101137124,3.864190116,0,0,0,0,-1366682016,-99384151327,-8889563365,-0.472018376
I-8,219.3866,3.0327,22.41810039,0.702145311,69.2304,8.0776,17.46410356,0.324783643,0.9828,0.2165,0.847396552,0.126635091,1,0.5809,0.986958637,0.049307485,24.5885,2.8262,6.66406986,0.361481656,13.9885,1.8744,4.157534288,0.308930453,135.0534264,17.01868956,38.29573649,0.324503572,1190.3585,17.51885,109.8994791,0.701873065,3.834146817,0.327494443,1.510390211,0.356610493,1.073420694,1.073420694,1.073420694,0,2.203008903,1.651291487,2.192808133,0.019509892,0.214445705,-0.250911565,1.614365295,0.267461552,4,0,0.159564086,3.141395739,0,0,0,0,-1294679292,-1.03931E+11,-9632571315,-0.71453874
F-4,390.2971,4.0395,25.0610143,0.702110604,72.847,8.2117,18.81189271,0.309289148,0.9774,0.2165,0.825362438,0.132852946,1,0.5346,0.984201598,0.052100947,27.0085,2.9534,7.287786754,0.331417756,18.1942,1.8222,4.307722904,0.317764191,160.4237184,18.08504753,41.19229519,0.306467838,1896.9049,21.8076,123.5446361,0.698653934,4.002731798,0.31323389,1.617414895,0.33599058,1.073420694,1.073420694,1.073420694,0,2.203299276,1.538529139,2.191474879,0.02167947,0.209649523,-0.285942212,1.990761256,0.306376889,5,0,0.198775718,2.69597219,0,0,0,0,-4612633346,-4.8136E+11,-30642484827,-0.705841554
J-11,148.9289,3.037,16.95972459,0.539527338,49.0356,7.8226,15.46102525,0.240375523,0.9748,0.2231,0.850059199,0.121472427,1,0.5316,0.981810718,0.058628221,20.2951,2.9039,5.779918166,0.27177645,12.346,1.7804,3.84133808,0.22885929,103.696649,17.23117375,33.82617162,0.239584986,729.13075,18.0742,83.59677695,0.533271228,3.618377208,0.377577716,1.371910941,0.301453028,1.295455884,0.953445298,1.072954527,0.00892567,2.202930689,1.508831847,2.188519114,0.022785744,0.235320864,-0.245503337,2.052636028,0.31773358,4,0,0.224085688,2.546723614,1,0,7.05E-05,119.1259837,-470942616,-29329649656,-3043230234,-0.55807019
D-11,131.2489,4.3287,23.04262572,0.58725553,52.3268,8.275,17.80197745,0.283756745,0.9767,0.2409,0.853185142,0.11871037,1,0.578,0.985004264,0.052335361,17.8085,2.92,6.71114268,0.312945698,12.8883,1.8,4.340725222,0.277172049,97.39697788,18.22708681,38.9968835,0.283568483,655.14155,22.1043,113.2671179,0.582230363,3.435874711,0.31787029,1.436272695,0.316079418,1.073420694,1.073420694,1.073420694,0,2.203063981,1.653359125,2.19109713,0.02079624,0.211546663,-0.205376822,1.846209812,0.281788041,4,0,0.186733082,2.821149068,0,0,0,0,-2350494472,-70999960209,-11830787581,-0.580360463
H-7,228.1687,3.8284,25.53719176,0.745272277,58.3665,7.9998,18.10349109,0.338677222,0.9841,0.2903,0.877538433,0.098102336,1,0.506,0.99005349,0.044117011,23.499,2.7648,6.699674412,0.355435486,13.6053,1.8539,4.614508969,0.338805376,128.4798167,17.62115835,39.72888884,0.337885511,1111.28105,21.2031,124.898041,0.743225322,3.578142344,0.456561601,1.334484562,0.286532329,1.073420694,1.073420694,1.073420694,0,2.20305774,1.303919372,2.194891652,0.018230663,0.204126238,-0.141249203,1.349205339,0.225971552,3,0,0.127637987,3.39049204,0,0,0,0,-2443631504,-1.55967E+11,-16176247722,-0.743521624
E-13,145.6419,3.9781,16.55445807,0.374705242,44.6663,8.3899,15.04082075,0.167268996,0.9791,0.286,0.894202091,0.08763624,1,0.5667,0.988449719,0.04686535,16.5039,2.9209,5.388753428,0.188250462,11.8069,2.0284,4.063068234,0.164880322,98.29634631,18.48003002,33.00004265,0.167781061,712.72065,23.9025,81.06106686,0.367027996,3.233213519,0.489475176,1.178903814,0.215079049,1.073420694,1.073420694,1.073420694,0,2.203094484,1.697533633,2.194118831,0.016845485,0.222970763,-0.128413197,1.44890504,0.238572616,3,0,0.127042505,3.418094329,0,0,0,0,-726251636.6,-36907095555,-3403362912,-0.398131348
G-1,178.4932,6.0203,29.02273678,0.636632876,58.4258,9.3141,20.74701114,0.290946528,0.9791,0.2019,0.798827677,0.149213084,1,0.4978,0.981538456,0.053132198,23.0274,3.321,8.212238674,0.305866055,14.6988,2.059,4.468669046,0.313769471,123.7682037,20.51704457,45.38908275,0.283616184,961.43325,29.2092,143.7161182,0.644564195,3.645972118,0.335120903,1.812267796,0.335290137,1.073420694,1.073420694,1.073420694,0,2.203599684,1.44081709,2.190770702,0.02231185,0.190631352,-0.43300924,1.716716664,0.291943816,4,0,0.222869629,2.534608418,0,0,0,0,-8277684883,-2.51712E+11,-39850850957,-0.634429568
D-4,186.256,3.7377,36.02179427,0.43664056,68.5416,8.4188,22.11395915,0.217730829,0.9858,0.2626,0.881832843,0.100174707,1,0.571,0.991095444,0.039317183,21.7607,3.1923,8.239125294,0.230569337,12.2527,1.7952,5.553317811,0.249072729,113.2582859,18.54249286,48.57005557,0.217592812,903.5268,21.5075,175.9433066,0.432981396,3.469740634,0.422941761,1.417903324,0.28893283,1.073420694,1.073420694,1.073420694,0,2.203364002,1.548345894,2.196357012,0.015443087,0.163162504,-0.183311768,1.150948105,0.191831351,3,0,0.107830037,3.769018741,0,0,0,0,-5749586572,-2.75146E+11,-56232498280,-0.437134174
A-12,238.2614,4.0712,27.21676785,0.813375487,66.446,8.7774,19.51515073,0.338432157,0.9859,0.1728,0.823128579,0.139655861,1,0.5171,0.980764141,0.057603808,28.2317,3.064,7.534330669,0.363366068,15.4029,2.0915,4.480467207,0.337947487,144.750194,18.2818044,42.66564225,0.335364371,1195.71375,22.07085,134.6896881,0.811613808,3.735049855,0.396135004,1.605371335,0.34155011,1.073420694,1.073420694,1.073420694,0,2.203296525,1.58186455,2.188400361,0.023928901,0.204682659,-0.376717316,2.053297904,0.318712501,4,0,0.239115291,2.421473961,0,0,0,0,-2397633863,-1.21111E+11,-14312450537,-0.801559084
E-3,627.2773,2.8174,19.36909345,0.836766289,112.1844,6.7368,16.26543378,0.319564957,0.9827,0.1861,0.850701728,0.11613614,1,0.5311,0.986987006,0.049567139,47.957,2.671,6.163068963,0.350405058,17.8943,1.6527,3.938158845,0.29452648,244.2721135,14.84052999,35.63626791,0.315974825,3228.3519,13.67475,95.28959558,0.846162806,3.476411047,0.463670807,1.446284225,0.321199535,1.073420694,1.073420694,1.073420694,0,2.203516563,1.54133522,2.192468272,0.020139307,0.226626467,-0.193407364,1.764648962,0.280144642,4,0,0.171632526,2.990549458,0,0,0,0,-4151047209,-9.68107E+11,-29499987218,-0.846227678
G-13,170.4131,4.2671,30.09242385,0.605488434,54.0989,9.0816,20.96291085,0.279149978,0.9798,0.2479,0.80758615,0.147004629,1,0.5652,0.982823756,0.054071082,23.6276,3.1184,8.260021502,0.302682879,13.6929,2.0282,4.600085117,0.312062083,119.027734,20.00581122,45.91850646,0.279058162,865.33045,25.77095,148.2573565,0.600476557,3.790910588,0.453348487,1.774519133,0.338592787,1.073420694,1.073420694,1.073420694,0,2.202916943,1.659732983,2.191161426,0.021776668,0.1904229,-0.386787648,1.854861714,0.295797233,4,0,0.203755869,2.656101294,0,0,0,0,-588587715.9,-26837752729,-4946975965,-0.586668601
D-13,523.7175,5.0671,24.78469796,0.633069033,86.0108,8.625,18.1516803,0.243030709,0.9856,0.3219,0.896496462,0.086373937,1,0.5973,0.996025307,0.026286813,31.3073,3.0372,6.638689325,0.267543487,22.4423,2.2145,4.741142909,0.257351695,189.159836,18.99850212,39.92077935,0.242087839,2570.46335,24.5864,120.7353886,0.635521183,3.527436639,0.500481357,1.318924306,0.316237432,1.073420694,1.073420694,1.073420694,0,2.202917715,1.743287086,2.199708894,0.011015622,0.189199896,-0.088616142,0.988587722,0.177260515,4,0,0.061169415,4.817516798,0,0,0,0,-1092998744,-1.26341E+11,-5507019497,-0.664103133
L-13,2151.2283,5.7596,35.70694643,0.872548007,184.1019,9.716,22.05602684,0.27990898,0.9808,0.2191,0.869407316,0.118130371,1,0.5373,0.984090933,0.055806264,71.5254,3.4133,8.187590123,0.295914646,42.7159,2.1514,5.532236685,0.281369285,404.1701022,21.39943787,48.24448635,0.274293677,10675.92355,32.78335,176.3729771,0.875458473,4.087655652,0.370320783,1.389669974,0.297068104,1.378511623,0.928990498,1.072717441,0.013210251,2.202684644,1.450073022,2.190393426,0.023203391,0.170111483,-0.217800968,1.4791787,0.23006043,4,0,0.163350411,2.986352909,0,0,0,0,-120755964.9,-63297509776,-1034977659,-0.922745126
C-8,253.7365,2.4436,15.96512235,0.528571658,59.3287,6.4367,15.34763569,0.239654068,0.9797,0.192,0.81716844,0.141664254,1,0.4971,0.977323368,0.064657332,22.4755,2.3974,5.887890074,0.277710323,13.7831,1.3371,3.574115289,0.226126701,130.677505,14.17625254,33.50600586,0.239570278,1230.9964,11.8535,79.00739011,0.518305048,4.182042773,0.348034686,1.532402996,0.330999353,1.073420694,1.073420694,1.073420694,0,2.203457513,1.652640973,2.183974347,0.026576348,0.248378522,-0.318445547,2.638575794,0.388100332,4,0,0.28815106,2.23838353,0,0,0,0,-2684043190,-2.69264E+11,-17440435961,-0.535607623
J-1,405.5907,3.3614,18.85133219,0.680676657,76.0559,8.391,16.03372494,0.256965243,0.9862,0.2065,0.865782202,0.115040437,1,0.5495,0.984209037,0.054763228,27.2547,2.9463,5.919060826,0.275973457,21.4022,1.9186,4.084123419,0.27022622,166.4649633,18.1282267,35.12683521,0.256546191,1988.68985,20.7028,92.65236558,0.6768137,3.867039067,0.317565114,1.329798463,0.306139691,1.073420694,1.073420694,1.073420694,0,2.203404946,1.583730131,2.191084908,0.020182508,0.224122442,-0.183448754,1.833133329,0.283339821,4,0,0.184137746,2.858838515,0,0,0,0,-2352646227,-3.40195E+11,-14150739139,-0.697185401
K-3,154.9912,4.5641,21.82204568,0.573208096,52.1671,8.6243,17.7961278,0.265985824,0.9757,0.258,0.822731178,0.125407663,1,0.5937,0.989133243,0.040825957,18.6919,2.9898,6.977634218,0.297152505,11.8787,1.9706,3.993163218,0.271985553,102.0782563,18.9986571,39.0612171,0.265292056,751.9287,24.76225,107.0151735,0.571383079,3.891637365,0.361970989,1.683938421,0.341440324,1.073420694,1.073420694,1.073420694,0,2.203342487,1.758507368,2.195564482,0.016280929,0.212634345,-0.232837854,1.546852225,0.266246368,4,0,0.156115271,2.997121505,0,0,0,0,-1889933349,-59950828170,-8903095942,-0.57159501
F-5,342.3042,4.7997,28.6133775,0.569163545,68.9502,8.8425,19.87403882,0.254195952,0.9811,0.2374,0.856342472,0.119032288,1,0.5606,0.9867753,0.048030234,26.645,3.1218,7.505384194,0.270418023,16.6508,1.9514,4.834681029,0.281751227,151.8681691,19.47439409,43.57617754,0.253499337,1660.6376,26.4687,140.4078634,0.565026222,3.90641034,0.301732061,1.490001511,0.323387477,1.073420694,1.073420694,1.073420694,0,2.203093625,1.636930875,2.193173111,0.019072868,0.188952832,-0.239867628,1.582381149,0.251846336,4,0,0.165889407,2.985831187,0,0,0,0,-5647259322,-3.77572E+11,-32097577062,-0.568749578
G-3,174.0252,2.6315,23.72348869,0.830788718,51.9592,7.0636,17.41795484,0.369144802,0.9847,0.2344,0.865583094,0.107183862,1,0.5835,0.987647709,0.04934158,20.7793,2.9739,6.500882003,0.391822279,12.0958,1.3961,4.357597519,0.361618926,114.2760843,15.56159342,38.19656253,0.369406757,863.5799,12.77125,116.2671184,0.824670176,3.76342696,0.42171542,1.365193203,0.299040576,1.073420694,1.073420694,1.073420694,0,2.203660672,1.608126476,2.193265657,0.019157877,0.216319567,-0.180425004,1.586230046,0.255634498,4,0,0.150338808,3.159462016,0,0,0,0,-2937284124,-1.90798E+11,-27433266013,-0.813686843
E-8,308.4247,3.1423,15.92768446,0.410928147,71.5104,6.9039,14.79367493,0.174093888,0.9709,0.302,0.888116879,0.0950469,1,0.5725,0.986163597,0.051423307,24.0094,2.4515,5.310670349,0.19548851,19.7681,1.8242,3.975065119,0.1681141,147.5226995,15.21019028,32.43273327,0.173726375,1546.87505,15.2521,78.15615329,0.409459116,2.89547901,0.474861405,1.18920806,0.217346869,1.073420694,1.073420694,1.073420694,0,2.203165437,1.718970797,2.192490204,0.018095654,0.227572146,-0.145698252,1.591034374,0.255217824,4,0,0.148904406,3.187483195,0,0,0,0,-2756310289,-2.56351E+11,-13779175155,-0.408861485
E-6,244.8236,3.706,30.03504616,0.63671847,62.4756,8.3693,20.34899439,0.299729634,0.9802,0.2207,0.840079292,0.119257853,1,0.5293,0.988482975,0.043526397,25.4133,2.9182,7.861027901,0.321015154,13.0598,1.7542,4.711805138,0.315279971,137.3652837,18.43030775,44.65839006,0.299993475,1202.2438,17.984,147.0911149,0.633882077,3.839128027,0.386639706,1.605798056,0.323362488,1.473931188,0.884522783,1.071722114,0.016165337,2.203112282,1.577371646,2.194548438,0.018040086,0.189640042,-0.265022003,1.565638103,0.255978042,4,0,0.150015808,3.14580608,1,0,0.000158078,79.5361553,-4472130281,-2.92956E+11,-34117010321,-0.639018887
E-2,294.1658,3.8718,18.3527633,0.803777058,66.689,8.2767,15.78517418,0.3065463,0.9758,0.1953,0.859487901,0.104028757,1,0.5173,0.990742288,0.041089517,22.1121,2.9324,5.961777187,0.334546363,17.2171,2.0377,3.866699061,0.291606206,137.6887495,18.22285798,34.63536322,0.302972646,1429.5766,22.66165,89.95228711,0.805724511,3.648817965,0.399879329,1.425684767,0.320516373,1.073420694,1.073420694,1.073420694,0,2.203522525,1.316667714,2.195575117,0.016931859,0.226366858,-0.189692908,1.454852435,0.251046231,4,0,0.129363971,3.406142745,0,0,0,0,-6390882927,-4.75693E+11,-30787797000,-0.788357586
I-10,283.6882,5.559,45.26228469,0.718049463,86.8561,9.1758,24.84087859,0.342871459,0.9837,0.1824,0.834753189,0.143103481,1,0.497,0.980539209,0.059624262,30.7109,3.1946,9.503997794,0.352199564,17.2795,2.2802,5.790669157,0.369725895,157.7824391,20.20823428,54.25633849,0.337743835,1396.6818,28.8246,223.9418772,0.713552597,3.724524931,0.437241674,1.597323689,0.331931861,1.272160258,0.943416472,1.072921001,0.010703217,2.202839805,1.455849668,2.187512484,0.02714085,0.164790941,-0.300594849,1.622799163,0.251894768,4,0,0.209480122,2.679573676,0,0,0,0,-1743864444,-85338845266,-13710830691,-0.723538859
A-4,227.7539,5.7094,39.23204033,0.596290613,59.6079,9.016,23.20086161,0.29064783,0.9829,0.2628,0.84755886,0.122709769,1,0.5487,0.986519896,0.047940536,24.6207,3.1803,8.887367047,0.308244332,13.7832,1.9673,5.46131943,0.313853885,131.2501592,19.85938726,50.87173045,0.290506566,1108.6545,27.69715,192.5929042,0.59152198,3.681340015,0.31966318,1.579250777,0.315835253,1.073420694,1.073420694,1.073420694,0,2.203569139,1.664407254,2.193198978,0.019507981,0.168197505,-0.23545533,1.439162172,0.229581253,4,0,0.155440415,3.083734775,0,0,0,0,-11793002958,-4.62053E+11,-82236918612,-0.597142222
E-5,516.7646,3.441,23.37271167,0.83989077,82.8345,8.0324,17.55522635,0.355960388,0.983,0.2549,0.851128719,0.114748896,1,0.5913,0.9878155,0.04673661,28.8484,2.8193,6.667996882,0.382128128,24.8361,1.9036,4.232518832,0.350412527,182.4070579,17.69274621,38.50781112,0.356336759,2509.40175,20.1735,114.5604963,0.836890682,3.689587027,0.348217348,1.467740106,0.323136848,1.073420694,1.073420694,1.073420694,0,2.203186687,1.68015654,2.19358545,0.018610627,0.21701633,-0.208000956,1.603740285,0.264405713,4,0,0.161545482,3.037293875,0,0,0,0,-4240497331,-6.13607E+11,-29336574426,-0.827989442
I-1,120.2701,3.2867,18.39263192,0.569053589,43.7523,7.9122,15.93676856,0.262963563,0.9862,0.1984,0.856665542,0.108777998,1,0.5357,0.988581632,0.04673611,17.9708,2.8742,6.026587239,0.297173749,10.8263,1.8846,3.892437699,0.248339179,88.9936712,17.42821593,34.96799752,0.263804996,583.50815,19.21555,89.99849244,0.564211469,3.890956976,0.382468635,1.430761848,0.311515415,1.073420694,1.073420694,1.073420694,0,2.203497934,1.520781879,2.193887663,0.018445115,0.226204811,-0.174546014,1.61667223,0.264471038,4,0,0.153161045,3.096544047,0,0,0,0,-3073893495,-1.24492E+11,-17505801337,-0.563941006
G-2,193.352,4.4079,38.93655209,0.601078006,58.9,8.7059,22.75685627,0.296220084,0.9851,0.2732,0.866484484,0.10694637,1,0.6078,0.992040264,0.034982466,25.6863,3.0224,8.629438162,0.309290969,14.9688,2.2005,5.520282691,0.328625637,129.5593932,19.18359266,50.00698076,0.296557938,937.9205,25.218,190.1010335,0.59803605,3.735828763,0.405374069,1.510500167,0.321625358,1.073420694,1.073420694,1.073420694,0,2.203516312,1.7684595,2.197383498,0.014017572,0.165389717,-0.253715743,1.118531716,0.198796809,3,0,0.101380589,3.800033761,0,0,0,0,-5456059137,-2.55134E+11,-49905868894,-0.602796729
F-6,307.2399,3.695,19.96498356,0.680216568,79.5698,7.6851,16.45773579,0.290922756,0.9741,0.1975,0.862490398,0.106009802,1,0.5317,0.988851192,0.045745955,26.1801,2.6516,6.17012143,0.315629468,15.5361,1.8701,4.081488918,0.281714489,148.524194,16.92592269,36.09252483,0.287751372,1542.71385,17.9218,97.89023391,0.679224987,3.73150421,0.400649485,1.394225376,0.313127913,1.073420694,1.073420694,1.073420694,0,2.203168102,1.485272982,2.194241324,0.018659358,0.2202886,-0.186475649,1.52200907,0.254740896,4,0,0.151165837,3.090140001,0,0,0,0,-3837456233,-3.13639E+11,-19529891349,-0.680608059
A-6,396.0172,5.7663,43.16009396,0.637230198,91.597,9.1784,23.93230463,0.288618954,0.9852,0.2241,0.874531203,0.106483035,1,0.5441,0.988541486,0.0448611,27.3868,3.2828,8.954588861,0.297023611,18.9681,2.1773,5.941304949,0.312093326,162.8683306,20.2124488,52.50840931,0.28666905,1966.8754,27.96655,211.5768003,0.637805142,3.628448106,0.500104265,1.449791001,0.288509182,1.073420694,1.073420694,1.073420694,0,2.20331852,1.644466295,2.194807005,0.017501978,0.156724848,-0.209224479,1.225433885,0.198277751,4,0,0.121120617,3.45308629,0,0,0,0,-9924691369,-6.42557E+11,-73229800547,-0.636491888
A-7,472.886,4.7042,42.2991372,0.55267939,78.0078,9.1959,23.807033,0.259140349,0.985,0.2262,0.876411224,0.103267344,1,0.573,0.989967726,0.041662042,26.9157,3.1708,8.921251958,0.271101754,21.9996,1.9011,5.906011561,0.287749693,171.8204877,19.90148103,52.2659943,0.259707957,2294.19735,25.5402,206.8332329,0.547617728,3.377221579,0.417577873,1.451973147,0.286496643,1.073420694,1.073420694,1.073420694,0,2.203509918,1.645525028,2.195420541,0.016888319,0.15619306,-0.22206375,1.206241008,0.198763234,3,0,0.121756487,3.437069141,0,0,0,0,-7323291001,-6.77073E+11,-63248558642,-0.549590357
C-6,164.3257,4.6952,24.72519571,0.559635268,49.661,8.3628,18.61729137,0.262655966,0.9787,0.1921,0.844467048,0.125250628,1,0.5307,0.984850908,0.05260034,19.6366,3.0132,7.088483389,0.283762286,12.247,1.891,4.446855153,0.278401756,109.3362842,18.41890916,40.77017493,0.261794143,802.19935,22.77645,121.5921421,0.553866631,3.922156027,0.364101342,1.511506479,0.316726173,1.073420694,1.073420694,1.073420694,0,2.2032879,1.563553343,2.190816623,0.021606596,0.204214352,-0.2456696,1.8250977,0.283870308,4,0,0.199825328,2.741844348,1,0,8.73E-05,107.0046728,-6511167176,-2.45319E+11,-34895444565,-0.563231278
A-11,338.4976,4.8015,22.70990844,0.768301494,67.6943,8.6507,18.18032217,0.31531828,0.9806,0.1787,0.801794464,0.158939386,1,0.523,0.9775897,0.062695434,25.0357,3.0228,7.09554875,0.347087122,17.7063,1.8357,4.036263683,0.319492339,149.1026301,19.05796867,39.70834978,0.314831087,1642.1931,25.04965,112.4655235,0.76008692,4.496805894,0.314664386,1.697257245,0.374029188,1.073420694,1.073420694,1.073420694,0,2.203432699,1.628051606,2.185191984,0.026226708,0.223138405,-0.411350915,2.558828924,0.377206689,5,0,0.297474153,2.200222263,0,0,0,0,-3397974251,-2.37482E+11,-16346526909,-0.757939836
G-9,534.4466,3.4275,25.81577256,0.8242163,83.0999,7.5578,18.22962328,0.355175497,0.9833,0.1938,0.864725107,0.103602384,1,0.5285,0.991725443,0.038471762,29.2209,2.8065,6.8580832,0.368811455,23.4039,1.8701,4.494220123,0.371213797,183.0355087,16.64987182,40.03001772,0.354925509,2592.8408,17.72395,126.1424611,0.821718534,4.180098141,0.41236387,1.434571958,0.312258208,1.073420694,1.049767837,1.073345634,0.001239533,2.203170634,1.609384836,2.196217846,0.017025239,0.207003481,-0.18754241,1.387079317,0.235781723,4,0,0.121523241,3.501718653,0,0,0,0,-1784915774,-2.68531E+11,-13970776435,-0.830916188
I-6,417.541,3.2158,27.58096615,0.988128873,92.5942,8.1631,18.34553032,0.42819946,0.9837,0.2665,0.870474087,0.097184894,1,0.5654,0.990822878,0.039456222,37.1532,2.9118,6.862855368,0.450430568,18.1487,2.0387,4.580714874,0.419526695,198.7275914,17.53888924,40.28441258,0.428704141,2300.15365,20.1782,134.8538174,0.986882694,3.795019157,0.373387347,1.375760737,0.304908105,1.073420694,1.073420694,1.073420694,0,2.203130665,1.710483796,2.195910962,0.015382209,0.209149437,-0.150726883,1.36570451,0.230165894,4,0,0.125729099,3.385945137,0,0,0,0,-1916097137,-2.66911E+11,-15808184063,-0.992814972
G-10,281.0425,3.3399,29.12130664,0.72254192,65.9956,7.384,19.59695126,0.328823515,0.9852,0.1789,0.85757578,0.11968481,1,0.4935,0.988763918,0.044190533,27.153,2.8448,7.397104292,0.34118324,17.3507,1.7519,4.771547069,0.357169946,145.3424604,16.26230169,42.98661514,0.328883284,1369.04855,16.1993,142.6258098,0.717721938,3.659693863,0.33739685,1.482052594,0.331852624,1.073420694,1.073420694,1.073420694,0,2.203046969,1.507350973,2.193931422,0.019284157,0.194407391,-0.276836218,1.471551056,0.245654193,4,0,0.144049275,3.26423309,0,0,0,0,-1532828315,-1.33807E+11,-13074337195,-0.72409758
H-5,385.8519,3.7754,29.53446242,0.721524063,71.9459,8.6277,19.68040966,0.307378213,0.9849,0.2928,0.872989845,0.100844785,1,0.5773,0.989691436,0.042830019,27.3748,3.1179,7.34124555,0.319470595,20.179,1.8842,4.939770222,0.324814683,158.404615,18.72673722,43.19572836,0.307717513,1880.0371,21.0621,144.4855702,0.716862758,3.298822752,0.444617219,1.393544032,0.286080639,1.073420694,1.073420694,1.073420694,0,2.20306978,1.700306089,2.194958766,0.01698891,0.189796294,-0.192783203,1.401486372,0.230202392,4,0,0.12868398,3.332780409,0,0,0,0,-3084220486,-2.95616E+11,-23554602964,-0.72190857
I-13,176.8788,4.5324,20.74112163,0.577723536,95.1242,8.4883,17.25434462,0.27994951,0.9808,0.1989,0.834005426,0.125930788,1,0.5178,0.988335344,0.046236166,35.4068,2.9544,6.680558382,0.31307982,11.594,1.9266,3.973086555,0.259138056,178.5342615,18.69808196,37.82942489,0.274138117,1587.4572,24.529,102.0372128,0.610459227,3.637808325,0.398603666,1.593992167,0.34794868,1.073420694,1.073420694,1.073420694,0,2.202843498,1.450028155,2.194219508,0.019759926,0.216866395,-0.178230357,1.63394737,0.267568942,4,0,0.161579457,2.939843988,0,0,0,0,-402901068.3,-17914004614,-2159560381,-0.593377762
H-11,322.6556,4.6575,29.698397,0.940438748,71.5365,8.7254,20.19802231,0.407685085,0.981,0.2042,0.806149521,0.147251278,1,0.5071,0.980093139,0.058097105,29.3154,2.9577,7.89723893,0.423201492,17.7421,2.014,4.462295951,0.412909064,155.7764172,19.21705653,44.10847439,0.401951756,1570.20125,25.8665,147.5696895,0.940757343,3.924711761,0.382618449,1.704668635,0.349406648,1.073420694,1.073420694,1.073420694,0,2.202927652,1.465637171,2.187853552,0.024869078,0.208278845,-0.331472426,2.052259135,0.319942384,4,0,0.251225229,2.382409827,0,0,0,0,-1374214199,-1.0498E+11,-8778144771,-0.959873049
E-4,240.109,3.3972,18.88226434,0.775621863,60.276,7.4773,16.18720404,0.313458916,0.9815,0.2068,0.841210067,0.119807397,1,0.568,0.988605577,0.046305033,24.786,2.5875,6.205837644,0.348534295,16.1094,1.8968,3.821793809,0.293860639,132.7648107,16.46758161,35.49261904,0.311644651,1164.9082,18.34445,92.68462888,0.774884048,3.999659958,0.388305256,1.512864749,0.347024084,1.073420694,1.073420694,1.073420694,0,2.203340311,1.588036741,2.193925074,0.01929264,0.229635929,-0.225300158,1.765954365,0.28551367,4,0,0.163596828,2.934630959,0,0,0,0,-4932242192,-3.48162E+11,-26582623571,-0.779021705
D-12,195.0538,2.9934,21.75306743,0.565605047,67.7307,7.7617,17.38717162,0.268597118,0.9773,0.2511,0.851595519,0.119465257,1,0.5493,0.985774323,0.052139816,24.1594,2.8532,6.57253666,0.297735167,13.0749,1.835,4.220660465,0.263644856,125.6959433,16.34428386,38.08800002,0.267981022,948.6457,16.5335,106.8799306,0.561898163,3.688992394,0.384284858,1.450850632,0.317343516,1.073420694,1.073420694,1.073420694,0,2.202998445,1.669141707,2.19132145,0.021472271,0.214058082,-0.219053357,1.790047514,0.280184126,4,0,0.183923343,2.869770238,0,0,0,0,-1060240402,-81019650755,-8117343800,-0.578564556
G-8,349.6043,5.5817,25.4410507,0.709557925,76.0665,9.1664,19.41607339,0.28389904,0.9714,0.2544,0.798799558,0.144096461,1,0.5785,0.98493957,0.048090064,32.5303,3.4663,7.720161188,0.305641057,13.6667,1.9915,4.160963148,0.304663053,167.542626,20.19120122,42.55537122,0.281006142,1696.09685,27.08195,125.4127144,0.712043822,3.758525115,0.426891494,1.832760375,0.334421154,1.36923381,0.977098155,1.073127394,0.01606888,2.203028105,1.654593362,2.193197976,0.019360726,0.20646644,-0.257575482,1.922547205,0.303906555,5,0,0.214285714,2.65141644,0,0,0,0,-3727937506,-2.43039E+11,-16967395934,-0.728755087
H-4,228.5538,4.3554,24.08572906,0.810016029,70.205,8.7215,18.32343043,0.347576273,0.98,0.1941,0.82786398,0.132680702,1,0.513,0.984855,0.052903717,26.7988,3.0315,7.090750652,0.375954397,16.2078,2.1414,4.196833896,0.326278094,138.956876,19.20855712,40.09341647,0.342457331,1145.9798,25.36995,118.9109634,0.814598234,3.938921603,0.31456198,1.597441037,0.342118179,1.073420694,1.073420694,1.073420694,0,2.203269071,1.501192687,2.19088052,0.023405474,0.213030843,-0.291197734,1.88640293,0.297230533,4,0,0.190635452,2.7495268,0,0,0,0,-4097321662,-2.12657E+11,-21503473407,-0.799652203
I-5,255.489,3.9427,25.67495039,0.945224652,71.9931,7.8539,17.7778196,0.419764608,0.9851,0.2505,0.870042033,0.100648767,1,0.5506,0.990942697,0.039820469,23.785,2.8196,6.640316381,0.441979323,17.5257,1.924,4.449983679,0.411784612,141.0043284,17.29865377,39.03186704,0.419279192,1502.46285,19.7127,125.5919512,0.944557762,3.748550969,0.439872797,1.367346225,0.321426838,1.073420694,1.073420694,1.073420694,0,2.203103055,1.660080482,2.19607598,0.015692433,0.213878152,-0.148901558,1.393207953,0.232243722,4,0,0.121559633,3.466270986,0,0,0,0,-2411918071,-1.64083E+11,-16492900443,-0.94529638
E-1,100.2945,2.1788,14.75685234,0.336699368,55.082,6.9981,14.24314963,0.153177248,0.9806,0.2982,0.892253076,0.087464843,1,0.5619,0.988344304,0.046777729,19.5983,2.5611,5.089225424,0.172288923,10.2462,1.6445,3.865575025,0.153332112,100.1873406,14.64716074,31.24916917,0.153275706,533.59605,13.0106,72.26151366,0.329505514,2.982899978,0.499888101,1.166118906,0.207365311,1.073420694,1.073420694,1.073420694,0,2.203661946,1.555230811,2.194038875,0.016643922,0.232940248,-0.118386784,1.480224916,0.244573973,4,0,0.135005819,3.337999353,0,0,0,0,-4027224816,-1.82388E+11,-26587552543,-0.334454498
D-5,456.113,4.7943,37.56369502,0.59342671,83.5371,8.6196,22.2949345,0.276301073,0.9829,0.1968,0.878264815,0.094915105,1,0.5505,0.993645096,0.031478963,31.1966,3.0134,8.367155255,0.282861804,19.1385,1.7211,5.536616328,0.311293518,181.1316392,18.98743401,49.01566763,0.276077013,2272.2887,24.49955,183.2270276,0.592176124,3.708259794,0.435025818,1.455209877,0.299608244,1.321928095,0.953445298,1.071475366,0.015431926,2.203034726,1.61040534,2.198732058,0.012662338,0.164802688,-0.171868672,0.986465308,0.179110716,3,0,0.080836135,4.113512055,0,0,0,0,-6611677921,-6.35287E+11,-53286814187,-0.592354164
I-9,343.7521,5.0821,44.39372426,0.74601335,73.8852,8.9726,24.41409649,0.351490773,0.9855,0.1743,0.844059965,0.132060898,1,0.5147,0.982581163,0.056711646,27.5409,3.2071,9.311615674,0.363248791,18.1437,2.4032,5.760475229,0.370764162,157.2231904,19.76506921,53.39453051,0.347540325,1727.71735,28.12925,219.4451233,0.745435403,3.986259302,0.401928115,1.552893512,0.326937411,1.073420694,1.073420694,1.073420694,0,2.202921434,1.531177482,2.189787578,0.023860747,0.165779573,-0.298047175,1.651637858,0.250315259,3,0,0.184071833,2.753119989,0,0,0,0,-1764187966,-1.26244E+11,-16499106569,-0.755323682
C-5,113.325,4.8095,27.51106036,0.523252461,43.8182,8.8901,19.26614264,0.25383276,0.9846,0.2268,0.874702119,0.097634336,1,0.5485,0.990969349,0.041912832,19.1348,3.0748,7.214993387,0.270783504,11.0353,2.0433,4.804469492,0.26913138,96.39669238,19.58322618,42.30130678,0.254159664,549.7607,26.7687,134.4494372,0.518116731,3.404097701,0.360277884,1.40563421,0.285845675,1.073420694,1.073420694,1.073420694,0,2.203386646,1.568763328,2.195841358,0.016679614,0.188356453,-0.135180636,1.304296056,0.214631137,4,0,0.116803442,3.581907866,0,0,0,0,-7566050179,-1.78877E+11,-43463362070,-0.522523962
E-10,221.3916,3.5769,22.45338745,0.620257262,55.1384,8.2106,17.52666359,0.276438338,0.986,0.2291,0.858584452,0.116960776,1,0.5598,0.983730658,0.055453637,21.0336,2.8017,6.550191104,0.300626914,16.2342,2.0011,4.352660574,0.274483196,121.3815347,18.04954788,38.37151104,0.275977321,1074.0654,20.7274,110.5134994,0.613867691,3.574972558,0.387712633,1.3882695,0.297570484,1.073420694,1.073420694,1.073420694,0,2.203146673,1.644137069,2.190063264,0.021732787,0.211254023,-0.242801763,1.82121088,0.283586789,4,0,0.189417989,2.797025147,1,0,7.56E-05,115.0217371,-2324905401,-1.18831E+11,-13383244207,-0.598875269
A-2,196.5026,5.0283,46.47366434,0.549023863,59.0888,8.601,25.07540481,0.275211333,0.9837,0.1505,0.867178923,0.110398868,1,0.4902,0.98915189,0.045070615,24.8326,3.0661,9.506642784,0.296372889,15.4554,2.3058,6.054362104,0.289121284,129.1979119,18.95170428,55.03139007,0.275472725,996.6123,25.03285,227.455722,0.544062439,3.735679603,0.425884858,1.501315991,0.304357454,1.378511623,0.953445298,1.071727777,0.016430244,2.203430331,1.485216494,2.194834436,0.01860679,0.150395324,-0.188309405,1.159622814,0.188200341,4,0,0.107865598,3.813347028,0,0,0,0,-12378750755,-4.85396E+11,-1.15092E+11,-0.547614342
A-5,263.096,3.7894,35.49311338,0.696418744,74.37,7.8916,21.47193053,0.332293897,0.9846,0.2399,0.868887274,0.106561569,1,0.5483,0.989523605,0.042547389,26.0432,2.8207,8.065840989,0.34590143,15.9894,1.8957,5.304925071,0.351497842,145.7195984,17.37614897,47.1423357,0.332703997,1480.74585,20.05645,173.6286275,0.693946768,3.867793254,0.490311928,1.445109774,0.305940977,1.073420694,1.073420694,1.073420694,0,2.203782451,1.616034315,2.195443874,0.016715691,0.17903954,-0.173693668,1.305852272,0.214904827,3,0,0.120874643,3.498359058,0,0,0,0,-6950401322,-5.06847E+11,-66835792517,-0.697122414
L-8,651.86,5.212,29.83215909,0.574373937,91.1366,8.8127,20.1838007,0.23783954,0.9862,0.1693,0.878264988,0.112478934,1,0.5382,0.98521564,0.052746007,30.3489,3.08,7.418887209,0.253832584,27.6041,2.1645,5.177509962,0.250080658,200.7381293,19.40926354,44.20076909,0.234180218,3162.47375,26.2097,146.9698008,0.573864937,3.442408477,0.323334787,1.339259674,0.295550821,1.073420694,1.073420694,1.073420694,0,2.20289149,1.58913532,2.191666926,0.020212712,0.179414691,-0.222385618,1.506052383,0.234016201,4,0,0.151284109,3.122328033,0,0,0,0,-424107601.9,-42862426719,-3331328520,-0.641740022
K-5,151.4624,3.6475,27.66483506,0.616371752,48.1891,7.9284,19.16818809,0.300203587,0.9858,0.2292,0.865214588,0.110156102,1,0.5425,0.991508993,0.040264908,21.2293,2.8108,7.237768674,0.314896086,11.4807,2.0035,4.688514647,0.326818218,105.9191627,17.46006811,42.09278111,0.300443402,744.24835,20.61505,135.0905292,0.612707465,3.718025735,0.292335712,1.46322123,0.326679174,1.073420694,1.073420694,1.073420694,0,2.203086762,1.575131846,2.195997439,0.016702187,0.19414631,-0.159227832,1.354593316,0.223535078,4,0,0.118080304,3.620851505,0,0,0,0,-1005434501,-50151012881,-8584690843,-0.636596472
C-7,337.255,3.9626,24.28018726,0.589986235,75.6853,8.4914,18.06673855,0.274633633,0.9836,0.2662,0.869767149,0.104226219,1,0.5798,0.98791948,0.049300866,31.4682,2.9354,6.74867639,0.296464109,14.4577,2.1469,4.517416549,0.275548725,165.730787,18.58362928,39.62577648,0.275115471,1683.5929,22.95965,118.9060585,0.584775692,3.529985409,0.421174648,1.380300959,0.282691896,1.073420694,1.073420694,1.073420694,0,2.20327907,1.647973476,2.193288465,0.018959918,0.201927076,-0.168225332,1.505672599,0.242124449,4,0,0.144768386,3.239029806,0,0,0,0,-4695820816,-4.35902E+11,-30097600077,-0.593615938
G-5,168.386,3.2142,21.17947197,0.751217644,52.8962,7.4046,16.61942619,0.345607068,0.9803,0.2931,0.857689057,0.112610131,1,0.5819,0.989979961,0.043472864,22.901,2.6309,6.247710391,0.357757695,13.1947,1.8124,4.105316951,0.36946845,116.0975785,16.30908324,36.46936733,0.345374439,816.9241,17.6959,103.6867988,0.749195634,4.020200057,0.38139817,1.428632091,0.328435783,1.073420694,1.073420694,1.073420694,0,2.203279243,1.711104242,2.194858624,0.017597607,0.226536863,-0.141344642,1.581453196,0.25855177,4,0,0.146775083,3.202233387,0,0,0,0,-3240005071,-1.695E+11,-20140428597,-0.759216679
G-6,193.7283,3.9397,21.67529284,0.613039257,58.4045,8.059,17.13099164,0.283791524,0.9795,0.2301,0.861697755,0.108403662,1,0.5321,0.990107203,0.043388397,25.4023,2.8969,6.451631946,0.303182571,13.79,2.0181,4.216812149,0.292641812,128.6295543,17.75265619,37.5862222,0.282681405,945.1218,21.3604,106.0798876,0.610534031,3.704320346,0.385899812,1.426624759,0.317509823,1.073420694,1.073420694,1.073420694,0,2.203183918,1.534549302,2.194724961,0.01863674,0.213524605,-0.177464422,1.526228414,0.250978712,4,0,0.142305893,3.264845216,0,0,0,0,-3607950686,-1.77824E+11,-18698686657,-0.611808691
L-4,2388.3501,5.1923,33.61174566,1.081525151,218.9536,8.8141,21.07382789,0.298955366,0.9851,0.3235,0.87259305,0.107472867,1,0.5935,0.990516805,0.040418824,87.8928,3.1431,7.89082545,0.313075558,43.4374,1.9148,5.235656017,0.321171731,471.8076736,19.413118,46.28580661,0.298873669,12917.88775,25.97985,164.4315533,1.164540769,3.514660991,0.46338651,1.450709591,0.306365805,1.073420694,1.073420694,1.073420694,0,2.203137361,1.716354611,2.196059537,0.016015006,0.176374419,-0.181119579,1.28539923,0.211010404,4,0,0.114626556,3.618680716,0,0,0,0,-771923509.2,-6.02338E+11,-6875164196,-1.301971456
I-7,247.047,3.4351,20.59124058,0.978085986,57.6906,8.2917,16.05357821,0.384075069,0.9857,0.2423,0.874442798,0.101007996,1,0.5211,0.98851684,0.046777672,20.8362,2.9111,5.913179384,0.409384183,16.61,1.8897,4.125362521,0.371670748,126.4289018,17.84664948,35.22009928,0.384859988,1198.5503,19.90485,100.7997681,0.971766196,3.770324846,0.345428033,1.296040863,0.291788198,1.073420694,1.073420694,1.073420694,0,2.203027659,1.542505173,2.193930412,0.017724254,0.22683613,-0.160915441,1.523508636,0.250856416,4,0,0.139735255,3.270805134,0,0,0,0,-1683492316,-1.23325E+11,-10214553213,-0.996697799
K-6,156.219,3.5603,24.17817289,0.669286418,50.5324,7.8625,17.87034685,0.312995728,0.9859,0.2147,0.862306584,0.115682362,1,0.5422,0.988981931,0.046712225,20.9791,2.7032,6.70892363,0.325001116,11.5914,1.6769,4.417756274,0.338200205,111.2061782,17.31837092,39.20313122,0.312800159,767.64255,20.2899,118.2910976,0.665385373,3.815197237,0.367553401,1.432147062,0.322165017,1.073420694,1.073420694,1.073420694,0,2.203025365,1.616971247,2.193919891,0.019400936,0.209401747,-0.152013948,1.534340098,0.246968619,4,0,0.143292983,3.276353141,0,0,0,0,-860686985.4,-40751941825,-7162248852,-0.71546745
G-7,170.1121,4.5562,27.65844593,0.560489065,60.7761,8.6568,19.26081804,0.268666072,0.9847,0.2046,0.87510553,0.10091239,1,0.5508,0.990877695,0.041419126,22.2392,3.0601,7.203917215,0.285979379,13.8092,1.7922,4.811931196,0.28196722,117.0604397,19.06643934,42.28622917,0.267871061,831.70175,24.9477,135.2296628,0.558652828,3.932506848,0.395064616,1.40532119,0.298055012,1.073420694,1.073420694,1.073420694,0,2.20314829,1.594358799,2.195822544,0.016554603,0.188536528,-0.176900262,1.265480699,0.213969425,4,0,0.112798516,3.634028034,0,0,0,0,-3167624834,-1.25424E+11,-20534824291,-0.557612868
H-3,2563.7136,2.8783,17.10577575,1.88291955,270.8114,7.2856,14.91980112,0.345924523,0.9837,0.2958,0.87342216,0.096228086,1,0.5793,0.98993401,0.044602216,95.3499,2.6471,5.506242145,0.364635801,56.8403,1.6714,3.828847639,0.331187877,518.6732824,16.04763049,32.74445217,0.338487876,17914.2084,16.3843,84.10196722,2.320784959,4.13633313,0.336481238,1.299114805,0.284163768,1.073420694,1.073420694,1.073420694,0,2.203794741,1.42530041,2.195058472,0.016997399,0.236375617,-0.164841503,1.552694187,0.257720601,4,0,0.132037437,3.391921328,0,0,0,0,-2861628244,-2.70328E+12,-16842828124,-1.998565035
I-3,248.5163,2.4968,17.69820723,0.72925573,83.92,6.6548,15.88909889,0.308448822,0.9799,0.1502,0.819123469,0.14991724,1,0.5137,0.982872415,0.059188032,25.9901,2.5299,6.128631473,0.333190368,18.7219,1.5152,3.659553529,0.317611346,155.72294,14.66155551,34.73502742,0.304663802,1639.2908,13.43945,87.31314052,0.73940821,5.416974726,0.360094468,1.60244245,0.365042937,1.073420694,1.073420694,1.073420694,0,2.203575193,1.555111312,2.188130218,0.026642844,0.242761693,-0.412874929,2.256717913,0.354882648,4,0,0.233051382,2.540263723,0,0,0,0,-1977133890,-2.17056E+11,-14177335467,-0.748754739
L-2,167.7134,3.4662,29.32754636,0.540907732,51.6792,8.4605,20.20826888,0.265541904,0.9822,0.2109,0.845198719,0.121406357,1,0.5762,0.989285797,0.041492017,18.0195,3.0025,7.758047547,0.283043636,12.6558,1.9904,4.747662906,0.29885707,105.274878,17.88431851,44.35666811,0.265585569,813.66115,20.70685,143.5838767,0.537487594,4.525126422,0.449106088,1.587621577,0.327002751,1.073420694,1.073420694,1.073420694,0,2.203347291,1.666559708,2.195187272,0.017467885,0.186957824,-0.292958211,1.454859407,0.245029101,5,0,0.1471875,3.174866867,0,0,0,0,-849797424.8,-39123357983,-7546802993,-0.565609178
H-2,289.6417,4.142,22.39660817,0.556962976,63.5555,8.5882,17.42166135,0.262328844,0.9839,0.1983,0.871163677,0.09951588,1,0.5484,0.991697702,0.040069482,24.455,2.9272,6.527281969,0.282908518,15.6307,2.1784,4.340766461,0.268919591,139.986528,18.91914417,38.24655439,0.260780019,1405.14905,25.09365,109.477683,0.556488056,3.688494071,0.351454335,1.397183683,0.304234724,1.073420694,1.073420694,1.073420694,0,2.203673264,1.499839704,2.195966011,0.016782399,0.206295938,-0.122771461,1.356804163,0.22604569,4,0,0.122757848,3.458038973,0,0,0,0,-4382907836,-2.9048E+11,-24281611008,-0.556056583
I-2,166.7706,3.7861,19.942826,0.570158522,51.5884,8.3893,17.34640769,0.254662069,0.976,0.1845,0.793723449,0.1711215,1,0.5283,0.977443381,0.061165103,22.0918,2.9485,6.798652795,0.283023355,11.9178,1.5116,3.799133352,0.296786908,113.6273676,18.44962591,37.90558925,0.253707892,809.0845,21.20305,98.72647766,0.563617209,3.992645709,0.340585359,1.773403221,0.3808472,1.073420694,1.073420694,1.073420694,0,2.203490328,1.561106829,2.186202293,0.02512057,0.228384137,-0.577167214,2.743986702,0.407164616,4,0,0.296680207,2.270057463,0,0,0,0,-3063057178,-1.43348E+11,-17305329433,-0.570237495
E-7,385.8654,4.2812,34.80580911,0.672763209,75.0351,8.6599,21.768553,0.309101609,0.9839,0.2071,0.843350421,0.121739458,1,0.5475,0.988090237,0.044789859,27.1836,2.9923,8.378838734,0.323815891,17.7607,1.8335,5.071914183,0.338024937,159.7806359,19.07189755,47.76135038,0.308967468,1874.9742,25.0679,170.4972218,0.668778919,3.884768324,0.387658909,1.605735242,0.322226729,1.073420694,1.073420694,1.073420694,0,2.20316762,1.577364331,2.194177457,0.01875326,0.179283167,-0.234555332,1.463913202,0.237110382,4,0,0.147718238,3.225809402,0,0,0,0,-4529950728,-3.98249E+11,-34385853241,-0.678201932
I-4,158.2451,4.4434,19.0902412,0.472592999,50.0549,8.7619,16.51228172,0.224355381,0.9737,0.2442,0.846993438,0.11558397,1,0.5758,0.990605158,0.038739095,19.9427,2.9825,6.319647362,0.258133138,10.899,1.9368,3.940276042,0.234406288,109.5610865,19.30138117,36.25350402,0.223882553,792.73955,24.1123,93.43433719,0.470901175,5.134355146,0.362565049,1.523878167,0.343801686,1.073420694,1.073420694,1.073420694,0,2.203233831,1.709234684,2.195964824,0.015497049,0.219611902,-0.180798706,1.523643366,0.259206683,4,0,0.14752744,3.085644262,0,0,0,0,-2927910342,-1.05023E+11,-13830056475,-0.476825461