"","cell_ID","TMA.core","Centroid.X.µm","Centroid.Y.µm","Area.µm.2","Length.µm","Circularity","Solidity","Max.diameter.µm","Min.diameter.µm","orientation"
"515644",1,"J-9",14633.7,15030.9,88.4205,37.6836,0.7825,0.9937,15.4595,7.3937,66.6746455249459
"515645",2,"J-9",14652,15020.7,49.7589,26.1275,0.916,1,9.7546,6.4358,144.724330024242
"515646",3,"J-9",14634.8,14988.9,31.627,21.1437,0.889,1,8.0802,5.1839,94.0912401810418
"515647",4,"J-9",14652.8,14985.5,15.7245,15.8762,0.784,1,6.7037,3.1709,30.1753571509322
"515648",5,"J-9",14661.2,15011.3,40.9221,28.0189,0.655,0.9329,11.8965,4.6998,134.383537811296
"515649",6,"J-9",14662.4,14963.5,107.0391,38.3914,0.9126,1,14.0156,9.885,193.229898433212
"515650",7,"J-9",14617.1,15004.2,33.3167,25.4808,0.6448,0.9693,11.2229,3.9258,59.1628818613045
"515651",8,"J-9",14628,15001.2,23.1463,19.8412,0.7389,0.9553,8.2376,3.9845,48.7445018549694
"515652",9,"J-9",14650.6,14992.1,16.731,17.4888,0.6874,1,7.7343,2.8458,24.5651834049037
"515653",10,"J-9",14662.5,14981.7,21.6487,19.4569,0.7186,0.953,8.1703,3.7295,25.23381713494
"515654",11,"J-9",14655.5,14993.7,18.5067,21.8968,0.485,0.7717,7.9459,4.4419,44.5761108004605
"515655",12,"J-9",14642.2,15020,40.206,27.5094,0.6676,0.9716,11.9579,4.4364,166.41356365419
"515656",13,"J-9",14619.6,14985.1,33.0503,23.477,0.7535,0.9986,9.9692,4.4796,116.05243104285
"515657",14,"J-9",14625.9,15017.6,47.079,28.9461,0.7061,0.9777,12.325,5.0271,39.2662999518825
"515658",15,"J-9",14655.1,15015.1,16.3984,24.012,0.3574,0.648,8.6161,4.1049,138.622064505465
"515659",16,"J-9",14626.1,14977.6,27.8309,23.7404,0.6205,0.9736,10.5379,3.4341,131.453968235011
"515660",17,"J-9",14648.3,14958.4,55.2641,27.8496,0.8954,1,10.3614,6.9201,135.755805274478
"515661",18,"J-9",14667.4,14982.7,37.4941,29.2365,0.5512,0.8425,11.6436,4.9453,93.8244078395036
"515662",19,"J-9",14631.2,14972.7,30.6859,32.4342,0.3666,0.7134,12.5571,4.9826,115.512230762065
"515663",20,"J-9",14644.7,14964.9,17.7561,15.8225,0.8913,1,5.7816,3.9958,175.934264207511
"515664",21,"J-9",15422,14626,42.4676,24.3218,0.9021,1,9.2677,5.7579,99.6170194119829
"515665",22,"J-9",15415.2,14616.8,50.2474,26.4267,0.9041,1,10.0549,6.6205,103.79355605364
"515666",23,"J-9",15421.9,14565.8,103.3327,43.3796,0.69,0.9941,18.8792,6.7245,106.634940305176
"515667",24,"J-9",15409.2,14586.3,30.0103,23.7326,0.6696,0.9674,10.3768,3.814,90.9846249567715
"515668",25,"J-9",15425.6,14557.7,118.6685,63.6905,0.3676,0.7039,23.989,9.3647,75.8308685605777
"515669",26,"J-9",15436.1,14600.6,106.1571,42.1871,0.7495,0.9768,17.4102,7.6043,96.761210454427
"515670",27,"J-9",15414.9,14582.7,111.502,43.5514,0.7387,0.978,18.1871,7.433,85.1775949778565
"515671",28,"J-9",15417.1,14561.9,13.0044,14.956,0.7306,0.99,6.4517,2.7946,100.725411581061
"515672",29,"J-9",15433.6,14627.2,77.5204,33.6744,0.8591,1,13.219,7.3906,114.940317539455
"515673",30,"J-9",15430.6,14579.6,168.9433,58.255,0.6256,0.9253,24.8113,9.9224,81.244582696833
"515674",31,"J-9",14928.4,15303.5,51.8959,26.0349,0.9621,1,9.0091,7.4006,89.3339602657435
"515675",32,"J-9",14939.2,15358,49.8129,26.9441,0.8622,0.991,9.9767,6.864,53.1475407800868
"515676",33,"J-9",14799.9,14871.8,49.203,25.2645,0.9687,1,8.4026,7.4028,358.148686451088
"515677",34,"J-9",14797.3,15006.4,38.867,23.63,0.8747,1,9.3368,5.2679,101.409737625122
"515678",35,"J-9",15015.5,14620.3,32.9962,21.3198,0.9122,1,7.9951,5.2865,92.8067220018853
"515679",36,"J-9",14461.8,15051.5,45.6836,24.7729,0.9354,1,8.8363,6.7017,75.4515852363887
"515680",37,"J-9",14788,15361.7,41.2607,23.6925,0.9237,1,8.8677,6.1212,149.532750813766
"515681",38,"J-9",14971.9,14915.8,56.081,28.3434,0.8772,1,10.9726,6.3076,98.2798936946451
"515682",39,"J-9",14906.9,15276.7,37.2114,22.2376,0.9456,1,7.9258,6.3537,86.4921578230103
"515683",40,"J-9",14935.7,14945.3,59.6486,29.1587,0.8816,0.9953,11.2637,6.6887,96.3948754380407
"515684",41,"J-9",14793.1,15026.9,35.5494,21.6693,0.9514,1,7.3736,6.5143,103.291828061425
"515685",42,"J-9",14930.1,14868.3,70.7751,30.8195,0.9364,1,11.3741,7.9002,99.7279492745391
"515686",43,"J-9",14978.6,15372.4,46.4165,25.462,0.8997,1,9.5997,6.2143,56.1711136815939
"515687",44,"J-9",14909.9,15241.3,36.8307,22.6595,0.9014,1,8.5557,5.6728,80.8882609361503
"515688",45,"J-9",14698.6,15205.6,45.2321,26.5506,0.8063,0.9725,10.2006,5.9146,72.9976758063177
"515689",46,"J-9",14939.8,15329.4,39.7134,23.1563,0.9307,1,8.4776,6.1638,56.6524161674549
"515690",47,"J-9",14890.4,14892.6,46.2817,26.2554,0.8437,1,10.6261,5.6234,113.148512563934
"515691",48,"J-9",14814.5,14837.5,37.0311,22.2816,0.9373,1,8.0268,5.8426,105.791659564357
"515692",49,"J-9",14774,14899.2,35.4451,21.7403,0.9424,1,7.8996,5.8909,58.2981930293848
"515693",50,"J-9",14875.7,15120.2,51.0252,26.251,0.9305,1,9.8437,6.7079,64.3659621667423
"515694",51,"J-9",14700.3,15191.7,192.2445,61.1959,0.6451,0.9373,24.2583,10.5874,100.426546287196
"515695",52,"J-9",14984.4,14879.2,53.682,27.1675,0.914,1,10.2373,6.7749,93.1949061107325
"515696",53,"J-9",14781.9,14923.1,26.889,19.621,0.8777,1,7.6702,4.4314,103.118278756429
"515697",54,"J-9",14843.2,14675.7,45.9448,25.7281,0.8722,1,9.9514,5.804,81.3288284918605
"515698",55,"J-9",14798.3,14943.4,48.7525,26.9895,0.841,0.9989,10.6933,5.9675,109.378327408999
"515699",56,"J-9",14989.6,14814.5,40.8505,24.9299,0.826,1,10.2413,5.3632,120.207118532499
"515700",57,"J-9",14781.4,14878.5,48.537,26.1499,0.892,0.9972,9.9689,6.1497,93.0058663931259
"515701",58,"J-9",14780.1,14748.5,49.4639,26.1269,0.9106,1,9.7556,6.9451,113.189020264926
"515702",59,"J-9",14989.7,14950.1,42.496,24.7565,0.8713,1,9.6877,5.8185,110.677494798976
"515703",60,"J-9",14725.5,15328,35.6967,22.2724,0.9043,1,8.288,5.5566,150.770575954594
"515704",61,"J-9",14765.3,14741.1,48.6948,27.6931,0.7979,0.9837,11.0515,5.8745,66.9088732837964
"515705",62,"J-9",14861.2,15097,64.1872,29.0336,0.9569,1,9.8935,8.6004,77.083284052727
"515706",63,"J-9",14788,14927.5,51.1653,28.5892,0.7867,1,11.9204,5.4456,102.054324299286
"515707",64,"J-9",14906.7,14971.1,49.6354,26.194,0.9091,1,9.7849,6.4281,113.927756842069
"515708",65,"J-9",14507.9,15166.6,107.7335,45.9932,0.64,0.9727,20.136,6.8087,244.818058568173
"515709",66,"J-9",14842.4,15139.1,45.7019,25.1009,0.9115,1,9.1268,6.247,98.6747929721016
"515710",67,"J-9",15030.5,14764.9,48.6561,26.5259,0.869,1,10.2677,6.2867,123.111405734259
"515711",68,"J-9",14876.7,14901.7,46.8379,25.3826,0.9136,1,9.3637,6.3046,111.8456150962
"515712",69,"J-9",15043.6,14599.8,126.6922,47.1376,0.7165,0.9954,20.0906,7.8435,162.556069748096
"515713",70,"J-9",14930.8,14982.5,38.0804,23.1306,0.8944,1,8.8604,5.5381,81.7213143869279
"515714",71,"J-9",14818.8,15121.2,34.4318,21.7677,0.9132,1,8.1839,5.6522,95.1122190736417
"515715",72,"J-9",14845.8,15100.3,55.7069,27.0025,0.9601,1,9.173,7.762,97.9621805662545
"515716",73,"J-9",14890.5,14931.7,53.8686,26.9825,0.9298,1,9.9453,6.8103,103.435923216206
"515717",74,"J-9",14869.7,15107.5,47.3104,25.2728,0.9308,1,8.8885,7.2456,70.0984963619283
"515718",75,"J-9",14883,14980.4,42.5859,25.0587,0.8522,1,10.1883,5.635,117.388630405345
"515719",76,"J-9",14855.7,14835.3,30.0222,20.2625,0.9189,1,7.5784,5.2304,142.768016835278
"515720",77,"J-9",14985,15321.2,41.737,23.1518,0.9785,1,7.643,7.0503,39.2233446932498
"515721",78,"J-9",14903.1,14884.8,60.444,29.3284,0.8831,1,11.5653,6.8364,111.264129509709
"515722",79,"J-9",15018.9,14835.4,44.808,25.1058,0.8933,1,9.7161,6.1901,123.034811037123
"515723",80,"J-9",14782.5,15163.2,36.9657,22.3376,0.931,1,8.2898,6.0072,80.5900981404268
"515724",81,"J-9",14804.7,14895.8,48.188,26.9773,0.8321,1,10.5283,5.7898,107.108763541096
"515725",82,"J-9",14969.1,15032.3,28.5936,20.6013,0.8466,1,7.9587,4.5811,98.2329827146658
"515726",83,"J-9",14859.8,14772.5,46.7202,25.0341,0.9368,1,9.0938,6.4949,97.7928040334192
"515727",84,"J-9",14956.7,15309.1,68.5334,29.861,0.9658,1,10.3909,8.4886,19.4700016086685
"515728",85,"J-9",14759.3,14942.4,26.2811,19.6004,0.8597,1,7.8943,4.5814,103.480185973638
"515729",86,"J-9",14862.6,14956.6,71.8374,33.8466,0.788,0.9742,13.6236,6.901,92.3928084807248
"515730",87,"J-9",14901.5,15168.8,42.4942,24.8902,0.862,1,9.7517,5.558,52.2568565814473
"515731",88,"J-9",14866.9,14992.5,44.8727,25.259,0.8838,0.9962,9.4931,6.371,113.842830511162
"515732",89,"J-9",14959.6,14887.9,30.8958,21.9906,0.8028,1,8.9014,4.4542,92.2515185469272
"515733",90,"J-9",14628.9,15326.8,22.7802,17.9714,0.8863,1,6.8391,4.4786,26.1733766698667
"515734",91,"J-9",14883.2,15065.9,27.2516,20.9515,0.7801,0.9832,8.4527,4.4145,116.004359963082
"515735",92,"J-9",14894.2,14913.3,22.2663,17.1771,0.9483,1,5.7981,5.0313,83.6423350132783
"515736",93,"J-9",14788.8,14983.5,33.4522,22.8034,0.8084,1,9.1169,4.7462,96.863101723855
"515737",94,"J-9",14943.8,14852.1,38.9631,25.0019,0.7833,1,10.5212,4.9543,112.998157215869
"515738",95,"J-9",14760.1,15035.6,26.8197,20.0814,0.8357,1,7.8815,4.612,267.406156846308
"515739",96,"J-9",14847.4,15160.1,31.3902,21.0215,0.8926,1,8.0352,4.9793,96.714227349367
"515740",97,"J-9",15025.2,14680,42.1489,25.1081,0.8402,1,10.1787,5.5449,86.6447154528573
"515741",98,"J-9",14913.2,14877.4,45.5318,25.2007,0.9009,1,9.5527,6.1401,90.7285965911888
"515742",99,"J-9",14883.5,14832.6,45.0272,25.7585,0.8528,0.9989,10.1348,5.5917,109.604903924128
"515743",100,"J-9",14847.1,15321,123.9322,40.5244,0.9483,1,14.4459,11.0138,109.01126320415
"515744",101,"J-9",14924.7,14854.6,53.1384,29.8967,0.7471,0.9509,12.275,6.1261,124.850753678745
"515745",102,"J-9",14909.7,15002.3,54.5049,27.2905,0.9196,0.9996,10.1475,7.1299,84.943477907293
"515746",103,"J-9",14857.1,15234.1,44.6278,24.2556,0.9532,1,8.3976,6.9765,130.94334741571
"515747",104,"J-9",14878.2,15236.6,33.7237,22.4576,0.8403,1,8.7261,4.7771,96.7690352524467
"515748",105,"J-9",14755.4,14895.9,146.9122,48.2974,0.7914,0.993,19.7366,9.4628,94.799908911577
"515749",106,"J-9",14874.7,15264.3,65.0561,29.6969,0.927,1,11.123,7.5435,78.7552764902717
"515750",107,"J-9",14834.3,15094.5,40.7862,24.6227,0.8454,1,9.8209,5.3009,86.0457073817689
"515751",108,"J-9",14791.3,14821.8,19.2768,16.5854,0.8806,1,6.3184,4.1322,124.925412312042
"515752",109,"J-9",14971.6,15333.7,41.3608,25.3236,0.8105,0.9615,9.9659,5.5439,41.7922661633997
"515753",110,"J-9",14847.6,15301.1,55.3656,28.2269,0.8732,1,11.082,6.279,79.5128795610561
"515754",111,"J-9",14799.1,14964.6,35.1854,22.8035,0.8503,1,9.1144,4.9587,109.300633832442
"515755",112,"J-9",14964.5,15001,42.3755,24.732,0.8706,1,9.6621,5.5074,86.2661169391998
"515756",113,"J-9",14653.2,15273.7,51.7428,30.1246,0.7165,0.984,12.7435,5.1913,20.1683341726606
"515757",114,"J-9",14748.5,14937.3,37.444,25.3614,0.7316,1,10.8646,4.3652,99.5919671370379
"515758",115,"J-9",14901.8,14873.5,60.2345,31.067,0.7843,1,12.8391,5.8289,108.924524811811
"515759",116,"J-9",14985.3,14683.8,46.9837,25.3399,0.9195,0.999,9.3331,6.515,97.6914734740486
"515760",117,"J-9",14769.8,15048.8,23.8448,19.0751,0.8235,1,7.4858,4.1505,85.3277555660941
"515761",118,"J-9",14917,14977.2,29.1082,21.001,0.8294,0.9886,8.0823,4.5697,89.1010222874462
"515762",119,"J-9",14766.2,15221.3,48.0233,27.4665,0.7999,1,11.4512,5.5264,91.294873234309
"515763",120,"J-9",14803.5,14812.2,23.0906,19.8214,0.7385,1,8.4034,3.6945,98.5523085795085
"515764",121,"J-9",14860,15154.3,45.4585,25.538,0.8759,0.9966,9.8279,5.808,92.4368555437599
"515765",122,"J-9",14952.4,14912.2,38.1304,26.0669,0.7052,0.9964,11.4488,4.3891,112.005478758309
"515766",123,"J-9",14667.7,15373.6,21.0092,18.1354,0.8027,1,7.3592,3.6479,26.2622611727976
"515767",124,"J-9",14821.1,15223.9,43.6565,26.8763,0.7595,1,11.3877,4.8103,88.8903323788121
"515768",125,"J-9",14952.4,14895.7,25.5285,21.3989,0.7006,0.997,9.1857,3.5745,107.465629410226
"515769",126,"J-9",15017.1,14922.3,52.1975,29.1732,0.7707,1,12.384,5.5535,115.660701764399
"515770",127,"J-9",14820.4,15147.5,33.1545,20.9035,0.9535,1,7.1562,6.0282,84.5726756350847
"515771",128,"J-9",14500.4,15109.1,143.9719,55.4862,0.5876,0.961,24.4082,7.1454,53.55667442723
"515772",129,"J-9",15005.9,14804.2,29.6024,21.7986,0.7829,1,9.233,4.4609,116.826104210432
"515773",130,"J-9",14710.2,15242.7,21.5477,17.0725,0.929,1,6.0991,4.5381,170.747571995841
"515774",131,"J-9",14901.5,15109.6,46.5103,27.2506,0.7871,0.9856,11.111,5.3341,112.143879010463
"515775",132,"J-9",15002.2,15004.5,49.685,29.9335,0.6968,0.9994,12.7767,4.7221,96.5487575073567
"515776",133,"J-9",14779.1,15146.3,32.4128,22.2317,0.8241,1,9.0622,4.7635,255.170557375987
"515777",134,"J-9",14966.8,14904.4,73.2619,31.7062,0.9158,1,11.9089,7.9819,96.8791562975887
"515778",135,"J-9",14616,15344.3,38.401,25.533,0.7402,0.9773,10.5748,4.4202,53.0054403849818
"515779",136,"J-9",14932.1,14797.6,32.4073,24.3362,0.6876,1,10.7214,3.7086,110.182097826512
"515780",137,"J-9",14861.5,14909.5,33.4273,24.7307,0.6868,0.9946,10.4747,3.94,102.007992810313
"515781",138,"J-9",14700.6,15321.2,21.5803,17.4311,0.8925,1,6.247,4.9118,168.973164251151
"515782",139,"J-9",14926.6,14910.8,20.0147,17.0126,0.869,1,6.5149,3.8152,96.7720000084087
"515783",140,"J-9",14907.6,15311.1,38.3388,24.683,0.7908,0.9852,10.252,5.0802,251.785305209151
"515784",141,"J-9",14485.5,15140.1,35.8237,23.3152,0.8281,1,9.5217,5.0306,65.4288542747381
"515785",142,"J-9",14872.7,14981.7,32.378,21.7424,0.8607,1,8.6144,4.8908,97.2502980237538
"515786",143,"J-9",14540.9,15252.5,112.2706,46.7826,0.6446,0.9877,20.246,6.8803,52.3657167364493
"515787",144,"J-9",15091.6,14562,80.4655,38.587,0.6791,0.9734,16.725,6.5327,117.962689188499
"515788",145,"J-9",14782.2,15203.7,40.3824,24.26,0.8622,1,9.707,5.4271,114.59803298913
"515789",146,"J-9",14867.5,15316.8,22.6635,19.291,0.7653,0.9735,7.8453,3.892,234.548887321131
"515790",147,"J-9",14773.5,15029,34.1063,22.676,0.8335,1,8.8785,4.902,91.739749185191
"515791",148,"J-9",14727.5,15237,30.4946,22.2251,0.7758,1,9.2632,4.1228,119.00560685105
"515792",149,"J-9",14915.8,14815,25.8633,21.828,0.6821,0.9679,9.2038,3.5381,100.015485299615
"515793",150,"J-9",14884.5,15252.7,37.4839,24.1788,0.8057,0.9928,9.9668,5.0289,100.989998204326
"515794",151,"J-9",14502.2,15099.1,124.207,49.7839,0.6298,0.9682,21.7048,6.9061,52.4703734390051
"515795",152,"J-9",14908.2,14831.5,30.84,22.5107,0.7648,1,9.4731,4.439,113.693719394845
"515796",153,"J-9",15036.6,14738.2,45.8367,24.5939,0.9523,1,8.4821,7.1121,102.122132412125
"515797",154,"J-9",14903.5,14910,39.0934,24.0406,0.85,1,9.4556,5.2188,97.9629113883328
"515798",155,"J-9",14840.4,14822.4,40.5645,25.7332,0.7698,0.9762,10.6907,5.0717,120.587210729724
"515799",156,"J-9",14988.7,14651,35.9612,24.1169,0.777,1,9.9521,4.5725,96.653187723144
"515800",157,"J-9",14799.9,14922.4,31.0431,22.9002,0.7439,0.9697,9.4358,4.5178,94.159040772601
"515801",158,"J-9",15063,14801.1,45.8634,25.3901,0.894,1,9.6771,6.3357,144.645641694329
"515802",159,"J-9",14913.4,15186.5,26.6269,20.2666,0.8146,1,8.3903,4.3399,80.1550931533407
"515803",160,"J-9",14794.5,14918.9,32.8287,24.4476,0.6902,1,10.6441,3.8661,100.519047819624
"515804",161,"J-9",14809.7,14964.4,33.7943,23.7623,0.7521,1,9.9464,4.367,105.907055040391
"515805",162,"J-9",14840.1,14693.3,42.9781,25.8665,0.8072,0.9905,10.5041,5.207,78.6072173745751
"515806",163,"J-9",14604.2,15258.4,47.6407,28.0219,0.7624,1,11.6953,5.2097,241.524518673772
"515807",164,"J-9",14718.1,15150.1,25.0974,21.8603,0.66,0.9823,9.4063,3.2347,94.2979945066491
"515808",165,"J-9",14986,14985.4,21.0662,16.9199,0.9247,1,6.1406,4.5423,73.9714150167788
"515809",166,"J-9",14816.4,14805.2,30.4635,23.2077,0.7108,1,10.0537,4.0596,112.115283268207
"515810",167,"J-9",14950.6,14691,24.1545,19.6432,0.7867,1,8.0694,3.9786,124.593762881803
"515811",168,"J-9",14810.4,15204.7,47.7008,25.9143,0.8926,1,9.9749,6.2409,98.0842243815044
"515812",169,"J-9",14944.4,15047.2,46.3051,25.3803,0.9033,1,9.6374,6.237,91.6405578374888
"515813",170,"J-9",14834.1,15290.2,38.624,25.0889,0.7711,1,10.5862,4.5825,64.5937152342064
"515814",171,"J-9",14994.5,14634.2,36.4899,24.4033,0.77,1,10.3659,4.6259,125.555725862849
"515815",172,"J-9",14792.5,15133.6,27.7204,21.411,0.7599,1,8.9651,3.7522,101.251376929035
"515816",173,"J-9",14886.2,15051.3,29.5514,22.5225,0.7321,0.992,9.4781,4.1192,110.916573552788
"515817",174,"J-9",14759.2,14741.1,38.0573,23.6391,0.8558,1,9.3965,5.5198,67.3539036456338
"515818",175,"J-9",14720,15194.3,39.2339,23.2903,0.9089,1,8.6256,5.9939,103.853941049047
"515819",176,"J-9",14956.7,15334.9,80.3382,37.5981,0.7142,0.9223,14.6733,8.0485,3.82674586586911
"515820",177,"J-9",14717.8,15209.9,20.2196,19.7166,0.6536,0.9888,8.6982,3.028,91.4638180523478
"515821",178,"J-9",14918.1,15112.3,30.0765,22.0099,0.7802,1,9.1201,4.2465,113.40848269771
"515822",179,"J-9",14785.1,14743,29.8235,23.354,0.6871,1,10.2656,3.8625,88.0007923327947
"515823",180,"J-9",14893,14844.1,47.4566,25.608,0.9094,1,9.6463,6.4926,125.173199968645
"515824",181,"J-9",14920.4,15018.8,27.9988,20.6303,0.8267,1,8.4104,4.4215,75.5608650757158
"515825",182,"J-9",14770.6,14860.6,30.055,21.1831,0.8417,1,8.1631,4.925,85.3809658047007
"515826",183,"J-9",14984.4,14833.2,34.5539,25.1529,0.6863,0.9509,10.7377,4.4444,117.95657103764
"515827",184,"J-9",14935.1,15019.5,32.2511,22.3702,0.8099,1,9.1953,4.7861,61.8179074178867
"515828",185,"J-9",14896.5,15307.5,23.6662,20.1694,0.7311,1,8.6068,3.4867,47.109998457845
"515829",186,"J-9",14901.8,15232.8,25.7943,20.7974,0.7494,0.9923,8.5716,3.7815,89.7476194254774
"515830",187,"J-9",14725.6,15166.8,22.0914,20.1627,0.6829,0.9741,8.6487,3.4453,112.548272594471
"515831",188,"J-9",14928.3,15125.4,50.1829,26.5659,0.8935,1,10.3623,6.3651,107.179491855662
"515832",189,"J-9",14851.5,15256.5,32.0721,23.4185,0.7349,1,10.0343,4.1975,105.733078631556
"515833",190,"J-9",14920.1,15054.5,42.6338,26.9806,0.736,1,11.4652,4.5138,100.044393336551
"515834",191,"J-9",14923.7,15344.9,40.1469,26.7426,0.7054,0.9816,11.4254,5.116,183.720348722527
"515835",192,"J-9",14995.1,14878.9,33.6009,22.4496,0.8378,1,8.9407,4.6477,88.2905680151937
"515836",193,"J-9",14866.3,15185.1,19.5739,16.585,0.8942,1,6.1895,4.118,90.2365579698558
"515837",194,"J-9",15038.4,14822.6,28.8739,23.2473,0.6714,0.9704,9.9514,3.7754,115.419379427339
"515838",195,"J-9",14829.6,15203.1,47.5097,28.3398,0.7434,1,11.8626,4.7617,99.5702025471386
"515839",196,"J-9",14820.8,14698.3,29.1023,23.0699,0.6871,1,10.1179,3.7125,248.753495406768
"515840",197,"J-9",14764.2,15245.6,20.9967,18.3408,0.7844,1,7.6051,3.6409,107.046028932513
"515841",198,"J-9",14824.3,14797.8,22.9398,21.4242,0.628,0.9715,9.5013,3.245,117.328629724903
"515842",199,"J-9",14755.8,15254.3,32.097,21.7455,0.853,1,8.6775,4.9084,65.3773368638566
"515843",200,"J-9",14920.3,14950.9,27.4318,20.4256,0.8263,1,8.3591,4.4238,107.018047638967
"515844",201,"J-9",14896.9,14814.7,22.4851,20.2425,0.6896,1,8.8646,3.3183,102.744967428452
"515845",202,"J-9",14908,15321.6,77.2871,39.968,0.608,0.9118,16.3239,6.9239,86.3227453629149
"515846",203,"J-9",14986.2,15009.1,29.3388,21.947,0.7654,0.9941,9.1475,4.0328,95.9303672861113
"515847",204,"J-9",14922.5,14835.2,37.7283,24.8132,0.77,0.9933,10.1779,4.5787,108.846185382184
"515848",205,"J-9",14871.3,15305.3,20.6236,17.8133,0.8167,1,7.2175,3.7765,83.8816406824726
"515849",206,"J-9",14980.9,14860.3,25.3348,21.4826,0.6899,1,9.4242,3.4974,110.856320338275
"515850",207,"J-9",14983.4,15358.8,31.5199,24.5551,0.6569,0.9657,10.381,4.0775,119.223162463088
"515851",208,"J-9",14873,15136.5,46.7425,26.2698,0.8512,1,10.4577,5.7568,100.390405313379
"515852",209,"J-9",14829.9,15305.3,56.6303,29.4397,0.8211,1,11.9171,6.1054,60.237958605526
"515853",210,"J-9",14821.5,14660.3,73.8377,31.8613,0.914,1,11.9177,7.9001,67.2884692867017
"515854",211,"J-9",15027.2,14616.1,141.031,43.5655,0.9338,1,15.7973,11.2088,160.339319766963
"515855",212,"J-9",14864.4,15120.3,38.7311,24.9741,0.7804,0.9772,9.9352,5.0501,77.5568222781051
"515856",213,"J-9",14800,15381,20.3398,21.3984,0.5582,0.9673,9.3928,2.6869,80.2438911525878
"515857",214,"J-9",14760.9,14809.6,54.2117,35.4185,0.5431,0.9455,15.6696,4.2726,83.7162016631047
"515858",215,"J-9",14695.8,15262.1,40.208,25.5796,0.7722,0.9935,10.8279,5.0859,116.965457407926
"515859",216,"J-9",14498.8,15125.9,68.2646,36.4294,0.6464,0.9521,15.7263,5.6409,55.6050555416999
"515860",217,"J-9",14730.3,15097.3,12.0178,13.9577,0.7752,1,5.7435,3.0091,110.198197710291
"515861",218,"J-9",14949.8,15149.5,11.2861,12.6638,0.8844,1,4.7243,3.3542,241.058076756408
"515862",219,"J-9",14790.9,14795.1,18.8999,18.597,0.6867,0.99,8.0087,3.0743,103.303124086102
"515863",220,"J-9",14765.9,14941.7,26.9402,22.6969,0.6572,0.9818,9.7813,3.522,96.2429175618126
"515864",221,"J-9",14668.3,15284.3,17.1376,15.6181,0.8829,1,6.0928,3.6246,176.441622536342
"515865",222,"J-9",14803.1,14846.7,12.6376,13.4723,0.875,1,5.1036,3.4717,94.1309987998893
"515866",223,"J-9",15007.7,15335.1,93.0999,38.73,0.7799,0.9749,15.748,7.7448,57.095541716317
"515867",224,"J-9",14846.1,15069.4,68.0156,30.5627,0.915,1,11.1592,7.9898,94.4920515858011
"515868",225,"J-9",15097.8,14565.1,110.6951,50.3425,0.5489,0.9203,21.6411,6.5395,123.463035288434
"515869",226,"J-9",14971.6,14938.2,24.985,21.0495,0.7086,1,8.8515,3.3463,103.755023686626
"515870",227,"J-9",14704.8,15376.5,49.1957,31.2169,0.6344,0.9767,13.7825,4.613,35.0508906162872
"515871",228,"J-9",14956.5,14774.2,124.9938,41.0835,0.9306,1,15.4903,10.7008,71.7818386286186
"515872",229,"J-9",14553,15164.1,16.8205,17.686,0.6758,0.9665,7.4866,3.0617,261.029364393861
"515873",230,"J-9",14925.5,15005.5,19.7088,16.7767,0.8799,0.9982,6.3269,4.007,75.8983253335792
"515874",231,"J-9",15018.7,14811.3,22.5591,18.8637,0.7967,1,7.8557,3.9757,124.173425178525
"515875",232,"J-9",14839.5,15084.1,33.5137,24.0665,0.7271,1,10.3431,4.0519,85.6156954102046
"515876",233,"J-9",14919.5,15182.9,22.684,18.7107,0.8142,0.9775,7.4124,4.3947,71.7217223503567
"515877",234,"J-9",14832.1,14760,31.6591,23.3755,0.7281,1,9.8416,4.031,93.447973415842
"515878",235,"J-9",14809.6,14981.9,28.8363,23.7352,0.6432,1,10.5732,3.3987,91.6457399898886
"515879",236,"J-9",14726.2,15377.3,19.2464,18.2365,0.7272,1,7.5703,3.2965,36.6144703047059
"515880",237,"J-9",14951.5,14678.7,35.3862,26.7983,0.6192,0.9683,11.7647,3.7609,115.901339759535
"515881",238,"J-9",14981.1,14928.9,23.1694,19.1987,0.7899,1,8.1763,3.9422,111.455726757023
"515882",239,"J-9",14882.7,15299.8,32.8868,22.1976,0.8387,1,8.8276,5.0769,65.8157135774094
"515883",240,"J-9",14785.4,14965.9,32.1298,22.7214,0.7821,1,9.3719,4.1886,104.874595315922
"515884",241,"J-9",14503.7,15205.9,30.3293,23.6703,0.6802,0.985,10.2706,3.914,65.2758889794262
"515885",242,"J-9",15020,14684.3,13.156,14.849,0.7498,0.974,5.9382,3.0807,110.146457703926
"515886",243,"J-9",14738.7,14997.2,45.9443,29.8618,0.6475,0.9585,13.0178,4.6287,95.1759541007416
"515887",244,"J-9",14705.6,15254,55.2528,30.3137,0.7556,0.931,11.1595,7.6812,162.916928844231
"515888",245,"J-9",14647.6,15363.3,17.3179,18.3956,0.6431,0.9389,7.9699,3.0416,32.5414495065481
"515889",246,"J-9",14638.8,15276,41.3364,25.0609,0.8271,1,10.0879,5.1111,181.632794012008
"515890",247,"J-9",14713.2,15208.6,8.4103,10.9843,0.8759,1,4.1383,2.8352,92.2642444696193
"515891",248,"J-9",14793.3,14706.2,19.0162,17.7558,0.758,1,7.4365,3.3564,87.3132699137724
"515892",249,"J-9",14796.1,14667.9,26.5237,23.778,0.5895,0.9694,10.6197,3.4252,248.17107347997
"515893",250,"J-9",14768.2,15097,24.6387,20.3769,0.7457,1,8.6668,3.6658,94.2500154624205
"515894",251,"J-9",14750.8,15412.9,33.6146,27.1448,0.5733,0.9252,11.8023,3.7067,50.2117860387827
"515895",252,"J-9",14686.1,15373.5,21.9007,21.0142,0.6232,0.9582,9.0044,3.2005,31.8630030930375
"515896",253,"J-9",14943.5,14783,17.025,16.2287,0.8123,1,6.825,3.5033,110.531872235378
"515897",254,"J-9",14803.5,14949.8,39.8969,25.2335,0.7874,1,10.4844,4.782,97.0897444928831
"515898",255,"J-9",14994.5,14919.9,31.8287,23.9115,0.6995,0.9917,10.4881,4.1563,115.067781791614
"515899",256,"J-9",14661.9,15390.7,33.2282,24.9117,0.6728,0.9604,10.6644,4.2206,31.7200245206494
"515900",257,"J-9",14990.4,14796.1,26.0239,21.1963,0.7279,0.9988,9.1844,4.0132,113.870944687358
"515901",258,"J-9",14573.1,15219.9,142.9226,51.2309,0.6843,0.9806,22.043,8.0903,51.1483888682693
"515902",259,"J-9",14692.9,15367,16.5027,17.7631,0.6572,0.9693,7.589,2.8877,27.6527271199323
"515903",260,"J-9",14803.6,14975.8,24.6858,20.7025,0.7238,1,8.8213,3.5376,104.819545972443
"515904",261,"J-9",14725.4,15388.6,22.7335,21.6048,0.612,0.9514,9.6517,3.2253,29.8448888606587
"515905",262,"J-9",14829.1,15109.6,55.0601,29.875,0.7752,1,12.541,5.5531,90.3580345495117
"515906",263,"J-9",14746.8,15404.2,32.1989,28.4555,0.4997,0.8854,11.7735,3.6249,247.891641216177
"515907",264,"J-9",14989.2,15349.6,58.2302,33.327,0.6588,0.9732,14.4228,5.2461,92.278637527565
"515908",265,"J-9",14485.6,15160.5,90.7346,43.693,0.5973,0.9685,19.4206,5.5717,246.351855608175
"515909",266,"J-9",14879.6,14915.2,35.3503,25.4409,0.6863,0.9144,9.9693,4.9926,111.245248465977
"515910",267,"J-9",14807,14859.8,18.0209,17.7913,0.7154,1,7.6544,3.1412,108.690217943282
"515911",268,"J-9",14897,15158.2,21.3805,19.128,0.7343,1,8.0533,3.4873,73.3586367260499
"515912",269,"J-9",14615.5,15281.2,37.8769,26.5491,0.6753,0.989,11.6902,4.1717,23.9177306111882
"515913",270,"J-9",15002.5,14908.5,29.2654,22.8372,0.7051,0.9821,9.6955,4.3097,111.928121098052
"515914",271,"J-9",14958.9,14934.7,30.2659,22.5792,0.746,1,9.5664,4.166,91.909956052298
"515915",272,"J-9",14903.8,15132.1,28.28,22.7062,0.6893,0.9899,9.6698,3.6965,102.922485273386
"515916",273,"J-9",15027.6,14903.5,36.4146,23.0654,0.8601,1,8.8191,5.2006,100.441221319747
"515917",274,"J-9",14944,14712.8,35.5503,25.5441,0.6847,0.9692,10.7766,4.0054,105.505546678416
"515918",275,"J-9",14640.3,15349,20.4151,20.1012,0.6349,0.9579,8.7363,3.0226,31.1239517926989
"515919",276,"J-9",14783.4,15290.3,55.8344,28.9837,0.8352,1,11.565,6.0506,76.2011859285802
"515920",277,"J-9",14714.8,15393.1,20.6426,19.714,0.6675,0.9784,8.4889,3.1988,33.6592116354514
"515921",278,"J-9",14816.9,15090.1,59.7998,28.061,0.9543,1,9.8382,7.6902,99.706299923989
"515922",279,"J-9",14947.7,14814.3,22.7604,20.8511,0.6579,0.9704,8.8643,3.1798,111.614546728816
"515923",280,"J-9",14982.7,14902.1,175.4882,51.4013,0.8347,0.9917,20.6385,11.3425,123.048055840975
"515924",281,"J-9",14932.1,15036.9,32.2951,22.3111,0.8153,1,9.1349,4.6465,250.988100392191
"515925",282,"J-9",14964.9,14748.1,24.7775,22.1269,0.636,0.9735,9.6746,3.359,116.010902545876
"515926",283,"J-9",15009.3,14700.3,7.2953,10.1627,0.8876,1,3.6651,2.9452,285.509533701587
"515927",284,"J-9",14706.5,15370.3,27.639,23.9751,0.6042,0.9741,10.6598,3.2966,22.8052683876767
"515928",285,"J-9",14864.1,14802.1,66.1468,32.0354,0.81,0.9914,12.8058,6.7076,100.942198930033
"515929",286,"J-9",14678.2,15272.9,14.8609,15.1756,0.8109,1,5.8238,3.4438,195.864232735098
"515930",287,"J-9",14946.4,15359.2,9.9487,11.9992,0.8683,1,4.6148,3.063,255.06443492715
"515931",288,"J-9",14956.8,14855.1,60.9922,30.9154,0.8019,1,12.7891,5.8316,93.1337175033054
"515932",289,"J-9",14687,15325.7,25.9472,21.411,0.7113,1,9.4521,3.6324,0.42922880017036
"515933",290,"J-9",14794.2,15079.3,24.2816,21.2986,0.6726,1,9.3555,3.2833,98.6904677793706
"515934",291,"J-9",14752.2,15423.9,41.8619,28.2788,0.6578,0.955,11.9601,4.4864,22.7993842064082
"515935",292,"J-9",14478.4,15086.7,44.0122,29.5478,0.6335,0.9413,12.879,4.7054,85.5158903122812
"515936",293,"J-9",14648.2,15280.2,33.2829,21.349,0.9176,1,7.4965,5.8391,351.42394250068
"515937",294,"J-9",15080.6,14575.2,238.2515,71.0561,0.593,0.9134,26.5776,12.6021,151.038418114926
"515938",295,"J-9",14488.2,15133.5,58.77,34.5103,0.6201,0.9576,15.2291,4.9434,246.354306844655
"515939",296,"J-9",14703.9,15390.5,25.4497,21.0789,0.7198,1,8.9853,3.5503,18.2351143599985
"515940",297,"J-9",14832.2,14731.8,12.3343,14.4259,0.7448,1,5.9014,2.8303,84.7932198085257
"515941",298,"J-9",14847.8,15189.5,31.1374,22.4663,0.7752,0.9978,9.3301,4.1158,90.3543556493626
"515942",299,"J-9",14704.2,15176.8,66.9971,39.2454,0.5466,0.8198,15.2493,7.6374,89.6488329608199
"515943",300,"J-9",14816.4,15023.2,27.798,22.0826,0.7163,1,9.5078,3.7039,95.4464203406311
"515944",301,"J-9",14752.5,15140,16.8164,16.4056,0.7852,1,6.6337,3.2917,102.148396965339
"515945",302,"J-9",14482.5,15046.1,20.8834,20.3427,0.6342,0.9686,8.7833,3.2711,242.783877428549
"515946",303,"J-9",14974.2,14827.9,20.9065,19.1113,0.7193,1,8.3181,3.5386,110.806276179888
"515947",304,"J-9",14763.1,14772.5,19.2934,20.203,0.594,0.9669,8.9555,2.8305,97.8494458942148
"515948",305,"J-9",15029.3,14865.7,32.1802,25.8017,0.6074,0.9425,11.1598,3.6699,122.290706632619
"515949",306,"J-9",14734.4,15070.6,21.8032,20.3542,0.6613,1,9.0479,3.179,91.998891525239
"515950",307,"J-9",14969.4,14851.3,48.9345,26.4807,0.8769,1,10.3624,6.3759,122.529669034255
"515951",308,"J-9",14502.8,15121.6,58.1454,34.4895,0.6143,0.9442,15.0893,5.223,56.8843456401821
"515952",309,"J-9",14535.7,15145.6,34.3576,28.0379,0.5492,0.9381,12.521,3.355,244.961293235308
"515953",310,"J-9",14797,15212.3,35.833,23.5269,0.8135,1,9.5315,4.813,83.2197682625373
"515954",311,"J-9",14494.8,15069.3,19.9905,20.1417,0.6192,1,9.1458,2.7871,247.190682371895
"515955",312,"J-9",14946.7,14988.4,23.2387,19.018,0.8074,1,7.7876,3.9043,84.4568045037541
"515956",313,"J-9",15010.4,14733.5,58.0829,28.2148,0.9169,1,10.5862,6.9151,135.23800452277
"515957",314,"J-9",14808.7,15106.7,38.8141,25.0359,0.7782,0.9878,10.2799,4.9383,95.7187276066795
"515958",315,"J-9",14778.7,14790.6,13.9787,14.8285,0.7989,1,6.0096,3.0178,96.3868520928865
"515959",316,"J-9",14529.5,15123,16.8305,17.1855,0.7161,1,7.2324,3.0165,65.9824865862119
"515960",317,"J-9",14775.7,14996.7,31.8958,23.1963,0.7449,1,9.5727,3.8057,104.544849538239
"515961",318,"J-9",14557,15183.8,21.2847,20.3072,0.6486,0.9244,8.4638,3.7975,244.32718700862
"515962",319,"J-9",14717,15220,30.5015,21.4531,0.8328,1,8.749,4.6282,88.1891045403125
"515963",320,"J-9",14587.9,15226.7,27.842,23.6316,0.6265,0.9274,10.1369,4.0341,58.2266948241187
"515964",321,"J-9",14956.9,15009.8,92.6075,39.3241,0.7526,1,16.8564,7.1096,92.4956261613796
"515965",322,"J-9",14796.1,14798.9,38.6357,24.7686,0.7914,1,10.3252,5.284,90.6656978043631
"515966",323,"J-9",15063.5,14775,30.4663,22.4039,0.7628,1,9.635,4.2824,131.914620627178
"515967",324,"J-9",14805.1,15160.4,24.3958,19.7115,0.789,1,8.1992,3.9287,95.2829689113313
"515968",325,"J-9",14753,14917.4,39.3415,27.6135,0.6484,0.9628,11.7048,4.4959,91.2433819317841
"515969",326,"J-9",15072.2,14739,36.8287,23.6158,0.8298,1,9.7264,5.1772,122.649758596583
"515970",327,"J-9",14997.5,15343.8,58.4445,34.2564,0.6258,0.9815,15.1914,4.7077,85.1110506798799
"515971",328,"J-9",14802.4,14643.2,40.0733,27.1411,0.6836,0.965,11.6574,4.6762,73.2517806552104
"515972",329,"J-9",14940.1,15181.9,25.6152,22.6681,0.6264,1,9.7734,3.2796,82.3308669324833
"515973",330,"J-9",14977,14639,31.6925,21.5763,0.8555,1,8.5722,4.6861,113.219161654432
"515974",331,"J-9",14791.9,14658.4,47.3257,31.5022,0.5993,0.932,13.1135,4.7284,246.162591158131
"515975",332,"J-9",14908.5,14903.2,47.2953,25.2681,0.9309,1,9.2433,6.6495,92.2717306910368
"515976",333,"J-9",15108.3,14552.9,25.4645,21.9486,0.6642,0.9786,9.5365,3.5152,153.968519089987
"515977",334,"J-9",14520.4,15113.5,29.1013,24.7028,0.5993,0.9813,11.0192,3.2735,58.5239495332744
"515978",335,"J-9",14818,14717.5,10.0755,12.2267,0.847,1,4.6232,2.9015,90.1337868868518
"515979",336,"J-9",14920.7,15273,32.2117,22.0783,0.8304,1,8.7734,4.9218,134.237276648512
"515980",337,"J-9",14710.4,15175.9,27.3973,24.4963,0.5737,0.833,10.0307,5.2009,50.8567895364171
"515981",338,"J-9",14714.7,15409,21.9335,18.6384,0.7934,1,7.5336,3.5806,18.8426683450244
"515982",339,"J-9",14953.4,14936.3,20.2081,19.9883,0.6356,1,8.9844,2.8855,90.9325517093165
"515983",340,"J-9",14792.7,15296.5,59.0187,29.3873,0.8588,0.9918,11.373,6.5234,92.9688213481272
"515984",341,"J-9",14808.5,14653.6,26.9885,24.1975,0.5792,0.9732,10.7234,3.0371,241.910205999237
"515985",342,"J-9",14884.9,15286.7,33.0815,25.3132,0.6488,1,11.01,3.5978,106.265222079411
"515986",343,"J-9",14908.8,15111.7,44.7995,25.791,0.8463,1,10.2542,5.5513,105.985776121619
"515987",344,"J-9",14985.3,14721.6,42.2684,28.8982,0.636,1,12.6892,3.9323,118.430037066209
"515988",345,"J-9",14524.7,15227.2,134.7851,52.7998,0.6076,0.9673,23.0278,7.5414,50.5357976608388
"515989",346,"J-9",14625.6,15285.4,16.2382,16.6605,0.7351,1,7.2126,2.9806,30.4604434180718
"515990",347,"J-9",14690.8,15278.6,11.4473,13.4533,0.7948,0.9468,4.9497,3.1431,171.361150797088
"515991",348,"J-9",14926.7,15115.4,35.6949,25.2469,0.7037,0.9815,10.9317,4.2204,114.53743866139
"515992",349,"J-9",14756.6,15288.5,32.2601,22.6729,0.7886,0.9853,9.368,4.6352,99.7039251844241
"515993",350,"J-9",14552,15158.3,12.7481,18.2264,0.4822,0.8855,7.0617,2.4698,260.957376841843
"515994",351,"J-9",14687.8,15404.5,25.5406,22.0918,0.6576,1,9.6592,3.2405,37.1456187976606
"515995",352,"J-9",14769.5,14748.7,22.0576,21.7489,0.586,0.9424,9.6394,3.1665,95.8565235731902
"515996",353,"J-9",14728.4,15409.8,32.9841,24.5641,0.6869,1,10.7392,3.829,50.4770001416492
"515997",354,"J-9",14827.2,14858.3,17.4964,17.866,0.6888,1,7.7304,2.913,259.322613924882
"515998",355,"J-9",14796.5,15094.4,46.659,26.9046,0.81,1,11.1514,5.3711,95.5704561509141
"515999",356,"J-9",14794.1,15404.1,20.6154,20.3302,0.6268,1,9.1027,2.9529,143.882465698402
"516000",357,"J-9",14950.6,15050.1,42.9683,27.2142,0.7291,1,11.7724,4.6514,100.526845243438
"516001",358,"J-9",14815.4,14917.5,35.2201,25.4196,0.685,0.9982,10.9349,4.0067,96.2716757627148
"516002",359,"J-9",14711.8,15278.7,38.8327,22.8612,0.9337,1,8.4268,6.3483,113.779939533811
"516003",360,"J-9",14850.7,14674.1,38.8536,24.9216,0.7861,1,10.6377,4.9118,87.2349287327853
"516004",361,"J-9",14941.4,15305.3,14.6355,14.9648,0.8213,1,6.0621,3.2038,258.128855943007
"516005",362,"J-9",14964.9,15357.1,11.729,14.1361,0.7376,0.9982,5.9291,2.5526,127.344730537473
"516006",363,"J-9",14756.4,14998.9,24.3136,20.2362,0.7461,1,8.6732,3.6172,105.133739270057
"516007",364,"J-9",15006.7,14862.1,25.4195,20.2775,0.7769,1,8.4647,4.0676,99.8630054865855
"516008",365,"J-9",14737.6,15388.6,12.1585,15.8735,0.6064,0.9675,7.123,2.3448,44.0451813613696
"516009",366,"J-9",14889.5,15169.2,31.6726,22.2559,0.8035,1,9.1423,4.7157,54.6386779898801
"516010",367,"J-9",14736.8,15238.2,43.9744,26.2792,0.8002,1,10.7225,5.6281,105.255815561178
"516011",368,"J-9",14907.2,14956.7,91.9967,38.4966,0.7801,0.9718,15.5285,8.0077,89.5318292286751
"516012",369,"J-9",14942.1,14965,49.3612,28.3152,0.7737,1,11.8267,5.4313,98.919558841029
"516013",370,"J-9",14976.5,15359.9,17.2778,16.9626,0.7546,1,7.109,3.337,137.08535992353
"516014",371,"J-9",14769.6,14754.8,13.0299,21.0287,0.3703,0.7185,7.5791,3.1355,255.677701308804
"516015",372,"J-9",14802.3,15357,34.9059,24.9733,0.7033,0.9792,10.6516,4.3101,106.057794413266
"516016",373,"J-9",14774.1,14785.1,18.4924,19.5596,0.6074,0.9391,8.6193,3.0128,114.650998550499
"516017",374,"J-9",15001.3,14844.9,13.1028,15.2195,0.7108,1,6.3208,2.7406,121.047640679412
"516018",375,"J-9",15008,14820.7,11.7585,14.5505,0.6979,0.9773,6.3237,2.6359,110.831367110506
"516019",376,"J-9",14947.3,15247.1,42.1245,24.739,0.8649,1,9.7846,5.4276,250.743754353843
"516020",377,"J-9",14651.7,15331.5,66.6308,29.9974,0.9305,1,10.8305,7.5726,30.2198505949905
"516021",378,"J-9",14572.9,15244.5,18.2753,17.8165,0.7235,0.9956,7.6801,3.1312,40.4222183063763
"516022",379,"J-9",14695.5,15402.7,57.1123,29.8762,0.8041,1,12.4873,6.0079,32.0297334397498
"516023",380,"J-9",14851.5,14777.7,78.7979,37.8573,0.6909,1,16.6211,6.0052,92.309543843053
"516024",381,"J-9",15002.3,14687.1,16.2159,18.383,0.603,0.9683,7.9962,2.6849,120.897282809116
"516025",382,"J-9",14879.3,15333.2,28.0878,23.9429,0.6157,0.9682,10.6378,3.4083,25.8905425575386
"516026",383,"J-9",14956.6,14806.3,73.3992,31.2747,0.943,1,11.05,8.6831,85.5505923971506
"516027",384,"J-9",14755.7,14746.1,17.5718,15.8802,0.8756,1,5.9811,3.9631,46.8749136619076
"516028",385,"J-9",14925.1,15349.5,11.4946,14.0896,0.7276,0.9617,5.6843,2.838,22.5426148489246
"516029",386,"J-9",14752.9,14969.7,15.6375,17.1389,0.669,0.949,7.1723,3.3394,100.731864714006
"516030",387,"J-9",14815.3,15188.8,34.9525,21.3792,0.961,1,7.4025,5.9694,98.6262403937994
"516031",388,"J-9",14823,15081.7,47.5392,29.1421,0.7034,1,12.6378,4.6493,94.332704229969
"516032",389,"J-9",14496.8,15162,109.655,47.9507,0.5993,0.9547,21.103,6.4144,67.5834283065431
"516033",390,"J-9",14904.9,14943.3,12.1789,13.8977,0.7924,1,5.6953,2.8547,102.883431400939
"516034",391,"J-9",14791,14639.9,40.8881,25.9206,0.7647,1,10.9988,4.8866,74.1441110371412
"516035",392,"J-9",14831.6,14721.4,23.3148,20.3433,0.7079,1,8.6784,3.5124,81.3799795227605
"516036",393,"J-9",14855.3,14753.9,14.8715,18.1832,0.5652,1,8.2952,2.2742,264.378623712597
"516037",394,"J-9",14582.9,15230.8,15.4298,14.8444,0.8799,1,5.6959,3.6215,35.8514212049507
"516038",395,"J-9",14517.6,15135.2,62.8524,35.766,0.6174,0.9519,15.5936,5.3925,240.947630734052
"516039",396,"J-9",15041.5,14843.1,29.6255,20.6215,0.8755,1,7.9953,4.804,103.867888137801
"516040",397,"J-9",14788,14719.2,13.1875,14.9339,0.7431,1,6.2147,2.7923,84.5255161507895
"516041",398,"J-9",14545.3,15193.6,32.9779,25.7079,0.627,1,11.3742,3.6769,60.7214509892585
"516042",399,"J-9",14943.4,15207.1,25.9369,21.8413,0.6832,1,9.4435,3.3566,89.8212425457825
"516043",400,"J-9",14816,14773.9,76.8074,38.9273,0.6369,0.9796,17.107,5.5929,92.0165511211386
"516044",401,"J-9",14847.6,14734.4,18.5796,17.0011,0.8078,1,6.9734,3.8785,247.046695249374
"516045",402,"J-9",14855.5,14956.3,40.6625,29.3375,0.5937,0.99,13.2031,4.2233,90.2731053595044
"516046",403,"J-9",14934.7,14838.1,16.162,16.6871,0.7294,1,7.2115,2.9747,94.2841568255525
"516047",404,"J-9",14926.3,14755.2,23.1982,19.0817,0.8006,1,7.7307,3.9381,118.380746967283
"516048",405,"J-9",14951.8,14820,24.8967,22.3781,0.6248,0.9605,9.8813,3.5146,103.87769405436
"516049",406,"J-9",14660.5,15356.2,18.5913,17.0027,0.8081,1,7.123,3.585,28.8946784056822
"516050",407,"J-9",14836.6,15257.2,19.2937,18.7732,0.6879,0.9239,7.5499,3.7064,86.5246297301701
"516051",408,"J-9",14844.6,14864.6,61.1049,32.0921,0.7456,0.9934,13.8379,5.7694,89.2624459295966
"516052",409,"J-9",14828.5,15149.8,26.0613,19.423,0.8681,1,7.7129,4.4795,86.1662693627182
"516053",410,"J-9",14822.7,14780.5,31.3005,24.1964,0.6718,1,10.7084,3.7518,95.228087638848
"516054",411,"J-9",14641.3,15370.8,21.3693,19.4595,0.7091,1,8.4556,3.2431,26.9357132177138
"516055",412,"J-9",14760.2,14794.3,18.6104,18.94,0.6519,1,8.5723,2.9982,90.4469697329679
"516056",413,"J-9",14762.4,14764.7,21.4674,21.2231,0.5989,0.9192,8.9445,3.46,253.343327139407
"516057",414,"J-9",14805.6,15137.6,18.876,17.2053,0.8013,1,7.2432,3.5534,89.2122978360406
"516058",415,"J-9",14617.3,15273.2,50.5093,29.2101,0.7439,0.9764,12.1349,5.1994,16.8562744258524
"516059",416,"J-9",14629.9,15369.9,23.4363,19.6141,0.7655,1,8.2232,3.8056,32.6661530867209
"516060",417,"J-9",14784.3,15247.5,21.5272,19.2564,0.7295,1,8.1058,3.2939,91.431725251936
"516061",418,"J-9",14758.7,14884.7,57.5274,38.0545,0.4992,0.7861,15.7473,7.1443,79.2249205906626
"516062",419,"J-9",14913.5,14884.3,47.2654,32.274,0.5702,0.7994,10.7616,7.5887,104.139715735163
"516063",420,"J-9",14786.5,14667.9,19.6262,20.2272,0.6028,0.9768,8.9931,2.8132,245.758052131624
"516064",421,"J-9",14931.1,15163.8,36.2822,27.1193,0.6199,0.982,11.9985,3.7389,246.956296637661
"516065",422,"J-9",14745.6,15392.9,8.7198,11.3121,0.8563,1,4.3131,2.8496,44.0667791758548
"516066",423,"J-9",14857.2,15068,44.3595,25.0346,0.8894,1,9.7617,6.0035,83.2078424334052
"516067",424,"J-9",14737.5,15006.9,16.106,18.0129,0.6238,0.9738,7.7901,2.8357,95.9846904993015
"516068",425,"J-9",14956.7,14792,66.6967,30.4673,0.9029,1,10.8502,8.5631,83.8089225345408
"516069",426,"J-9",14830.6,14783.1,83.6643,40.0667,0.6549,0.9859,17.4869,5.6586,99.0782714204678
"516070",427,"J-9",14868.8,14782,45.5801,30.6088,0.6114,0.9683,13.4481,4.1989,103.480005016111
"516071",428,"J-9",14650.8,15346.3,13.2452,14.435,0.7988,1,6.0553,3.0662,30.82431195538
"516072",429,"J-9",14656.7,15343.6,20.112,19.0542,0.6961,1,8.2741,3.2204,20.8089126692592
"516073",430,"J-9",14483.2,15075.4,45.6673,29.1914,0.6735,0.9621,12.5805,4.7178,247.331352597639
"516074",431,"J-9",14919.4,15023.5,19.6586,22.5426,0.4861,0.7216,7.1428,5.2042,305.663680801561
"516075",432,"J-9",14872.7,15080.4,35.9306,24.3045,0.7644,1,10.332,4.4937,93.7902170143412
"516076",433,"J-9",15008.5,14947.6,28.3032,22.6794,0.6915,0.9807,9.9695,3.9141,113.013161440879
"516077",434,"J-9",14585.1,15264,19.5782,18.9293,0.6866,0.9544,8.229,3.2137,58.171739931676
"516078",435,"J-9",14913.8,14803.1,18.2435,18.7568,0.6516,1,8.2113,3.0374,110.524104324371
"516079",436,"J-9",14473.4,15063.2,20.8137,20.8288,0.6029,0.9733,9.0809,2.8116,249.254478345478
"516080",437,"J-9",14500.2,15181.7,38.7639,28.843,0.5855,0.9627,12.7291,3.6204,246.576618435426
"516081",438,"J-9",14769,14645.4,17.3783,17.8016,0.6891,1,7.9043,3.0566,90.3679628916095
"516082",439,"J-9",14515.8,15107,22.053,27.5228,0.3658,0.7223,10.9408,3.632,242.402794850156
"516083",440,"J-9",14968.2,14821.7,5.457,8.8499,0.8756,1,3.1595,2.5748,128.937334415311
"516084",441,"J-9",14894.8,14944.8,13.7423,15.5305,0.716,1,6.648,2.8848,102.539820903703
"516085",442,"J-9",14757.1,15174.5,25.7252,20.9793,0.7345,1,8.8791,3.6871,94.2150894116505
"516086",443,"J-9",14914.5,15351.7,11.1936,12.6794,0.875,1,4.8768,3.2101,125.111418205124
"516087",444,"J-9",14761.5,14746.6,14.4315,19.0213,0.5012,0.7583,6.5776,4.0469,78.6933713981267
"516088",445,"J-9",14716.2,15226.3,27.0181,23.9306,0.5929,0.835,8.0361,5.2753,279.778758054709
"516089",446,"J-9",15009.2,14888.8,55.9585,30.0294,0.7798,1,12.6669,5.4665,114.090916617913
"516090",447,"J-9",14787.2,15006.3,19.2657,17.9061,0.7551,1,7.2976,3.4931,96.800793320595
"516091",448,"J-9",14548.9,15262,30.4522,29.5645,0.4378,0.7369,10.6519,5.6676,54.7496253620578
"516092",449,"J-9",14903.4,14925.2,41.5908,24.8218,0.8483,1,9.8696,5.5055,112.736317060123
"516093",450,"J-9",14910.9,15052.3,15.3303,17.0194,0.6651,1,7.639,2.6897,97.4088732426062
"516094",451,"J-9",14831.7,15066.1,36.4724,22.1256,0.9362,1,7.8956,5.9916,110.375113791459
"516095",452,"J-9",14928,15350.7,8.1828,19.1891,0.2793,0.6345,7.3137,2.4297,47.3666603545694
"516096",453,"J-9",14743.9,15027.8,26.0125,22.994,0.6182,0.9762,10.1879,3.3166,99.4674728870914
"516097",454,"J-9",15052.3,14769.6,18.244,18.5693,0.6649,0.9769,8.2249,3.1739,123.549687092254
"516098",455,"J-9",14731.8,15089.4,11.7485,14.1662,0.7357,1,5.8443,2.71,85.4877447488856
"516099",456,"J-9",14828.8,15095.1,59.3008,30.7107,0.7901,1,12.7675,5.9531,95.1736134296337
"516100",457,"J-9",14780.6,14768.2,18.0023,19.4924,0.5954,0.9755,8.6932,2.6244,249.084077273996
"516101",458,"J-9",14742.1,15386.3,22.0762,19.6907,0.7155,1,8.2282,3.2828,42.6677767595109
"516102",459,"J-9",14712.1,15230.7,20.765,17.3498,0.8669,1,6.8511,4.1481,97.9234930858398
"516103",460,"J-9",14808.2,15037.4,26.4745,21.6552,0.7094,1,9.5469,3.8358,86.813213420872
"516104",461,"J-9",14538.3,15151.9,17.8261,28.0096,0.2855,0.6088,11.4664,3.5795,52.5423650562222
"516105",462,"J-9",14761.5,14782,38.5415,24.6944,0.7942,0.9827,10.0324,5.2686,105.972364724078
"516106",463,"J-9",14807.4,14769.9,35.5108,25.0533,0.711,1,11.0146,4.2839,89.8876804231767
"516107",464,"J-9",14962.4,15353.6,24.5374,19.3016,0.8277,0.9796,7.4018,4.5257,346.31868800772
"516108",465,"J-9",14736.5,14975.3,67.6215,34.3847,0.7187,0.9898,14.8177,5.7616,97.1390559482593
"516109",466,"J-9",14924.2,14896.8,19.3728,17.1132,0.8313,1,6.709,3.6998,101.924208401168
"516110",467,"J-9",14781.5,14991.2,14.0896,15.9217,0.6984,1,6.6787,2.798,99.7757780277502
"516111",468,"J-9",14630.2,15321.2,18.7283,17.8488,0.7387,0.9538,6.532,5.0025,63.2926339761567
"516112",469,"J-9",14848.1,14664.7,18.9535,16.5617,0.8683,1,5.9723,4.7268,51.808665992624
"516113",470,"J-9",14995.7,15024.7,27.0063,22.3001,0.6824,1,9.793,3.6196,93.898539434812
"516114",471,"J-9",14628.2,15354.5,12.1641,14.2843,0.7492,1,5.8101,2.773,29.537689215607
"516115",472,"J-9",14490.8,15118.1,33.46,25.0392,0.6706,1,10.8348,3.7914,71.5756123663776
"516116",473,"J-9",14466.7,15064.4,18.5925,16.8564,0.8223,1,6.5964,3.7548,80.8107450531098
"516117",474,"J-9",14950.3,14954.1,65.3297,34.2338,0.7005,0.9832,14.8904,5.7216,80.4387560983457
"516118",475,"J-9",14741.2,15408.1,39.2347,25.377,0.7656,1,10.7066,4.5788,241.704015498281
"516119",476,"J-9",14732,14993.3,18.9257,19.7459,0.61,0.9751,8.5579,2.988,56.8880840543325
"516120",477,"J-9",14716.6,15199.2,12.7224,13.8542,0.8329,1,5.4193,3.2204,102.430081030425
"516121",478,"J-9",14712.2,15381.4,10.9524,15.7124,0.5575,0.8248,6.5005,2.9003,24.0178631379713
"516122",479,"J-9",14992.7,14696.3,11.8739,15.1603,0.6492,1,6.6997,2.3332,111.511058025733
"516123",480,"J-9",14894.5,15273.4,40.3451,26.7062,0.7108,1,11.5834,4.519,86.882447929634
"516124",481,"J-9",14522.2,15157,32.3629,26.6664,0.5719,0.9441,11.5864,3.772,243.526336623353
"516125",482,"J-9",14523.7,15151,62.0881,35.3962,0.6227,0.9578,15.5731,4.9211,55.4552309678909
"516126",483,"J-9",14989,15382.8,18.5401,17.0853,0.7981,1,6.9497,3.5867,59.0963591977736
"516127",484,"J-9",14851.2,15131,19.6141,17.294,0.8241,1,6.8477,3.675,101.303994389216
"516128",485,"J-9",14549.8,15189.3,36.1035,29.5562,0.5194,0.9331,13.1836,3.4065,62.384804092238
"516129",486,"J-9",14889.2,14997.7,23.0234,19.9476,0.7271,0.9808,8.3317,3.6976,87.8202881830957
"516130",487,"J-9",14981.6,15353.4,27.8236,25.0399,0.5576,0.9475,10.9683,3.197,101.135649775692
"516131",488,"J-9",14624.4,15291.7,11.0529,13.7235,0.7375,1,6.0362,2.6542,36.016273323408
"516132",489,"J-9",14987.6,15358.6,10.3527,17.3109,0.4341,0.7815,6.9066,2.7428,114.418629595367
"516133",490,"J-9",14571.5,15286,64.8028,37.106,0.5914,0.9536,16.1673,5.1747,42.5160542725522
"516134",491,"J-9",14802.8,15176.8,34.0912,21.2541,0.9483,1,7.6616,5.7704,100.216928755487
"516135",492,"J-9",14806.7,15087.4,31.0119,27.1384,0.5291,0.9523,12.2988,3.1419,88.6158139201758
"516136",493,"J-9",14867.6,14909.4,21.213,20.0886,0.6606,1,8.6792,3.0984,106.0214911073
"516137",494,"J-9",14811.4,14639.9,42.9817,27.9828,0.6898,0.9905,11.8623,4.502,75.6640491930218
"516138",495,"J-9",14489.8,15066,16.8854,18.0114,0.6541,1,7.8611,2.8315,252.959420670611
"516139",496,"J-9",14507.9,15183.7,44.1623,31.2616,0.5679,0.9377,13.7711,4.2647,242.644462758296
"516140",497,"J-9",14873.8,14767.2,9.4385,12.4125,0.7698,1,4.9203,2.6494,256.324827021791
"516141",498,"J-9",14947.7,15311,13.6501,14.0338,0.871,1,5.2782,3.4067,232.643576143422
"516142",499,"J-9",14817,14763.6,30.8085,28.7424,0.4686,0.7522,9.8684,5.3917,107.475301200814
"516143",500,"J-9",14557.4,15187.3,15.1244,24.6482,0.3128,0.6641,9.8553,3.3438,56.0660011332621
"516144",501,"J-9",14964.9,15181.5,33.4179,23.4649,0.7627,1,9.6841,4.2744,101.977012116044
"516145",502,"J-9",14983.8,15363.4,14.2213,16.4902,0.6572,0.8972,6.5491,3.574,118.132771846285
"516146",503,"J-9",14487.3,15079.6,23.6732,26.6606,0.4185,0.7534,11.6991,3.9952,72.0595062058905
"516147",504,"J-9",14897.4,14795.5,27.1119,22.3041,0.6849,0.993,9.7403,3.6217,124.119206089469
"516148",505,"J-9",14999.6,14980,36.366,22.8327,0.8766,1,8.9756,5.2541,85.9725467115375
"516149",506,"J-9",14810.9,14878.6,21.7813,21.492,0.5926,0.9541,9.6264,2.9637,109.714740908161
"516150",507,"J-9",14608.3,15285.3,15.3925,17.0282,0.6671,0.9551,7.138,2.7819,49.5232662716425
"516151",508,"J-9",14917.1,15322.8,38.3673,26.4935,0.6869,0.9696,11.2013,4.2571,90.6687856127662
"516152",509,"J-9",14917.3,15026.3,19.1499,22.8161,0.4623,0.6711,7.0136,5.7723,77.910513321502
"516153",510,"J-9",15070,14668.1,18.1344,18.773,0.6466,1,8.096,2.859,117.150921050056
"516154",511,"J-9",14517.2,15193.1,19.3745,19.5651,0.636,0.9784,8.6148,2.8284,242.54354128253
"516155",512,"J-9",14938.5,14709.8,39.4859,26.1661,0.7247,0.9944,11.2611,4.5398,120.502354433133
"516156",513,"J-9",14745.4,15386.5,11.9259,17.5034,0.4892,0.7403,6.8348,3.0115,237.002252445738
"516157",514,"J-9",14485.4,15124.2,27.2448,36.0555,0.2634,0.5938,13.599,4.4743,88.0602945820735
"516158",515,"J-9",14590.8,15238.3,86.5475,35.4311,0.8664,0.9812,12.812,9.9592,136.761499825803
"516159",516,"J-9",14899,15253.7,18.2683,17.9722,0.7107,1,7.825,3.1713,257.991049760463
"516160",517,"J-9",14567.2,15222.5,45.8273,33.8558,0.5024,0.9265,14.8997,3.8521,54.2292049949206
"516161",518,"J-9",14830.1,14702.8,75.2217,36.6515,0.7037,0.9863,15.7104,5.8668,76.8377773592083
"516162",519,"J-9",14712,15235.2,12.4684,16.123,0.6027,0.8298,5.817,3.8329,127.368872662479
"516163",520,"J-9",14701.5,15368,19.2453,33.8331,0.2113,0.5669,10.4691,4.3517,34.2403196206382
"516164",521,"J-9",14932.5,15224.2,27.2364,23.9367,0.5974,1,10.7686,3.1971,85.6576033713819
"516165",522,"J-9",15017.4,14597.6,21.7399,19.8617,0.6925,0.9628,8.4979,3.3202,156.343220679458
"516166",523,"J-9",14574.4,15282.7,24.469,23.725,0.5463,0.9524,10.7088,2.9659,43.0388499902228
"516167",524,"J-9",14507.9,15199.8,58.0695,33.628,0.6453,0.9715,14.8058,4.9923,246.927544957236
"516168",525,"J-9",14797.4,14636.2,38.1156,26.2429,0.6955,0.9179,9.6788,5.6472,242.901219155059
"516169",526,"J-9",14969.1,14828,28.8991,21.3458,0.797,1,8.8012,4.2401,112.630697686791
"516170",527,"J-9",14880,15077.5,29.739,21.318,0.8223,1,8.5823,4.419,123.480312473956
"516171",528,"J-9",14864.8,14927,15.8473,17.3089,0.6647,1,7.5814,2.6178,98.5315316977002
"516172",529,"J-9",14947.6,14876.4,18.4546,19.4867,0.6107,0.9667,8.6895,2.8263,121.100572856682
"516173",530,"J-9",14795.3,14879.8,10.8426,13.2395,0.7773,1,5.4838,2.7733,91.1615538248086
"516174",531,"J-9",14552.7,15180.1,20.9587,24.0695,0.4546,0.7966,10.025,3.9513,242.772028386437
"516175",532,"J-9",14752.3,15091.9,14.2919,15.605,0.7375,1,6.3608,2.8909,104.640099910738
"516176",533,"J-9",15376.7,15322,2332.0581,198.0199,0.7474,0.9864,83.8284,35.8414,105.185368334246
"516177",534,"J-9",15223.2,15122,58.3509,27.6095,0.9619,1,9.7398,7.8895,47.969532410292
"516178",535,"J-9",15336.6,15049.4,54.1827,26.4655,0.9721,1,8.9324,7.7345,74.2925177695133
"516179",536,"J-9",15340,15136.2,45.6524,24.5287,0.9535,1,8.6498,6.8202,147.88354813166
"516180",537,"J-9",15181.6,15144,27.4593,19.1392,0.942,1,6.814,5.3568,28.569857572143
"516181",538,"J-9",15268.4,15127,53.6132,26.4703,0.9615,1,9.1701,7.7048,31.2893781624537
"516182",539,"J-9",15193.8,15163.9,46.6124,24.761,0.9554,1,8.6271,6.8266,62.0775204635609
"516183",540,"J-9",15228.8,15158.9,51.1519,26.2164,0.9352,1,9.6424,6.796,33.6928625709722
"516184",541,"J-9",15401.5,14996.3,48.7836,25.2219,0.9637,1,8.8028,7.2395,45.7680352027214
"516185",542,"J-9",15213,15190.9,44.8281,24.2081,0.9613,1,8.4527,6.9151,30.1298921762555
"516186",543,"J-9",15415.2,14965.7,37.4524,22.3407,0.943,1,8.0648,6.0193,78.5751424113184
"516187",544,"J-9",15328.7,15153,33.7885,21.2522,0.9401,1,7.58,5.7517,124.777792465586
"516188",545,"J-9",15216.3,15076.5,63.4919,28.7763,0.9635,1,9.7323,8.3352,24.4530930168046
"516189",546,"J-9",15189,15097.4,50.9153,25.7628,0.964,1,8.8969,7.1729,62.0689056391371
"516190",547,"J-9",15305.6,15159.5,42.7629,23.8704,0.9431,1,8.3158,6.8444,66.7440267078311
"516191",548,"J-9",15337.3,15103.4,50.7454,25.6305,0.9707,1,8.6434,7.6833,3.9565774297826
"516192",549,"J-9",15296.3,15195.9,42.0662,23.6789,0.9428,1,8.5601,6.3663,34.2659360091539
"516193",550,"J-9",15425,15051.2,47.1817,24.8692,0.9587,1,8.7063,7.107,135.956551022515
"516194",551,"J-9",15275.3,15096.1,53.2436,26.357,0.9631,1,8.9961,7.4087,138.359407244022
"516195",552,"J-9",15380.6,14929,45.7905,24.6967,0.9434,1,8.8519,6.5762,104.242447202604
"516196",553,"J-9",15327.2,15042.6,52.9252,26.2468,0.9654,1,9.1617,7.6289,325.056558196907
"516197",554,"J-9",15303.8,15136.9,50.133,25.3844,0.9777,1,8.3194,7.8129,85.5150327685154
"516198",555,"J-9",15303.6,15116.1,46.161,24.6824,0.9522,1,8.7025,6.8419,127.241631616239
"516199",556,"J-9",15223.8,15179.4,52.1463,26.9883,0.8997,1,10.3297,6.7344,52.9601815010969
"516200",557,"J-9",15254,15189,53.6664,26.36,0.9706,1,8.7889,7.7587,42.8011566295901
"516201",558,"J-9",15390.3,15078.2,42.3187,23.8747,0.933,1,8.4031,6.4587,117.843491620434
"516202",559,"J-9",15262.6,15065.2,58.2216,27.5492,0.964,1,9.5159,7.9617,321.44315684712
"516203",560,"J-9",15254.5,15111.1,43.8032,24.1886,0.9408,1,8.6279,6.7691,45.296725088424
"516204",561,"J-9",15285.1,15126.3,43.9907,23.9418,0.9644,1,8.3257,6.9282,154.271435742467
"516205",562,"J-9",15291,15141.7,42.3024,23.6353,0.9516,1,8.4422,6.5581,103.060410266116
"516206",563,"J-9",15420.6,15027.7,35.531,22.1628,0.909,1,8.3086,5.424,89.3987862070543
"516207",564,"J-9",15424.3,15078.3,31.6005,20.4288,0.9515,1,7.1607,5.8772,148.89852789402
"516208",565,"J-9",15247.1,15079.7,50.2447,25.5876,0.9644,1,8.6185,7.6797,124.50146073227
"516209",566,"J-9",15398.4,14960.9,39.6259,23.0677,0.9358,1,8.4107,6.2586,130.601541429024
"516210",567,"J-9",15311.2,15063.7,47.2625,24.7404,0.9703,1,8.3002,7.3896,85.8513931282674
"516211",568,"J-9",15391.8,14973.6,46.5699,24.5618,0.9701,1,8.3217,7.0673,112.846869437893
"516212",569,"J-9",15425.6,15096.7,33.3647,21.148,0.9375,1,7.6205,5.8102,61.6194973695189
"516213",570,"J-9",15357.4,14881.5,61.1444,28.136,0.9706,1,9.4859,8.3883,112.145069957775
"516214",571,"J-9",15297.4,15064.9,51.542,26.1044,0.9505,1,9.3209,7.0559,105.919950262806
"516215",572,"J-9",15196.8,15177.4,56.4753,27.2727,0.9541,1,9.6829,7.5957,64.8392058023438
"516216",573,"J-9",15407.1,15127,46.8847,25.6553,0.8951,1,9.8863,6.2543,25.0571759609382
"516217",574,"J-9",15232.8,14764.7,65.2574,29.1676,0.9639,1,9.7117,8.4015,6.73552316018516
"516218",575,"J-9",15355.5,15045.2,50.5538,25.9682,0.9421,1,9.2904,6.776,117.358115142957
"516219",576,"J-9",15342.4,15001.5,44.4566,24.1498,0.9579,1,8.3756,6.9525,137.88576309918
"516220",577,"J-9",15198.9,15187.7,47.8202,25.0027,0.9613,1,8.4039,7.2881,42.3137079848878
"516221",578,"J-9",15381.8,15065.8,44.6704,24.1877,0.9595,1,8.4092,6.8943,125.322464763096
"516222",579,"J-9",15216.3,15087.6,52.3144,26.6479,0.9258,1,9.9121,7.1236,146.429421355728
"516223",580,"J-9",15357.3,15096.5,47.3924,24.7046,0.9758,1,8.4231,7.3527,141.593996344716
"516224",581,"J-9",15280.6,15203.8,55.0221,26.8403,0.9598,1,9.2794,7.8217,50.1904778942001
"516225",582,"J-9",15168.2,15117.1,57.4148,28.2285,0.9054,1,10.7176,6.8786,113.404269202414
"516226",583,"J-9",15217.9,15037.7,62.9306,29.0099,0.9397,1,10.6192,7.8798,151.467646416118
"516227",584,"J-9",15140.9,15054.2,33.5695,21.4228,0.9192,1,7.9462,5.4552,106.742874938714
"516228",585,"J-9",15358.4,15075.3,54.6472,26.9253,0.9472,1,9.6372,7.1892,114.171417800246
"516229",586,"J-9",15377.3,15140.2,40.604,23.3818,0.9333,1,8.317,6.0082,120.508425458809
"516230",587,"J-9",15329.8,15322,62.9757,41.6761,0.4556,0.8878,17.5699,4.7527,92.1994533811672
"516231",588,"J-9",15299.8,14981.7,45.4102,24.985,0.9141,1,9.2819,6.433,137.590989633668
"516232",589,"J-9",15287.1,15109,31.3463,20.4366,0.9432,1,7.1894,5.7661,357.541484160273
"516233",590,"J-9",15348,15073.1,34.6893,21.8242,0.9152,1,8.1082,5.5541,124.932684216652
"516234",591,"J-9",15244.1,15172.5,49.1887,25.289,0.9665,1,8.6256,7.26,65.7764751896827
"516235",592,"J-9",15117.4,15137.8,57.253,27.73,0.9356,1,10.0815,7.1998,110.245284763159
"516236",593,"J-9",15437.7,15139.2,25.8087,18.5892,0.9385,1,6.6875,5.1486,351.547497696174
"516237",594,"J-9",15388.9,15191.2,25.7067,18.6017,0.9336,1,6.5278,5.2204,17.6606144216996
"516238",595,"J-9",15419,14978.8,27.3801,19.5827,0.8972,1,7.4502,4.7451,93.7291076580555
"516239",596,"J-9",15277.2,15061.1,51.7526,26.1132,0.9537,1,9.3175,7.0288,111.564470295958
"516240",597,"J-9",15193.1,15077.4,35.7625,22.2594,0.907,1,8.3351,5.5896,43.6588731987196
"516241",598,"J-9",15389,14797,34.3915,21.7476,0.9138,1,8.0349,5.6511,109.944000136691
"516242",599,"J-9",15353.6,15113.2,33.7734,21.4773,0.9201,1,7.8415,5.6202,114.93423570154
"516243",600,"J-9",15227.1,15003.3,47.3086,25.8834,0.8874,1,9.8743,6.1415,133.162493158313
"516244",601,"J-9",15259.6,15085.8,46.1954,24.6628,0.9544,1,8.5833,7.0286,42.717302760074
"516245",602,"J-9",15348.2,15025,37.291,22.4465,0.9301,1,8.2031,6.1975,144.627395554215
"516246",603,"J-9",15463.3,15176.6,36.2939,22.2084,0.9247,1,8.4271,5.7964,69.4528005539373
"516247",604,"J-9",15396.5,15044.8,34.2818,21.3045,0.9491,1,7.4575,5.8072,162.344627217009
"516248",605,"J-9",15273.2,15154,40.9084,23.445,0.9352,1,8.5783,6.0919,125.177242532405
"516249",606,"J-9",15311.5,15050.7,47.0365,25.4576,0.912,1,9.6307,6.283,157.68590568136
"516250",607,"J-9",15405.2,14975.8,26.862,19.3822,0.8986,1,7.2843,4.81,85.009411208438
"516251",608,"J-9",15286.9,15077,30.1569,20.218,0.9271,1,7.2822,5.3316,61.47048855257
"516252",609,"J-9",15265.5,15198,52.8382,26.6546,0.9346,1,9.9215,6.9308,160.218203558894
"516253",610,"J-9",15290.3,15091,62.2791,28.6408,0.9541,1,10.117,8.2082,153.157479677763
"516254",611,"J-9",15333.8,14982.1,48.8157,26.3273,0.885,1,10.1301,6.2043,137.088689707311
"516255",612,"J-9",15157.4,15131.4,36.1351,23.1329,0.8486,1,8.9772,5.002,39.5221724001772
"516256",613,"J-9",15386.9,15162.7,30.1714,20.1707,0.9319,1,7.457,5.3729,152.196933942514
"516257",614,"J-9",15152.9,15151.6,49.3926,25.5135,0.9535,1,9.1153,7.0234,345.909641887034
"516258",615,"J-9",15236.7,15192.8,33.697,21.2448,0.9382,1,7.3803,6.215,82.4286077433896
"516259",616,"J-9",15406.9,14944.7,35.681,22.0992,0.9181,1,8.2703,5.7684,137.946547561464
"516260",617,"J-9",15379.4,15150.4,44.4934,25.2269,0.8786,1,9.9755,5.7375,153.625040754974
"516261",618,"J-9",15313.9,15167.2,23.7301,17.9928,0.9211,1,6.6382,4.819,121.983917819205
"516262",619,"J-9",15366.1,14910.3,59.1492,28.9123,0.8892,1,11.1576,6.9915,109.650784256765
"516263",620,"J-9",15246.1,14932.9,37.9511,22.8512,0.9133,1,8.5348,5.9373,117.834188450239
"516264",621,"J-9",15055.6,15201.9,29.4524,19.9843,0.9267,1,7.4447,5.2299,74.2789357033129
"516265",622,"J-9",15215.5,15147.8,50.1667,25.4898,0.9703,1,8.7949,7.5199,105.733341013959
"516266",623,"J-9",15321.3,15192.2,45.4589,24.4703,0.954,1,8.6006,6.8372,0.643489359050621
"516267",624,"J-9",15150.9,15175.9,30.2329,20.0947,0.9409,1,7.1336,5.3498,84.9970943457245
"516268",625,"J-9",15165.9,15216.5,49.4797,25.4988,0.9563,1,8.7425,7.3122,353.162823088033
"516269",626,"J-9",15150.8,15121.4,37.4497,23.8798,0.8253,0.9799,9.3859,5.4767,94.6754997356147
"516270",627,"J-9",15170.2,15069,47.7007,25.2662,0.939,1,8.954,6.6026,100.321835739197
"516271",628,"J-9",15377.1,15113,42.2488,24.004,0.9214,1,8.8698,5.9369,123.104320784912
"516272",629,"J-9",15373.1,15012.5,47.9125,24.8925,0.9717,1,8.4235,7.3506,114.174119902181
"516273",630,"J-9",15132.4,15128.2,32.6321,20.7616,0.9513,1,7.1667,6.0384,233.257221535825
"516274",631,"J-9",15293.7,15040.6,40.5035,23.243,0.9421,1,8.377,6.4905,165.558493794867
"516275",632,"J-9",15180.4,15182.8,42.9479,24.0938,0.9297,1,8.9285,6.2057,149.280712792787
"516276",633,"J-9",15454.2,15145.7,36.6805,22.9098,0.8782,1,8.6644,5.4497,11.0290768114403
"516277",634,"J-9",15059.1,15108.6,43.4383,26.2627,0.7914,0.9954,10.684,5,101.050565458806
"516278",635,"J-9",15346.7,15198,28.1504,19.7834,0.9038,1,7.465,5.0907,147.906684137358
"516279",636,"J-9",15369.8,15059.2,28.4333,20.0697,0.8871,1,7.7395,4.7546,130.240566351732
"516280",637,"J-9",15183.6,15115.7,24.6575,18.6386,0.8919,1,7.1463,4.4039,121.375084606501
"516281",638,"J-9",15354.7,14974.8,29.7142,21.0096,0.8459,1,8.3948,4.5538,128.614776993057
"516282",639,"J-9",15334.2,14967.1,31.5305,21.63,0.8469,1,8.7484,4.6593,133.786976138919
"516283",640,"J-9",15340.4,14956.7,27.2236,19.136,0.9342,1,6.8789,5.1424,7.5487936412619
"516284",641,"J-9",15321.2,15000.5,27.8521,19.4267,0.9274,1,7.0063,5.3864,88.6141696705656
"516285",642,"J-9",15422.1,14999.9,32.6214,21.5064,0.8863,1,8.2992,5.0901,169.819985026158
"516286",643,"J-9",15376.5,15128.2,43.2056,23.9475,0.9467,1,8.3725,7.0272,99.9685883375866
"516287",644,"J-9",15173.3,15039.7,48.3845,25.972,0.9014,1,9.8351,6.8105,119.710387094856
"516288",645,"J-9",15379,14956.6,26.2052,18.6837,0.9434,1,6.5724,5.2193,10.2979247720208
"516289",646,"J-9",15289.8,15185.9,20.7968,16.6876,0.9385,1,6.0537,4.6393,24.2292060155584
"516290",647,"J-9",15276.1,14970.1,51.5944,27.7711,0.8407,1,10.7526,5.9664,155.709934065007
"516291",648,"J-9",15228.5,15201.1,32.2835,21.5444,0.874,1,8.2779,5.1371,347.143925790221
"516292",649,"J-9",15390.1,14990.3,33.6725,21.7336,0.8958,1,8.3049,5.1363,36.664440104544
"516293",650,"J-9",15321.2,15146.6,22.0898,17.1989,0.9384,1,5.9117,4.9499,99.2408599966086
"516294",651,"J-9",15305.5,14917.6,44.3834,25.9456,0.8285,1,10.3732,5.6189,129.989060644382
"516295",652,"J-9",15307.5,14929.6,25.7379,19.1777,0.8794,1,7.4014,4.6497,119.354185169062
"516296",653,"J-9",15441.3,15098.3,29.8783,20.9764,0.8533,1,8.3828,4.8075,107.933564851061
"516297",654,"J-9",15211.9,15063.4,27.4312,19.8588,0.8741,1,7.763,4.5003,137.010173285964
"516298",655,"J-9",15218.4,15214.7,28.7766,19.8251,0.9201,1,7.1819,5.2227,158.865913950044
"516299",656,"J-9",15225.3,14963.1,55.2878,26.9036,0.9599,1,9.321,7.7518,129.582238767364
"516300",657,"J-9",15418.1,15118.1,19.3392,15.98,0.9517,1,5.5938,4.6356,67.2895522632981
"516301",658,"J-9",15374.7,15205.4,29.1208,20.9493,0.8338,1,8.4054,4.5677,142.460824238162
"516302",659,"J-9",15165.6,15023.5,28.7209,20.0184,0.9006,1,7.5699,5.0257,136.225112369476
"516303",660,"J-9",15408.6,15011.4,26.7521,19.5171,0.8825,1,7.4229,4.7189,39.7622896224833
"516304",661,"J-9",15138.9,15227.1,22.9007,17.4343,0.9468,1,6.0461,5.0343,72.6274104272128
"516305",662,"J-9",15211.9,15167.1,25.3331,18.8738,0.8937,1,7.0503,4.88,73.9867973548883
"516306",663,"J-9",15230.8,15089.7,51.5071,26.7673,0.9034,1,10.2606,6.4303,149.557088387843
"516307",664,"J-9",15451.1,15197.8,28.429,20.4447,0.8547,1,8.2819,4.5484,252.716698458033
"516308",665,"J-9",15129.2,15170.3,34.6297,21.8406,0.9123,1,8.1837,5.4472,90.6423515856586
"516309",666,"J-9",15247.3,15155.9,36.9681,22.0666,0.954,1,7.5205,6.5127,121.482021699245
"516310",667,"J-9",15251.8,14993,41.5146,25.5202,0.801,1,10.211,5.4656,135.595914412179
"516311",668,"J-9",15399.2,14861.4,49.6733,27.7501,0.8106,0.9798,10.9256,5.8064,136.272906604176
"516312",669,"J-9",15045.2,15118.9,30.7512,20.2205,0.9451,1,6.9944,5.7417,98.1952109827218
"516313",670,"J-9",15335.8,14553.3,124.2647,48.6658,0.6593,0.9859,21.2146,7.0172,104.500454514693
"516314",671,"J-9",15396,14915.4,19.3746,16.0485,0.9453,1,5.3744,4.6938,247.670632739315
"516315",672,"J-9",15069.9,15212.3,41.9237,23.9647,0.9173,1,8.7072,6.28,52.9209539357396
"516316",673,"J-9",15313.1,15030.9,21.8859,17.3014,0.9188,1,6.3083,4.3434,171.062116835163
"516317",674,"J-9",15046,15155.7,23.2672,18.5772,0.8472,1,7.3962,4.097,84.5489696602992
"516318",675,"J-9",15413.3,14893.7,31.4545,23.1775,0.7358,1,9.7006,4.0102,125.366942635594
"516319",676,"J-9",15434.6,15180.1,30.114,20.9107,0.8654,1,8.2402,4.7723,9.42262952038971
"516320",677,"J-9",15255.4,15059.8,47.2041,26.2314,0.8621,1,10.3552,5.8057,140.976935955589
"516321",678,"J-9",15305.4,15076.8,30.9481,20.7711,0.9014,1,7.7151,5.507,123.660197676207
"516322",679,"J-9",15167.2,15058.6,33.6278,21.5621,0.9089,1,8.1525,5.413,143.931424656305
"516323",680,"J-9",15397.7,15068.2,22.9627,18.814,0.8152,1,7.7129,3.8772,91.737487499624
"516324",681,"J-9",15050.5,15189.5,34.5739,22.2098,0.8808,1,8.7137,5.2307,237.832660759722
"516325",682,"J-9",15134.9,15204.2,32.5791,21.5121,0.8847,1,8.0277,5.307,166.072480957159
"516326",683,"J-9",15217,14928.2,28.4936,20.1169,0.8848,1,7.6505,4.9402,141.108133915721
"516327",684,"J-9",15370.1,14881.1,38.1987,24.652,0.7899,1,9.8448,4.8284,133.446679094143
"516328",685,"J-9",15214.2,14981.3,42.5569,25.1298,0.8468,1,10.0805,5.4119,140.447113078832
"516329",686,"J-9",15204.9,15001.2,28.0359,20.7883,0.8152,1,8.1706,4.7671,316.812847799364
"516330",687,"J-9",15173.2,15173,18.4858,16.0715,0.8994,1,5.9594,4.2625,12.2035309218074
"516331",688,"J-9",15384.7,15210.1,18.6767,16.4657,0.8657,1,6.5049,3.7022,0.214226404679052
"516332",689,"J-9",15359.9,14862.5,40.6779,25.8761,0.7634,0.9909,10.9004,4.9977,123.896015871235
"516333",690,"J-9",15048.5,15074.3,20.9023,17.0262,0.9061,1,6.246,4.3148,124.00547168274
"516334",691,"J-9",15138.8,15192.1,24.4077,18.4888,0.8973,1,6.9735,4.7265,101.915770540583
"516335",692,"J-9",15327.9,15087.9,17.322,15.4275,0.9146,1,5.5812,4.0683,123.622500774099
"516336",693,"J-9",15384.8,15026.1,28.9835,20.3059,0.8833,1,7.8388,4.7985,32.9888883706858
"516337",694,"J-9",15025.1,15127.7,28.3554,21.0106,0.8072,1,8.75,4.3201,92.0617346424008
"516338",695,"J-9",15450.4,15176.4,18.6544,16.801,0.8305,1,6.5735,3.5344,49.8759801837626
"516339",696,"J-9",15071.4,15234.3,28.4176,19.5374,0.9355,1,6.7478,5.5017,51.2958848154265
"516340",697,"J-9",15304.3,14879.6,43.2582,24.8611,0.8795,1,9.6258,5.8122,144.086945685474
"516341",698,"J-9",15131.9,15162.1,38.2826,24.2348,0.8191,1,10.0392,4.7824,110.552378719303
"516342",699,"J-9",15329.7,15334.4,27.1616,24.532,0.5672,0.922,10.7731,3.5077,105.246985310684
"516343",700,"J-9",15087.6,15137.4,31.8082,22.3368,0.8011,0.9843,8.962,4.6296,121.147110100065
"516344",701,"J-9",15140.9,15095.8,30.6771,20.8169,0.8896,1,7.8352,5.4862,130.476412790737
"516345",702,"J-9",15294,14903.2,22.1524,18.2144,0.8391,1,7.2717,3.9476,141.38537243513
"516346",703,"J-9",15150.9,15090,25.6729,18.8688,0.9061,1,7.1738,4.6554,85.9320227054855
"516347",704,"J-9",15054,15245.1,26.8159,20.5055,0.8014,1,8.2708,4.2814,236.390296983333
"516348",705,"J-9",15223.8,15239.6,22.6449,18.2302,0.8562,1,7.2534,4.1437,36.1002856851563
"516349",706,"J-9",15186.4,15008.2,17.1607,15.5887,0.8874,1,5.6685,3.9927,128.530289806199
"516350",707,"J-9",15404.5,15182.3,18.5719,16.6987,0.837,1,6.512,3.6908,170.187266747451
"516351",708,"J-9",15237.6,15113.5,44.7047,24.5162,0.9347,1,9.0149,6.4774,69.1091600593675
"516352",709,"J-9",15304,15211.3,25.8185,20.1601,0.7983,1,8.3486,4.1714,158.267300191757
"516353",710,"J-9",15252.8,15037.1,25.8866,20.3,0.7894,0.9822,8.243,4.0477,140.780968397689
"516354",711,"J-9",15285.3,14980.9,36.3147,23.7633,0.8081,1,9.9492,4.8267,130.386482865503
"516355",712,"J-9",15174.7,15233,25.2833,18.2877,0.95,1,6.2251,5.2496,117.001205640062
"516356",713,"J-9",15225.4,15327.1,24.2482,21.7977,0.6413,0.9737,9.4578,3.3455,171.607072425555
"516357",714,"J-9",15311.2,15254,31.9511,23.4331,0.7312,1,9.9756,4.1758,167.81817898315
"516358",715,"J-9",15012.7,15121.3,28.7218,20.2434,0.8808,1,7.9007,4.8305,88.0857183918142
"516359",716,"J-9",15138.7,15011.5,33.6349,21.8881,0.8822,1,8.3776,5.0299,126.31853415887
"516360",717,"J-9",15331.7,15205.4,29.1123,20.6543,0.8576,1,8.0691,4.6406,122.334224231698
"516361",718,"J-9",15338,14628.2,22.6224,19.8016,0.725,0.9486,8.0006,4.0839,259.725005354857
"516362",719,"J-9",15382.9,14761.2,32.0958,22.4469,0.8005,1,9.2528,4.405,126.263714973416
"516363",720,"J-9",15043.2,15051.6,43.9688,26.8993,0.7636,0.9983,11.2768,5.05,115.070003510798
"516364",721,"J-9",15378.7,14890,64.4947,29.6939,0.9192,1,10.4067,8.6369,163.561063020799
"516365",722,"J-9",15310.5,15182.5,21.0875,17.6499,0.8507,1,6.9651,3.8222,95.8896687879587
"516366",723,"J-9",15235.9,14983.1,27.5696,21.2909,0.7643,1,8.8488,4.0837,131.753216695982
"516367",724,"J-9",15095.4,15223.8,23.7557,18.8852,0.837,1,7.506,4.1825,235.559057192318
"516368",725,"J-9",15114.7,15292.4,25.4452,20.3232,0.7742,0.9755,8.3126,4.1624,33.1711656748811
"516369",726,"J-9",15314.1,14879.8,15.8868,15.0946,0.8762,1,5.7127,3.788,122.281865016938
"516370",727,"J-9",15129.4,15031.1,30.7839,21.2818,0.8541,1,8.4316,4.7719,132.092344996119
"516371",728,"J-9",15433.2,15122.2,22.2175,19.6791,0.7209,0.9734,8.2104,3.5759,45.2618196472457
"516372",729,"J-9",15097.5,15099.7,27.227,20.7866,0.7919,1,8.6719,4.111,94.9434475561953
"516373",730,"J-9",15326.4,14585.2,37.1041,29.1096,0.5502,0.9482,12.8086,3.6264,96.8888779105867
"516374",731,"J-9",15079.2,15156.2,39.4713,24.1218,0.8525,1,9.71,5.2531,90.68406241276
"516375",732,"J-9",15436.7,15223.2,34.6663,23.2612,0.8051,1,9.637,4.6495,68.3906084804117
"516376",733,"J-9",15053.6,15132.4,27.9787,20.674,0.8226,1,8.2444,4.262,94.218008327976
"516377",734,"J-9",15226.3,15222,31.0245,21.729,0.8257,1,8.679,4.5945,30.993481536816
"516378",735,"J-9",15033.2,15170,35.0003,24.6351,0.7247,1,10.538,4.1834,82.3099478270118
"516379",736,"J-9",15051.1,15107.5,19.727,16.8183,0.8764,1,6.4101,4.1218,110.65415622216
"516380",737,"J-9",15183.6,15348,37.5947,27.3905,0.6297,0.9722,12.1018,3.9019,17.4663802028877
"516381",738,"J-9",15291.8,15168.4,16.0387,15.1518,0.8779,1,5.8481,3.7682,134.135907556748
"516382",739,"J-9",15212.1,15199.8,28.7748,23.0528,0.6804,1,9.8681,3.8468,161.338605198179
"516383",740,"J-9",15164.2,15321.3,41.7421,26.0461,0.7732,0.9763,10.4561,5.3847,0.218873805511542
"516384",741,"J-9",15053.1,15179.1,28.6859,20.9495,0.8214,1,8.4238,4.2439,101.429671697291
"516385",742,"J-9",15265,15228.2,25.2431,20.6995,0.7403,0.9833,8.6996,3.8677,2.98864572976034
"516386",743,"J-9",15202.6,15229.2,18.2126,17.9144,0.7131,0.9644,7.5781,3.3386,357.226673424306
"516387",744,"J-9",15256,14887.1,24.1984,20.8719,0.698,0.9771,8.8197,3.8108,131.044948385234
"516388",745,"J-9",15091,15259.1,33.9738,22.1001,0.8741,1,8.5673,5.1046,42.3309233207148
"516389",746,"J-9",15394.4,14757.6,22.6328,19.3313,0.7611,1,8.1926,3.909,110.723510754612
"516390",747,"J-9",15265.3,15238.6,23.4274,20.5605,0.6964,0.9792,8.9219,3.4129,177.113803533376
"516391",748,"J-9",15330.5,15245.9,15.3731,16.3432,0.7233,1,6.9163,3.0912,0.345783872373765
"516392",749,"J-9",15288.6,15220.6,22.0868,19.1238,0.7589,1,8.0439,3.6904,8.09767921943094
"516393",750,"J-9",15042.5,15135,11.2574,12.5438,0.8991,1,4.7137,3.382,241.326012103082
"516394",751,"J-9",15023.6,15120.2,26.659,21.2472,0.7421,1,8.7213,3.5901,99.7931020157787
"516395",752,"J-9",15283.2,15022,19.2778,17.8241,0.7625,1,7.3177,3.2831,141.63213430089
"516396",753,"J-9",15271.7,14863.1,41.3574,27.1148,0.7069,0.9886,11.8385,4.5557,134.978357820229
"516397",754,"J-9",15207.3,14899,34.8964,25.1803,0.6916,0.9851,10.9532,4.2414,141.048018730389
"516398",755,"J-9",15036.8,15170.8,21.7108,19.4155,0.7238,0.9353,7.9236,3.7614,78.8545452327692
"516399",756,"J-9",15027.5,15171.8,34.1032,24.9178,0.6902,1,10.7881,4.0264,82.8569963245891
"516400",757,"J-9",15169.5,14907.5,19.9489,21.0515,0.5657,0.9425,9.4833,2.9385,116.145543489354
"516401",758,"J-9",15197,15209.9,17.9385,18.2642,0.6758,0.9711,8.049,3.0755,174.236948843124
"516402",759,"J-9",15205.4,15053.6,25.7437,21.2002,0.7198,1,9.0473,3.5958,130.750538108331
"516403",760,"J-9",15315.8,14813.9,30.4443,23.2265,0.7092,0.9704,9.7717,4.0665,135.759875297435
"516404",761,"J-9",15277.5,14698.1,51.2376,27.5117,0.8507,0.9946,10.6464,6.4095,72.4980748269313
"516405",762,"J-9",15080,15066.9,44.0821,26.626,0.7814,0.9835,10.9248,5.1999,115.90987905179
"516406",763,"J-9",15058.6,15073.9,26.8115,21.2035,0.7494,0.9968,8.8278,3.9574,107.387312808768
"516407",764,"J-9",15203.9,14914.1,21.0017,19.0398,0.728,0.9391,7.6388,3.7751,140.873706989599
"516408",765,"J-9",15043,15102.2,14.1948,14.2146,0.8828,1,5.428,3.4727,97.7912289127218
"516409",766,"J-9",15163.1,15244.2,22.5134,19.0939,0.776,1,7.9084,3.6442,31.0660441976391
"516410",767,"J-9",15133.6,15098.4,24.2736,20.0304,0.7603,1,8.4303,3.7715,99.458162456656
"516411",768,"J-9",15070.6,15004.8,42.2142,27.1228,0.7211,1,11.444,4.4515,119.92488094258
"516412",769,"J-9",15282.9,14883.8,29.5619,22.4598,0.7364,1,9.4204,3.7985,146.471030707834
"516413",770,"J-9",15413.3,15210.1,15.1112,15.423,0.7983,1,6.3332,3.2586,159.112269988867
"516414",771,"J-9",15426.5,14944.1,45.6301,28.1376,0.7242,0.9869,11.9523,4.6241,112.375927341071
"516415",772,"J-9",15027.3,15190.2,27.1284,22.5801,0.6686,1,9.8646,3.3331,249.296576168726
"516416",773,"J-9",15169.3,14974.2,32.9169,23.1058,0.7748,1,9.6695,4.3291,133.904215258497
"516417",774,"J-9",15188,15192.4,12.7875,13.4741,0.8851,1,4.7495,3.7266,33.3649494784183
"516418",775,"J-9",15083.3,14994.7,29.1533,22.445,0.7272,0.9784,9.7147,4.1741,111.387954453184
"516419",776,"J-9",15080,15216.2,41.0576,23.6839,0.9198,1,8.549,6.4153,207.995726157245
"516420",777,"J-9",15360.2,15214.1,16.7398,16.3765,0.7844,1,6.8614,3.1609,30.0425446525337
"516421",778,"J-9",15186.1,15153.8,16.3779,14.8164,0.9375,1,5.1396,4.1086,152.010399802253
"516422",779,"J-9",15200,15248,25.7154,21.1457,0.7227,1,8.9727,3.6203,355.002030830164
"516423",780,"J-9",15269.8,14987.6,19.4019,16.8679,0.8569,1,6.6195,3.8025,143.972729215922
"516424",781,"J-9",15357.6,14695.6,24.8591,21.136,0.6993,0.996,9.0826,3.5438,49.838820295367
"516425",782,"J-9",15026.3,15101.9,37.2384,26.2748,0.6778,0.9461,11.0433,4.631,116.598575738116
"516426",783,"J-9",15217.6,15232.3,16.0259,16.7447,0.7183,1,7.0509,3.1619,183.503556321619
"516427",784,"J-9",15207.9,15235.2,20.0936,18.0349,0.7763,1,7.4328,3.5153,177.183980149299
"516428",785,"J-9",15115.7,15309.7,37.9038,24.4048,0.7997,1,10.0349,5.0459,29.8342271310273
"516429",786,"J-9",15225.8,14952.5,20.6446,17.6912,0.8289,1,7.1871,4.009,133.019802499727
"516430",787,"J-9",15128.2,14962.7,26.62,21.892,0.698,0.962,9.3512,3.7232,131.62116588833
"516431",788,"J-9",15046.4,15198.3,44.9521,26.211,0.8222,1,10.692,5.3495,244.686663269269
"516432",789,"J-9",15102.7,15193.6,19.5516,17.1859,0.8319,1,6.6651,3.9863,44.3644829077265
"516433",790,"J-9",15330.6,14602.4,27.6969,21.4147,0.759,0.9988,9.1338,3.9524,90.3635158097507
"516434",791,"J-9",15164.4,15331.1,24.8725,22.509,0.6169,0.9486,9.9473,3.4791,4.70884650934997
"516435",792,"J-9",15286,15244.5,16.1325,15.8932,0.8026,1,6.5548,3.3468,16.1014053711851
"516436",793,"J-9",15345.3,14916.6,35.1022,23.4801,0.8001,1,9.6433,4.6997,127.356804075516
"516437",794,"J-9",15154.2,14917.2,16.3976,16.1573,0.7893,1,6.5294,3.3129,96.4251568927292
"516438",795,"J-9",15345.6,14934.4,21.2939,18.1607,0.8113,0.9793,7.1342,4.0114,147.25137943043
"516439",796,"J-9",15122.7,15066.2,31.1942,20.4498,0.9374,1,7.1676,6.1044,115.403975035651
"516440",797,"J-9",15160.6,14949,40.4525,26.4547,0.7264,0.987,11.2685,4.6659,136.179807974766
"516441",798,"J-9",15187.5,15229.1,17.208,18.8674,0.6075,1,8.223,2.5977,163.79832049319
"516442",799,"J-9",15263.2,15154.9,16.8546,15.2959,0.9053,1,5.7104,4.0077,110.612158256073
"516443",800,"J-9",15019,15135,35.1791,24.8183,0.7177,1,10.6238,4.0507,86.4933698772506
"516444",801,"J-9",15126.3,15269.8,59.343,29.582,0.8522,1,11.7283,6.5512,33.3260764321814
"516445",802,"J-9",15134.2,15306.9,44.0162,25.2522,0.8674,1,9.7927,5.8678,18.0013236881144
"516446",803,"J-9",15157,15208.8,16.009,17.4179,0.6631,1,7.5037,2.5563,163.658083136281
"516447",804,"J-9",15293,14724.8,59.1864,30.0354,0.8245,1,12.1187,6.1143,74.3000797794501
"516448",805,"J-9",15190.4,15036.4,24.904,21.2313,0.6943,0.9835,9.2468,3.485,157.157564798605
"516449",806,"J-9",15183,15053.9,20.3003,17.8581,0.7999,1,7.2409,3.7863,127.6307685122
"516450",807,"J-9",15277.1,15233.4,20.7912,18.3538,0.7756,1,7.7385,3.6009,354.926082553384
"516451",808,"J-9",15211.9,14938.7,34.9416,24.7679,0.7158,0.9852,10.434,4.2624,136.211806110524
"516452",809,"J-9",15069.1,15129.2,36.6241,23.8433,0.8096,1,9.506,5.2355,114.869147920654
"516453",810,"J-9",15204.3,15325.5,26.2853,21.9426,0.686,0.984,9.7148,3.4883,3.49729235738485
"516454",811,"J-9",15415.9,15228.2,43.2749,25.9885,0.8052,0.9752,10.417,5.6256,10.2946554319657
"516455",812,"J-9",15219,15049.5,32.2568,22.1172,0.8286,0.9925,9.0381,4.7238,110.513094934307
"516456",813,"J-9",15089.3,15115.8,33.2615,23.8068,0.7375,0.9915,10.0987,4.2609,113.147682449034
"516457",814,"J-9",15184.2,14847.5,20.0657,22.9757,0.4777,0.9411,10.4883,2.3355,87.716262197621
"516458",815,"J-9",15090.8,15168.7,18.5885,17.3461,0.7763,1,7.2379,3.3812,116.751248677147
"516459",816,"J-9",15256.6,15125.5,20.5445,16.8804,0.906,1,6.335,4.1307,166.801919320862
"516460",817,"J-9",15162,15326.1,31.2516,25.7707,0.5913,1,11.3363,3.4266,9.57869868737571
"516461",818,"J-9",15231,14873.5,24.38,21.6795,0.6518,1,9.3765,3.5017,136.361525367325
"516462",819,"J-9",15218.1,14910.1,22.0917,19.6135,0.7217,0.9376,8.1194,3.8321,137.555197973783
"516463",820,"J-9",15115,15174,13.683,14.3224,0.8382,1,5.7142,3.2606,36.0895500155574
"516464",821,"J-9",15203.1,14957.3,59.3767,30.7689,0.7881,0.9667,12.2185,6.5565,115.44489833332
"516465",822,"J-9",15183.8,14794.7,22.1154,21.04,0.6278,0.9702,9.0712,3.1826,124.817937641685
"516466",823,"J-9",15047.3,15232.5,24.6561,20.3225,0.7502,0.9991,8.4632,3.8832,43.4004639733965
"516467",824,"J-9",15253.5,15029.9,24.7165,20.6852,0.7259,1,8.7947,3.424,149.741457007176
"516468",825,"J-9",15046.7,15096.3,15.2412,15.1617,0.8332,1,5.998,3.3058,91.9425102462151
"516469",826,"J-9",15070.7,15075.8,33.1243,23.4767,0.7552,1,9.936,4.136,114.760797850175
"516470",827,"J-9",15157.3,15190.6,12.0589,12.8584,0.9165,1,4.581,3.6576,75.2449208491731
"516471",828,"J-9",15328.4,14613.5,24.5942,21.3755,0.6764,0.9817,9.0673,3.363,83.5443452583984
"516472",829,"J-9",15146.2,14918.8,25.4568,22.4965,0.6321,0.9444,9.8121,3.4186,121.123221198595
"516473",830,"J-9",15301.9,15238,14.0285,16.3108,0.6626,1,7.1509,2.6228,172.025959763084
"516474",831,"J-9",15149.7,14920.8,10.1319,12.4729,0.8184,1,4.8881,2.7885,120.896747669488
"516475",832,"J-9",15226,15332.6,10.3385,16.2834,0.49,0.9494,7.4951,1.7369,3.53795703554537
"516476",833,"J-9",15114.4,15254.5,17.4604,18.7252,0.6258,0.9225,8.1171,3.1104,25.7302486241958
"516477",834,"J-9",15360.3,14686.2,15.9092,14.9901,0.8897,1,5.7963,3.6094,241.760086887927
"516478",835,"J-9",15147.9,14939.5,22.6182,20.652,0.6664,1,9.1061,3.3276,135.51023550024
"516479",836,"J-9",15085.3,15233.6,23.4711,20.1362,0.7274,0.9642,8.4452,3.6754,47.1882041600249
"516480",837,"J-9",15374.2,14761.9,29.3183,22.6464,0.7184,1,9.665,4.2565,128.866197489505
"516481",838,"J-9",15250,14868.2,28.5249,23.7379,0.6361,0.9809,10.3779,3.7049,141.726049402451
"516482",839,"J-9",15191.4,15256.8,14.1325,16.1352,0.6822,0.9667,6.8513,2.7991,7.77503708107059
"516483",840,"J-9",15037.5,15161.1,51.52,29.3893,0.7496,1,12.2322,5.3162,77.4673241985694
"516484",841,"J-9",15213.7,15171.4,14.0389,16.536,0.6452,0.8343,5.4298,4.3206,127.232298079543
"516485",842,"J-9",15233.6,15076.2,13.7207,13.8884,0.8939,1,4.9683,3.6215,352.265653060509
"516486",843,"J-9",15358.8,14832.4,25.1857,20.1295,0.7811,0.9755,8.2064,4.0791,121.091521353339
"516487",844,"J-9",15195.2,15215.7,19.1141,19.2124,0.6507,0.9446,8.2708,3.1221,172.683229169512
"516488",845,"J-9",15242.2,15259.7,15.2179,16.3754,0.7132,1,7.0519,2.8145,21.305819787317
"516489",846,"J-9",15192.3,15350.1,18.099,20.6277,0.5345,0.9056,8.3239,2.8674,12.7361146649208
"516490",847,"J-9",15368.1,15235.3,19.5605,19.626,0.6382,0.9768,8.5699,3.0393,141.133596569032
"516491",848,"J-9",15021.9,15109.6,24.1275,20.3119,0.7349,0.9709,7.954,4.0252,109.864804936634
"516492",849,"J-9",15146.2,14969.8,33.3986,24.989,0.6721,1,10.9291,3.8794,138.868899660728
"516493",850,"J-9",15300.9,14843.2,23.2663,22.0276,0.6026,0.9755,9.7918,3.0977,132.425760624544
"516494",851,"J-9",15194.6,15202.1,15.6275,16.637,0.7095,1,7.2733,2.9679,111.564305185676
"516495",852,"J-9",15219.3,15321.1,44.2904,26.0367,0.821,1,10.7815,5.5231,180.218129578298
"516496",853,"J-9",15169.3,14956.6,13.9307,13.7024,0.9324,1,4.6712,4.0401,260.081413930227
"516497",854,"J-9",15091.4,15297.9,18.3301,18.2412,0.6923,0.9941,7.967,3.0399,39.6931556587706
"516498",855,"J-9",15374,15038.6,26.4641,18.8781,0.9332,1,6.8136,4.9625,110.911657293925
"516499",856,"J-9",15260.3,14675.7,22.3762,19.4944,0.7399,1,8.3931,3.3486,54.3680937221599
"516500",857,"J-9",15113.6,15298.5,19.8657,18.0989,0.7621,1,7.6577,3.4526,32.7770023844998
"516501",858,"J-9",15165,15145.2,60.3667,30.3852,0.8216,0.9877,11.9718,6.3859,137.444412531191
"516502",859,"J-9",15099.1,14976.5,25.6686,19.3954,0.8575,1,7.8106,4.556,128.625283760927
"516503",860,"J-9",15294.4,14894.9,20.4435,17.1288,0.8756,1,6.5833,4.1157,139.205692741162
"516504",861,"J-9",15166.6,15303.9,17.6359,17.7629,0.7024,1,7.6503,3.0133,18.724633445886
"516505",862,"J-9",15285.2,15309.1,30.5631,23.7023,0.6836,0.9783,10.3002,3.7874,155.939867428268
"516506",863,"J-9",15335.2,14575.2,166.2115,58.4917,0.6105,0.9691,25.3196,8.9318,93.3593255313175
"516507",864,"J-9",15048.1,15104.5,10.1624,11.9311,0.8971,1,4.3252,3.2348,88.4852344885748
"516508",865,"J-9",15142.6,15036.9,37.3257,24.486,0.7823,1,10.2316,4.8757,117.348337875789
"516509",866,"J-9",15344,14663.8,19.6799,19.54,0.6477,0.9755,8.5964,3.1343,240.079903219855
"516510",867,"J-9",15086.6,15020.8,30.7553,22.2579,0.7801,1,9.1882,4.3836,127.245484362987
"516511",868,"J-9",15064.5,15218.3,24.9046,20.8213,0.7219,1,8.9247,3.5773,31.6422265805882
"516512",869,"J-9",15161,15232.2,13.4617,15.6286,0.6926,1,6.5621,2.5539,15.8228567993417
"516513",870,"J-9",15268,15075.1,14.2428,14.1134,0.8985,1,5.0294,4.0823,286.065173094362
"516514",871,"J-9",15283.3,15220.7,11.1322,18.3257,0.4166,0.7097,6.1176,3.0545,171.166615834209
"516515",872,"J-9",15292.1,14754,132.2564,47.7531,0.7288,0.9925,20.1575,8.0207,88.436270788912
"516516",873,"J-9",15293.4,15234,12.5522,14.151,0.7877,1,5.8593,2.7945,12.3376947825463
"516517",874,"J-9",15229.6,14913.5,18.4386,17.8145,0.7301,0.969,7.4676,3.4492,135.166928144784
"516518",875,"J-9",15340.6,15236.7,18.2092,19.1986,0.6208,0.9634,8.3489,2.6979,153.965438937214
"516519",876,"J-9",15136.3,15316.1,20.7189,19.0558,0.717,1,8.1048,3.1964,16.6049146520661
"516520",877,"J-9",15296.7,15301.2,13.1779,15.392,0.699,1,6.5791,2.5482,159.591953758065
"516521",878,"J-9",15210,15108.8,17.2854,15.389,0.9172,1,5.583,4.2638,326.549274446049
"516522",879,"J-9",15176.9,15321.2,15.6228,14.6053,0.9203,1,5.1835,3.8654,9.80597634638233
"516523",880,"J-9",15154.6,15328.7,13.7997,18.5442,0.5043,0.9194,8.0887,2.3397,11.1912051723879
"516524",881,"J-9",15238.1,15321.4,27.2081,23.4299,0.6228,0.9713,10.1228,3.3074,177.764561630685
"516525",882,"J-9",15187,15341.4,12.5057,17.8147,0.4952,0.8969,7.8722,2.1141,162.666657386147
"516526",883,"J-9",15100.8,15218.9,28.1308,20.6455,0.8294,1,8.3947,4.4492,47.4237927203234
"516527",884,"J-9",15154.2,15225.1,11.4315,14.487,0.6845,1,6.2472,2.6377,14.7418703695146
"516528",885,"J-9",15060.3,15198.4,18.4905,18.0387,0.7141,1,7.7835,3.135,48.8041072427564
"516529",886,"J-9",15245,14847.1,28.0361,22.1301,0.7194,1,9.5411,3.8749,100.728244782482
"516530",887,"J-9",15357.2,14799.1,34.2703,24.1127,0.7407,1,10.3137,4.2986,126.966394530465
"516531",888,"J-9",15106,15238.3,21.2966,19.5954,0.697,1,8.3481,3.2761,42.8884225846123
"516532",889,"J-9",15229,14937.5,34.5568,21.5518,0.9349,1,7.5748,5.821,129.878270829657
"516533",890,"J-9",15335.8,15281.5,19.2443,19.2203,0.6546,1,8.6384,2.975,155.304927223683
"516534",891,"J-9",15266.5,14928.4,28.4375,20.441,0.8553,1,7.8,4.8581,120.463625861397
"516535",892,"J-9",15285.9,15010.3,12.0558,13.5352,0.8269,1,5.4116,3.0347,353.01262951452
"516536",893,"J-9",15313.7,14865.4,21.8441,18.3304,0.817,1,7.5372,3.8424,134.693268810761
"516537",894,"J-9",15395,15242.8,21.9762,20.5565,0.6535,0.9812,8.7768,3.2004,163.385123894176
"516538",895,"J-9",15237,15031.5,14.1046,14.9051,0.7978,1,5.8646,3.1455,138.176998553995
"516539",896,"J-9",15340.9,14541.3,13.4289,18.9193,0.4715,0.8364,8.1755,2.8363,111.085977860129
"516540",897,"J-9",15118.8,15197.2,14.2218,14.8511,0.8103,1,6.0624,3.1177,42.1810200186537
"516541",898,"J-9",15288.2,15159,23.6133,17.8983,0.9263,1,6.4148,4.8415,123.922885913395
"516542",899,"J-9",15153.5,15320.9,65.8424,37.6876,0.5825,0.9087,14.6802,6.0511,182.027871079617
"516543",900,"J-9",15387.4,15006.2,23.3059,17.7829,0.9261,1,6.3749,4.6073,67.9560546572175
"516544",901,"J-9",15297.2,14963.7,27.7228,23.0865,0.6536,0.9691,10.0821,3.6819,139.026876182127
"516545",902,"J-9",15258.2,15253.2,16.7378,16.7812,0.7469,1,7.0808,3.1006,165.462854905332
"516546",903,"J-9",15192.7,15315.6,13.8937,16.211,0.6644,1,7.1264,2.6222,7.07990993935312
"516547",904,"J-9",15065.2,15092.8,21.9318,19.1257,0.7534,1,7.915,3.5884,110.597084494493
"516548",905,"J-9",15231.7,15333.6,7.9945,15.5783,0.414,0.7378,6.2149,2.0474,22.3169265913727
"516549",906,"J-9",15108.9,14966.5,17.2155,18.8204,0.6108,1,8.1567,2.7153,123.570143716592
"516550",907,"J-9",15371.4,14816.7,18.0872,16.6651,0.8184,1,6.7898,3.7223,127.412938168031
"516551",908,"J-9",15197,15085.3,27.1057,20.4313,0.816,1,8.2215,4.2712,136.132073168265
"516552",909,"J-9",15166.9,15034.8,59.5972,29.7687,0.8451,1,12.0183,6.7165,136.941997681205
"516553",910,"J-9",15295.8,15206.6,13.771,14.0077,0.8819,1,5.3016,3.4699,238.210917591033
"516554",911,"J-9",15142.3,14873.9,12.6945,16.849,0.5619,0.961,7.6158,2.2168,101.889839119838
"516555",912,"J-9",15485.6,15119,57.7805,29.0141,0.8625,1,11.2797,6.5682,70.8358475604078
"516556",913,"J-9",15235.6,15310.9,15.032,18.1514,0.5733,0.9248,8.0129,2.7108,1.33639385651311
"516557",914,"J-9",15213.5,14914,15.3482,17.4539,0.6331,0.8891,6.6665,3.3471,132.046990007721
"516558",915,"J-9",15204.3,15128.6,18.6618,16.3758,0.8745,1,6.341,3.8418,119.562975495519
"516559",916,"J-9",15317.4,15303.8,15.123,17.9206,0.5918,0.9557,7.8826,2.5447,165.023555080394
"516560",917,"J-9",15126,15183.2,11.8267,13.8466,0.7752,1,5.6227,2.7466,103.64101883839
"516561",918,"J-9",15291.1,15303.2,13.1313,16.2018,0.6286,0.9217,6.586,2.683,161.77456832982
"516562",919,"J-9",15393.6,15258.6,32.9048,23.2642,0.764,0.9857,9.8147,4.5782,155.455202825724
"516563",920,"J-9",15382.8,15220.4,10.117,13.726,0.6748,1,6.0051,2.3702,153.480796687376
"516564",921,"J-9",15142.2,15179.8,14.5266,15.1394,0.7964,1,6.2608,3.1852,88.4229035442687
"516565",922,"J-9",15116.3,15096.4,24.5537,19.1754,0.8391,1,7.345,4.8258,118.051941500156
"516566",923,"J-9",15442.6,15068.8,12.5405,14.3493,0.7654,1,5.8612,2.8854,95.704880616974
"516567",924,"J-9",15443.2,15225.7,24.9766,19.9686,0.7871,1,8.282,3.9929,83.0591804313131
"516568",925,"J-9",15326.3,15274.6,22.8596,22.4028,0.5724,1,9.9485,2.7697,163.388818080933
"516569",926,"J-9",15239.7,15310,6.9893,16.0506,0.3409,0.663,5.9606,2.6833,1.22874046880497
"516570",927,"J-9",15341.1,15224.5,16.8176,17.5869,0.6833,0.9681,7.4821,2.9068,150.741586726236
"516571",928,"J-9",15397.3,15131.6,21.6177,17.2739,0.9104,1,6.4729,4.3124,77.2264243971672
"516572",929,"J-9",15241.1,14909.5,25.385,21.2512,0.7064,0.9843,8.9894,3.9814,130.002810874221
"516573",930,"J-9",15236.9,15228.7,19.5445,18.0083,0.7573,0.9782,7.2345,3.5783,158.945216796322
"516574",931,"J-9",15360.8,14781.9,29.2753,22.0348,0.7577,0.9841,9.2876,4.235,121.095450726604
"516575",932,"J-9",15074,15040.9,21.3038,17.8998,0.8355,1,7.2063,4.0127,127.16390388187
"516576",933,"J-9",15172.1,15330.8,22.4865,21.7508,0.5973,0.9341,8.8491,3.2817,7.60484795962843
"516577",934,"J-9",15067,15186.1,34.0557,22.6492,0.8342,1,8.9769,4.7921,71.408082218909
"516578",935,"J-9",15282.1,15301,12.865,15.4644,0.676,1,6.7656,2.4582,2.95395636537122
"516579",936,"J-9",15180.9,14799.4,9.2183,19.07,0.3185,0.6,6.5082,3.4965,99.2226302314049
"516580",937,"J-9",15105.1,14948.3,23.5349,23.6776,0.5275,0.8948,10.3249,3.2507,118.064151945999
"516581",938,"J-9",15127,15098.6,15.0331,15.3066,0.8063,0.9877,6.0326,3.4369,107.874717358912
"516582",939,"J-9",15177.6,15328,32.3726,24.233,0.6927,0.9783,10.1855,4.2572,22.3127468646584
"516583",940,"J-9",15222.4,15267.8,14.6172,14.738,0.8457,1,5.833,3.2008,168.351219086872
"516584",941,"J-9",15154.5,14911.8,15.9765,19.6326,0.5209,0.9023,8.7039,2.7657,112.707395960795
"516585",942,"J-9",15334.6,15213,8.6442,12.1808,0.7321,1,5.2119,2.3621,8.55002243329972
"516586",943,"J-9",15180.1,15311.2,15.5333,16.043,0.7584,1,6.8158,3.2972,25.6731495083961
"516587",944,"J-9",15147.3,15288.9,44.6631,26.4625,0.8015,1,10.8699,5.2161,22.015367237402
"516588",945,"J-9",15213.6,14988.5,24.2583,19.2939,0.8189,1,7.8252,4.1919,138.587564860173
"516589",946,"J-9",15195.9,15274.4,20.0083,18.6271,0.7247,1,7.844,3.1406,23.0441111279774
"516590",947,"J-9",15075.7,15079.4,25.5728,20.3892,0.773,1,8.4741,4.0166,106.564871726258
"516591",948,"J-9",15282.3,15243,8.7563,14.8092,0.5017,0.7819,5.4932,3.0291,182.11557323367
"516592",949,"J-9",15232,15326.3,11.0616,17.072,0.4769,0.8241,6.537,2.7464,357.854855808139
"516593",950,"J-9",15183.6,14841.3,11.2067,22.7984,0.2709,0.656,8.5004,2.8548,255.655514434198
"516594",951,"J-9",15378.9,15258.5,15.3443,17.9295,0.5998,1,7.8535,2.4647,146.806351217607
"516595",952,"J-9",15144.1,14869.2,7.5086,12.7271,0.5825,0.9093,4.9321,2.1296,115.062966861807
"516596",953,"J-9",15277.2,14900.9,29.0085,22.1231,0.7448,1,9.4009,4.1176,132.643447479313
"516597",954,"J-9",15173.6,14822.3,25.3794,22.892,0.6086,0.9569,10.0529,3.2724,104.31038921236
"516598",955,"J-9",15114.6,15069.4,40.9911,25.4581,0.7948,0.9742,10.1885,5.1741,124.306733489512
"516599",956,"J-9",15131.9,14938.9,24.2864,20.9054,0.6983,1,8.8839,3.4992,123.529640628879
"516600",957,"J-9",15037,15175.5,12.5165,15.1727,0.6832,0.8634,5.126,4.0175,164.025216146771
"516601",958,"J-9",15422.2,14830.8,6.6199,9.701,0.884,1,3.4698,2.5954,241.729430315244
"516602",959,"J-9",15248.1,15321.7,87.3831,41.0591,0.6514,0.9426,16.1037,7.994,171.888036471372
"516603",960,"J-9",15200.3,15215,6.1574,12.0934,0.5291,0.8087,4.2901,2.4688,159.298861020848
"516604",961,"J-9",15170.1,15327.9,16.4368,24.9329,0.3323,0.8036,11.4974,2.7755,180.666131499935
"516605",962,"J-9",15179.5,15233.7,7.5975,11.006,0.7882,1,4.4345,2.3268,353.608565005985
"516606",963,"J-9",15225.7,15253.1,16.7349,15.5334,0.8716,1,5.9253,3.6197,26.1841643118204
"516607",964,"J-9",15193.1,15059.2,33.1481,21.7828,0.8779,1,8.022,5.7396,128.398694524953
"516608",965,"J-9",15222.7,15308.4,24.9522,22.3858,0.6257,1,10.0928,3.2743,1.01321307101046
"516609",966,"J-9",15068.8,15230.8,10.138,14.8754,0.5757,0.7778,5.2881,3.6394,99.8073687826178
"516610",967,"J-9",15366,15227,16.2218,16.94,0.7104,1,7.2617,2.8347,149.015256000558
"516611",968,"J-9",15344,14825.8,20.3368,21.1518,0.5712,0.9604,9.5156,2.7743,135.426999796783
"516612",969,"J-9",15222.5,14821.4,28.9122,23.5968,0.6525,0.9839,10.1689,3.7583,352.6430165652
"516613",970,"J-9",15144.4,15080.9,23.0293,18.3958,0.8552,1,7.4501,4.183,111.077012519256
"516614",971,"J-9",15089.8,15273.2,20.3362,18.6364,0.7358,1,7.837,3.2981,49.9150132149029
"516615",972,"J-9",15049.6,15100.1,17.7254,15.9255,0.8782,1,5.9049,3.8253,79.8802250754003
"516616",973,"J-9",15259,14844.3,13.4315,17.843,0.5302,0.9646,7.8717,2.0453,115.816908250662
"516617",974,"J-9",15238.6,15292.4,13.5279,15.3708,0.7195,1,6.583,2.7978,166.831220495971
"516618",975,"J-9",15251.3,14918.7,16.2021,15.5198,0.8453,1,6.0088,3.6404,130.72083623095
"516619",976,"J-9",15181.9,14864,24.2807,21.3765,0.6677,0.9818,9.1446,3.456,104.60070289842
"516620",977,"J-9",15394.3,15274.8,14.3747,17.2712,0.6056,0.9717,7.7504,2.4532,117.802511494175
"516621",978,"J-9",15139.9,15130.6,17.4949,16.7069,0.7876,1,6.9062,3.3457,93.7922621279346
"516622",979,"J-9",15259.3,15043.7,32.8999,22.5738,0.8113,1,9.2609,4.6255,122.555541833501
"516623",980,"J-9",15308.6,14843.6,19.0932,19.8159,0.611,0.9564,8.599,3.1199,134.139947782512
"516624",981,"J-9",15136.3,15183.7,25.3459,18.5936,0.9213,1,6.6669,5.3667,66.4550211343299
"516625",982,"J-9",15037.1,15136.9,9.5928,12.6746,0.7504,1,5.0908,2.5035,90.441712697812
"516626",983,"J-9",15196.7,15352.1,9.0181,14.6288,0.5295,0.8203,6.015,2.8916,5.22854646877772
"516627",984,"J-9",15246.4,15010.2,21.6163,19.841,0.69,0.9757,8.5948,3.5895,135.625828296815
