"","Cell.ID","x.start","y.start","x.end","y.end"
"1",1,16341.2,8747.2,16344.9386945855,8750.51996427631
"2",2,16294.6,9724.5,16295.006931919,9729.4834131289
"3",3,16114,9454.5,16111.821854509,9459.00063131349
"4",4,16190.4,9594.1,16190.6725109543,9599.0925682549
"5",5,16439.6,8864.6,16441.3528596166,8869.28267905847
"6",6,16586.5,8648.2,16590.8350398295,8650.69147138792
"7",7,16725.3,9728.4,16723.8735323767,9733.19220096819
"8",8,16548.7,9501.1,16547.8411970528,9506.02569360577
"9",9,16629.7,9727.6,16633.4875001717,9730.86417561563
"10",10,16135.6,9556.3,16133.4251090936,9551.79779503517
"11",11,16175,9579.2,16174.8573933014,9584.1979659192
"12",12,16295.5,9371.1,16299.4716006801,9374.13749700215
"13",13,16189.5,9561.3,16186.590903504,9565.36659041177
"14",14,16522.7,9469.6,16526.1922836229,9473.17826146299
"15",15,16178.5,9606.6,16178.7463116784,9611.59392937046
"16",16,16370.1,9758.5,16374.631116346,9760.61399731756
"17",17,16365.2,9750,16368.7758999061,9753.49470168421
"18",18,16255.8,9045.6,16255.2381214111,9050.56832893952
"19",19,16152.5,9017.1,16152.5880783441,9022.09922416034
"20",20,16360.5,9445.2,16361.3912224261,9450.11993115677
"21",21,16175.6,9496.6,16173.4777416525,9501.12725297573
"22",22,16567.5,9078.2,16566.5072246363,9083.1004486608
"23",23,16114.7,9424.2,16116.6176110317,9428.81765827352
"24",24,16387.4,8840,16384.6915216751,8844.2028734413
"25",25,16476.5,9752,16480.4213507719,9755.10209737492
"26",26,16882.1,8887.6,16880.0025700355,8892.13880904467
"27",27,17020.4,9590.9,17023.7111786642,9594.64647779305
"28",28,16593.8,9033.7,16589.0141486793,9035.14762810709
"29",29,16652.1,9412,16651.8391965186,9416.99319352159
"30",30,16495.9,9707.7,16495.8877203952,9712.69998492111
"31",31,16415.9,8934,16415.1250978912,8929.06041229233
"32",32,16787.4,9701.8,16785.7810169213,9706.53063355068
"33",33,16476.3,9739.8,16475.3920014321,9744.71686267866
"34",34,16237.1,9042.7,16237.4309345277,9047.68903621338
"35",35,16354.9,9638,16359.6081530488,9639.68323939747
"36",36,16674.9,9699.6,16673.2927451801,9704.33463113072
"37",37,16546.6,9522.1,16548.1205183989,9526.86319470508
"38",38,16866.6,8754.9,16869.62500577,8758.88112296865
"39",39,16480.5,8689.3,16478.0116416107,8684.96317252746
"40",40,16120.8,9448.2,16123.5771126057,9452.35784145627
"41",41,16591.8,9594.9,16588.5738369291,9598.71993086848
"42",42,16104.6,9344.6,16109.423186462,9343.28209546891
"43",43,16185.4,9548.6,16183.19740922,9553.08871850931
"44",44,16474.1,9455.2,16478.9787099196,9454.10538156384
"45",45,16090.4,9281.3,16085.5809119759,9282.63281304604
"46",46,16055.8,9357.4,16054.9068649707,9352.48041568632
"47",47,16167.7,8999.9,16166.9355169394,9004.84121094977
"48",48,16508,9472.3,16508.3663814224,9477.28655839767
"49",49,16272.8,9378.6,16274.7245130287,9383.2147859758
"50",50,16910.1,9663.3,16910.3399526878,9668.29423895179
"51",51,16372.7,8913.1,16377.6022785729,8914.08369954424
"52",52,16405.8,9013.1,16403.4075035372,9017.49043969047
"53",53,17037.2,9119.8,17037.8062397584,9124.7631112576
"54",54,16611.9,9494.2,16611.2458115506,9499.15701901073
"55",55,16775.8,9026.4,16775.6452341815,9031.39760418015
"56",56,16795.5,9637.9,16790.8882300496,9639.83172925763
"57",57,16290,8937.7,16285.1831976589,8939.041050039
"58",58,16093.6,9126.9,16092.7058818045,9121.98059427852
"59",59,17068.4,9548.2,17064.6540179625,9544.88826049111
"60",60,16341.6,8845.6,16338.9969513766,8841.33102613448
"61",61,16362.4,9412.7,16361.5944085646,9417.63467551509
"62",62,17000.8,8846,17001.6956696862,8850.91912348017
"63",63,16895.4,8903,16890.674555845,8904.63406778878
"64",64,16308.5,9612.6,16304.9300930137,9616.10082334735
"65",65,16117.6,9340.2,16119.858895356,9344.66064925439
"66",66,17054.6,9413.4,17054.7410654672,9418.39800965725
"67",67,16191.4,9397.4,16188.1972293139,9393.56043492932
"68",68,16502.6,8664.2,16507.1766300246,8666.21356837929
"69",69,16146.4,9303,16149.7813775375,9306.68324394373
"70",70,16308.1,9679.6,16307.8935973433,9674.60426202215
"71",71,16580.8,9747.4,16584.6299473568,9750.61426558391
"72",72,16529,9669.3,16529.4211496377,9674.28223172712
"73",73,16973.1,9612.9,16971.1456940477,9617.50224817287
"74",74,16423.7,9644.6,16427.6492574183,9647.66649080292
"75",75,16349.1,9623.8,16353.5813443369,9626.01755562152
"76",76,16329.6,9467,16334.5990241888,9467.0987783358
"77",77,16505.3,9526.5,16504.5600881924,9531.44495000147
"78",78,16630.9,9650.2,16626.4573562795,9652.49410478675
"79",79,16445,9004.2,16443.506073195,9008.9716016914
"80",80,16882.8,9631.5,16882.5689026365,9636.49465654561
"81",81,16169.1,9323.6,16165.3883633676,9326.95018708569
"82",82,16971.4,8978,16976.1366815855,8979.60120191023
"83",83,16524.4,9637.3,16520.2606301023,9640.10457070686
"84",84,16154.1,9535.1,16151.0241260097,9531.15804627172
"85",85,16586.8,9433.4,16587.9155371892,9438.27396930433
"86",86,16301,9375.3,16303.5717302488,9379.58791365669
"87",87,16489.1,8743.9,16491.3555777275,8748.36232776868
"88",88,16574.6,9443.6,16574.3336566168,9448.59290108076
"89",89,16886.9,9599.9,16887.0321440212,9604.89825349074
"90",90,16457.3,8989.5,16462.2209433926,8990.38561624112
"91",91,16359.8,9403.1,16363.0415786987,9406.90685796166
"92",92,16482.1,8695.2,16480.0207635559,8699.74717228722
"93",93,16165.9,9445.8,16163.3659698894,9450.11030061579
"94",94,16919.9,8907.1,16918.677747839,8911.94830894797
"95",95,16593.9,9501.6,16591.070260265,9505.72220487512
"96",96,17146.4,9266,17147.4998870074,9270.87752484062
"97",97,16577.9,9024.4,16575.0937480846,9028.53823032069
"98",98,16559,9402,16555.3676357025,9405.43597578719
"99",99,16395.1,8741.7,16393.9569471735,8746.56758977686
"100",100,16914.3,9605,16915.6952158086,9609.80139280286
"101",101,16560.1,9374.1,16563.3812339724,9377.87273158577
"102",102,16363,8974.3,16360.2546576751,8978.47888687559
"103",103,16296,8986.3,16291.244585368,8987.84467850319
"104",104,16200,9331.4,16199.0390199395,9336.30678278746
"105",105,16940.2,9560.5,16943.5501828039,9564.21164049725
"106",106,16334.3,9725.8,16338.0107337757,9729.15118708015
"107",107,16558.7,9602.6,16558.9474502517,9607.59387308338
"108",108,16330.1,8952.1,16325.2057947732,8951.07688944976
"109",109,16211.6,9586.2,16209.7293405946,9590.83687754732
"110",110,16502.9,8974.1,16506.9440844961,8977.04030280559
"111",111,16696.7,9623.5,16697.4970794741,9628.43605756774
"112",112,16480.6,9807.1,16485.384517749,9805.64797041719
"113",113,16477.6,9402.2,16476.2402470061,9407.01155606801
"114",114,16764.2,8898.8,16765.1720072157,8903.70461027734
"115",115,16340.1,8864.5,16340.2702930864,8869.497099185
"116",116,16528.5,9510.6,16533.2772606526,9512.07573055038
"117",117,16937.4,8897.3,16940.3600683257,8901.32963962499
"118",118,16834.1,8881.3,16838.2153951976,8884.13963419612
"119",119,16421.1,8694.4,16426.0991607595,8694.49160622654
"120",120,16448.8,8690.6,16447.0848326167,8685.9033841069
"121",121,16556.4,9462.6,16556.4865928865,9467.59925011097
"122",122,16447,8767.4,16450.066265719,8771.34943217954
"123",123,16066.1,9402.5,16070.7682821004,9404.29084958356
"124",124,16399.9,8989.3,16402.4366925345,8993.60873426722
"125",125,16927.5,9569.5,16926.9798591111,9574.47287175138
"126",126,16209.9,9594.9,16208.4447051341,9599.68352556733
"127",127,16459,8923,16455.7103174967,8926.76536705079
"128",128,16540.4,9419.5,16538.1092994886,9423.94439997831
"129",129,16489.2,8687.5,16488.9241640016,8692.49238565237
"130",130,16159.8,9579.7,16162.3531074601,9583.99902806423
"131",131,16614.8,9575.9,16616.8241510599,9580.47195937063
"132",132,16253.3,9488.7,16253.6527488245,9493.68754130477
"133",133,16851.1,9732.9,16853.3970274377,9737.34113329574
"134",134,16395.5,9755.2,16400.0317766567,9757.31258143833
"135",135,16470.3,9674,16474.0239969736,9677.33644219804
"136",136,16426.4,9440.8,16429.1867525824,9444.95138652075
"137",137,16077.6,9278.7,16081.1489769474,9282.22203955493
"138",138,16566.4,9498.9,16563.2395740845,9502.77449455193
"139",139,16560.4,9406.6,16555.7161074228,9408.34961433628
"140",140,16815.8,8846,16814.228095251,8850.74648453702
"141",141,16387.8,9500.5,16389.6166660617,9505.15829630016
"142",142,16250.7,9553.1,16255.6709870468,9552.56214520513
"143",143,16382.5,9624.6,16381.9137037451,9619.63449330869
"144",144,16286.3,9389.7,16291.2121575554,9390.63311743672
"145",145,16785.4,9154,16783.6336364857,9158.67760194281
"146",146,17029.3,9437.6,17026.3639440767,9433.55283116053
"147",147,16090.3,9134.4,16086.9232927933,9130.71247394042
"148",148,16085.1,9311.3,16086.1057582209,9316.19780056772
"149",149,16383.1,9420.2,16383.6622274011,9425.16828947923
"150",150,17014.5,8994.5,17019.2813483945,8995.96243206008
"151",151,16595.9,9453.6,16598.629415299,9457.78930687892
"152",152,16667.3,9622.7,16672.2949733593,9622.47585464662
"153",153,17145.3,9240.8,17145.4190614165,9245.7985822369
"154",154,16143.1,9449.3,16140.4901005818,9445.03521102199
"155",155,16609.8,9520.5,16608.9739719994,9525.43129574678
"156",156,16365.7,9380.3,16362.3022954269,9383.96818805873
"157",157,16210.9,8980.2,16208.9034077881,8984.78406146768
"158",158,16098.6,9135.1,16100.4966267205,9139.72631679452
"159",159,16375.6,9751.9,16379.9168243795,9754.42290056806
"160",160,16231.6,9642.7,16233.9033879218,9647.13783777099
"161",161,16348.3,8954.7,16345.9351787925,8950.29459188537
"162",162,16411,9007.6,16411.3411727128,9012.58834653768
"163",163,16855.5,8815.5,16859.7711861175,8818.09941707881
"164",164,16604.2,9406.8,16603.0394894302,9411.6634571261
"165",165,16783.9,9135.7,16782.3782928874,9140.46281507762
"166",166,16283.8,9407,16285.9900005316,9411.4948746002
"167",167,16893.5,8862.2,16893.9201574544,8867.18231549719
"168",168,16328.4,8843,16330.0956888593,8847.70368358763
"169",169,16957,9660.6,16953.5760634521,9664.24371493345
"170",170,16231.7,9633.1,16231.9923948883,9628.10855679895
"171",171,16568.2,9449.1,16572.9510310512,9450.65810909445
"172",172,16932.2,8850.2,16929.8595862329,8854.61842318015
"173",173,16412.3,9639.5,16409.4191255672,9635.4133678288
"174",174,16740.7,9253.3,16739.2539863165,9258.08633935561
"175",175,16211.3,9353.4,16207.0144759367,9350.82428970913
"176",176,16387.4,8724.1,16391.4282078508,8727.0620164602
"177",177,16204.2,9576.1,16202.7021664037,9580.87037676896
"178",178,16923.8,9540.5,16927.2363135475,9544.13204476886
"179",179,16604.1,9754.4,16608.5209236161,9756.73568713248
"180",180,16667.9,9664.6,16663.3454343237,9666.66299091126
"181",181,16162.4,9491.8,16167.2193669637,9493.13180406552
"182",182,16963.1,9528.8,16960.6361646253,9524.44919372455
"183",183,17030.8,8974.9,17035.7165230329,8973.99016415362
"184",184,16392.9,8900.6,16396.985426406,8903.48258409779
"185",185,16136.2,9519.2,16137.6706746246,9523.97881953504
"186",186,16452.3,8922.4,16455.1996530285,8926.4733293894
"187",187,17053,9479.9,17054.8575325533,9484.54215174392
"188",188,16553.6,9773.2,16558.5370270619,9773.99105233074
"189",189,16311.7,9637.3,16310.6253123283,9642.18313899129
"190",190,16246.7,9369.6,16250.0464992075,9373.31496205289
"191",191,16255.8,8841.4,16250.9147187782,8842.46490721839
"192",192,16097.8,9473,16101.4718854247,9476.39370850659
"193",193,16509.5,9434.6,16513.6917761952,9437.32562145751
"194",194,16448.1,9688.5,16445.0733816237,9692.47989713485
"195",195,16370.4,9029.3,16373.2184829748,9033.42990965044
"196",196,16261.8,9543.5,16265.3611495968,9547.00973126452
"197",197,16407.2,8791.6,16410.6602576147,8795.2092405351
"198",198,16197.3,9461.4,16195.3272937155,9465.99439113648
"199",199,16395.7,9639,16396.0132568297,9643.99017736745
"200",200,16948.6,8929.7,16952.8641999176,8932.31086174715
"201",201,17022.4,8992.4,17024.2606258359,8997.04091278726
"202",202,16265,8893.8,16263.5279959949,8898.57841021773
"203",203,16324.9,8747.2,16324.0321153228,8752.12410156141
"204",204,16503.2,9518.6,16501.6942617232,9523.36788760792
"205",205,16682.1,9062.6,16678.7916670243,9058.85100907949
"206",206,16041.5,9244.5,16039.1371061133,9240.0935578433
"207",207,17150.3,9229.6,17149.8783764968,9234.58219164842
"208",208,16120.8,9296.4,16120.6577912529,9301.39797725808
"209",209,16547.9,9030,16552.3563316722,9032.26740116159
"210",210,16262.6,9367.2,16260.193528007,9362.81720493899
"211",211,16349.7,8835.2,16353.2990638479,8838.67084131276
"212",212,16445.2,9413.4,16449.6967029385,9415.58624396699
"213",213,16416,8776,16418.4437387626,8780.36212572724
"214",214,16888.4,8887.1,16887.3333824112,8891.98490807685
"215",215,16558.3,9059.9,16555.8225039776,9064.24304195916
"216",216,16369,8790.8,16371.1776402089,8795.30087581708
"217",217,16767,8943,16771.0243348341,8945.96727638461
"218",218,16464.6,9034.5,16467.4038839665,9038.63983510568
"219",219,16633.3,9405.2,16638.0924815567,9406.62552465028
"220",220,16530.1,8873.8,16531.646465115,8878.55483392434
"221",221,16195.2,9450,16198.3679693531,9453.8683291196
"222",222,16192.2,8975.8,16195.6572230814,8979.41214736209
"223",223,16799.7,8761.2,16796.8267179694,8765.29197389686
"224",224,16267.9,9624.3,16266.0323422894,9628.93808739418
"225",225,16116.1,9315.9,16115.6900063064,9320.88316216586
"226",226,16948.4,9499.9,16946.8169210002,9504.64276932608
"227",227,16302.1,9610.2,16304.8326582385,9614.38719225158
"228",228,16816.8,8866,16818.0621664966,8870.83807148922
"229",229,16406.4,8812.4,16410.1831168394,8815.66925480496
"230",230,16180.2,9274.5,16185.1891345868,9274.82944813709
"231",231,16280.3,9385.1,16283.0378043549,9389.28382926446
"232",232,16925.2,9600.9,16920.2096757605,9600.58909167756
"233",233,16606.1,9693.2,16607.2033133925,9698.07675092229
"234",234,16826.7,8855.6,16828.1951805726,8860.37120897207
"235",235,16170.9,8889.7,16167.5782831352,8893.43713755032
"236",236,16058.5,9265.8,16062.341277776,9269.00071633347
"237",237,16079.9,9452.1,16076.7025373863,9455.9439865809
"238",238,16812.6,9612.6,16814.1151376297,9617.3649090194
"239",239,16818.2,8808.8,16822.1937556293,8811.80830782564
"240",240,16717.8,9698.5,16716.1299998825,9703.21286532881
"241",241,16443.3,9714,16443.3235859754,9718.99994436987
"242",242,16173.2,9296.8,16171.1817229635,9301.37455547609
"243",243,16141.8,8939.7,16142.6104179431,8944.63388515852
"244",244,16064,9339.2,16065.3051375304,9344.02665681676
"245",245,16429.6,8681.5,16424.6951287234,8682.4706893223
"246",246,16659.7,9623.5,16664.6600210861,9624.13102363273
"247",247,16800,9224.8,16796.65119276,9228.51288163955
"248",248,16346.1,9663.6,16342.7714755476,9667.33107557816
"249",249,16539,9077.4,16543.5527316111,9079.46703528683
"250",250,16666.6,9821.2,16671.5593520994,9820.56374002594
"251",251,16822.4,9676.1,16817.5184958115,9677.18208911738
"252",252,16376.2,8812.1,16380.627126179,8809.77609083753
"253",253,16141.6,8920.1,16141.8525958028,8925.09361545981
"254",254,16897,8745.3,16894.5312513797,8749.64802026786
"255",255,16240.1,9543.8,16238.6080232801,9548.57221180033
"256",256,16798.2,9662,16794.7947545875,9665.66118883429
"257",257,16100,9129.7,16104.0895254623,9126.82323419561
"258",258,16758.5,8937.7,16763.2320184541,8936.08506924309
"259",259,16692.4,9617.9,16697.2981102291,9616.89575093571
"260",260,16813.4,8814,16814.1600112607,8818.94190073592
"261",261,16598.3,9523.5,16601.1873690758,9527.58204603358
"262",262,16161.3,9531.5,16166.29643462,9531.68878847456
"263",263,16099.1,9414.7,16101.6289501305,9419.01328311585
"264",264,16062.9,9202.7,16067.8446532106,9203.44189259822
"265",265,16273.5,9025.9,16278.2693145471,9027.4012124268
"266",266,16838,8835,16833.0948272379,8835.96916467865
"267",267,17028.5,9495.2,17031.4048557325,9499.26962076532
"268",268,16966.9,9618.7,16964.9069658533,9623.28560954401
"269",269,16621.7,9679.6,16616.8030512927,9680.60989769696
"270",270,16384.6,9350.6,16388.6181951742,9353.57558524359
"271",271,16834.5,8969.3,16836.9335125412,8973.66783890633
"272",272,16650.6,9814,16651.2125523984,9809.03766390102
"273",273,16917.3,8900.3,16913.2176911066,8903.18699741924
"274",274,16637.2,9400.4,16638.3825836626,9405.25813707926
"275",275,17014.6,8984.6,17012.3830753943,8980.11834346558
"276",276,16617.3,9478.3,16615.6149659037,9473.59248897036
"277",277,16430.4,8732.7,16433.9648629906,8736.20595947758
"278",278,16458.3,9390.8,16462.0241615896,9394.13625845136
"279",279,16359.5,9700.5,16360.9826606185,9705.27511439552
"280",280,16186.5,9450.5,16184.1551855083,9446.08391066674
"281",281,16186.6,9587.4,16181.6176810909,9586.97988300623
"282",282,16289.9,8814.3,16286.7984038732,8810.37825275338
"283",283,16935.7,8949,16936.5945639966,8953.91932467478
"284",284,16515.4,9472.6,16513.8960306936,9477.36844590254
"285",285,16126.9,9245.2,16128.9703454436,9249.75122727889
"286",286,17121.6,9304.9,17125.4255469791,9308.11950156242
"287",287,16788,9230.2,16790.1157910549,9234.73027904352
"288",288,17135.7,9175.3,17135.6371675095,9180.29960519223
"289",289,16381.5,8915.4,16378.4008314516,8919.32366592723
"290",290,16536.2,9691.6,16531.2337188789,9692.17969977206
"291",291,16094.9,9305.2,16094.9899692995,9310.19919048698
"292",292,16350.9,9438.4,16345.9735501366,9439.25445406176
"293",293,16286.4,9723.1,16290.1020168038,9726.46081412519
"294",294,16571.2,9456.8,16567.1321511218,9459.70733649651
"295",295,17071.6,8948,17072.7091879209,8952.87541815193
"296",296,16243.4,8933,16241.8640000924,8937.75822490893
"297",297,16855.3,8969.9,16852.6994270167,8974.17048242692
"298",298,16256.4,8830.2,16254.671992877,8834.89190700919
"299",299,16416.1,8971.8,16421.0827593695,8972.21486029663
"300",300,16865,9646.6,16865.915916274,9651.515393919
"301",301,16127,9300,16127.4334663798,9304.98117525265
"302",302,16419.1,9172.1,16419.3619527462,9177.0931333608
"303",303,16489,9508.6,16486.2304731918,9512.76289818017
"304",304,16814.4,8975.5,16815.7199559918,8980.32262544469
"305",305,17061.9,9398.4,17062.6309210927,9403.3462869262
"306",306,16719.1,9241.8,16720.1362229234,9246.69144580395
"307",307,16787.1,9623.5,16784.4627780433,9619.25205221889
"308",308,16507.9,8880,16506.1065399811,8884.66727984597
"309",309,16823.2,9141,16827.934088434,9142.60885260325
"310",310,16739.2,9650.3,16742.8772259772,9653.68792106057
"311",311,16466.6,9400.6,16470.5031691003,9403.72494335536
"312",312,16277.1,9655.9,16274.7140082488,9651.50602192051
"313",313,16780.6,9640,16775.6004269506,9639.93465993562
"314",314,16823.2,8816.6,16822.5752572753,8811.63918388488
"315",315,16370.4,9468.4,16366.008999365,9470.79146679331
"316",316,16462.5,9509.9,16459.0448370037,9513.51411796553
"317",317,16181.7,9309,16180.2820037093,9313.79471443567
"318",318,16839.9,8843.3,16841.9355654585,8847.8668887948
"319",319,16988.9,9566.5,16986.1560596721,9570.67980758848
"320",320,16829.7,9144.3,16834.4071872558,9145.98593835561
"321",321,16731.5,8694.4,16729.1996499895,8689.96058676974
"322",322,16111.6,9441.3,16108.5475071276,9445.26008677478
"323",323,16774.5,8707.7,16769.8397046928,8709.51153185174
"324",324,16951.8,9014.9,16954.9963116483,9018.74494367283
"325",325,16524.9,9687.7,16520.6719945634,9685.03092337531
"326",326,16585.4,9588.5,16585.2773464844,9593.49849538513
"327",327,16248.9,9021.5,16244.811314193,9024.37795906352
"328",328,16305.1,8969.1,16309.7650432398,8970.89926973269
"329",329,16825.5,8806.6,16822.2482523125,8802.80182451997
"330",330,16225.2,9044.3,16228.8571630463,9047.70956866079
"331",331,16486.3,9003.5,16485.003763259,8998.67094519484
"332",332,16893.2,9641.2,16897.8222723424,9643.10646227153
"333",333,16728.4,8896,16731.492734258,8899.92873959554
"334",334,16549.6,8779,16547.1840818115,8783.37759515105
"335",335,16374.7,9608.8,16371.6737279899,9612.78016051448
"336",336,16210.7,9639.8,16208.9849352694,9635.10334662021
"337",337,16744.5,9631.4,16740.7023587547,9634.65237159194
"338",338,16415.9,8731.5,16418.18088527,8727.05055482276
"339",339,16855.5,9649.4,16859.7431900352,9652.04487019057
"340",340,16311.8,9045.5,16306.8688854069,9046.32710874133
"341",341,16566.3,9666,16564.7371645466,9670.7494784288
"342",342,16199.1,9412.5,16195.0640558324,9415.45146652967
"343",343,16325.9,9658,16329.1178769062,9661.82691366724
"344",344,16112.9,9248.2,16117.1363814799,9250.85576202939
"345",345,16763.1,9166.8,16760.2172228686,9170.8852901991
"346",346,16953,8874.3,16949.3498164885,8877.71703970313
"347",347,16937.4,9649.3,16932.4040355524,9649.50084630398
"348",348,16771.2,8761.2,16774.7114071514,8764.75949712982
"349",349,16501.5,9685.6,16503.4872811395,9690.18810567363
"350",350,16427.8,8689.6,16424.1273992075,8692.9929343376
"351",351,16972.8,9577.6,16976.2638975102,9581.20574736199
"352",352,16472.1,8764.9,16473.1211924665,8769.79460580092
"353",353,16117.7,9286.1,16119.8025727052,9290.63642899419
"354",354,16960.8,9624.9,16957.3888394717,9628.55567830233
"355",355,16996.7,9597.1,16994.2845049803,9601.47782866381
"356",356,16334.3,9750.6,16338.5042206528,9753.30638665056
"357",357,16572.9,9037,16569.9506281269,9032.96252485405
"358",358,16736,9502.2,16740.4008503779,9504.57329221788
"359",359,16202.3,9000.9,16207.2940425463,9000.65599375791
"360",360,16615.5,9083.7,16620.4971007808,9083.52975374859
"361",361,16184.3,9316.5,16188.3501280062,9319.43197256695
"362",362,16658.9,9723.8,16661.6801283928,9727.95582556413
"363",363,16624.7,9334.8,16622.1377244212,9339.0935700598
"364",364,16467.2,9456.2,16465.2474879521,9460.8030095267
"365",365,17063.6,9569.2,17068.1582881239,9571.25475287552
"366",366,16858.4,8874.2,16859.0929467933,8879.15174966468
"367",367,17029.6,9060.4,17028.1410725306,9065.18241891088
"368",368,16589.8,9494.3,16591.1510506969,9499.11400685651
"369",369,16195.7,9562.1,16198.7374689245,9566.07162215384
"370",370,17124.2,9283.8,17121.0908671032,9287.71577484413
"371",371,16898.9,8898.1,16902.6220967226,8901.43856196405
"372",372,16359.4,8718.3,16363.8507895377,8720.5782608479
"373",373,16394.9,9018.2,16391.7120516102,9014.34811928221
"374",374,16312.7,9400,16307.914149241,9398.55237003603
"375",375,16892.3,9595.6,16893.2566891738,9600.50762119818
"376",376,16386.7,9344.3,16391.1900413052,9346.49989296961
"377",377,16597.9,9379.8,16593.0274327822,9380.92164553566
"378",378,16153.7,9319.3,16153.4435494513,9314.30658101937
"379",379,16829.8,9645.1,16834.3716813563,9647.12477889561
"380",380,16798,8782.7,16801.0029691143,8786.6977714415
"381",381,16612.1,9345.1,16608.6376595023,9348.7072424756
"382",382,16399.9,9645.1,16403.2180993368,9648.84034982207
"383",383,16903.4,8918.2,16901.9745709644,8922.99250999627
"384",384,16872,9640.7,16876.9258561162,9641.55787034149
"385",385,16315.5,9653.6,16314.904252711,9648.63561834992
"386",386,16403.2,8761.1,16407.0792348046,8764.25460573297
"387",387,16723.6,9637.5,16728.5985814959,9637.38090747843
"388",388,17132.2,9246.7,17127.2000731888,9246.67294667868
"389",389,16815.5,9666.5,16810.8237727367,9668.26999959936
"390",390,16162.7,9319.7,16166.1823989469,9323.28788204581
"391",391,16970.2,9536.8,16968.3227928779,9541.43423061801
"392",392,16875.1,8893.9,16872.3542262176,8898.07860339535
"393",393,16880,8830.7,16880.1529959922,8835.69765867446
"394",394,16643,9427.8,16643.5106245119,9422.82614208005
"395",395,16814.2,9217.8,16811.6456367763,9222.09828204301
"396",396,16264,9025.7,16262.9889472121,9020.80328964916
"397",397,16977.3,9528,16972.8431652266,9530.26641209904
"398",398,16745.7,9271.9,16747.9839079502,9267.4521056133
"399",399,16598.2,9406.3,16594.04272587,9409.07796180824
"400",400,16919.4,9585.3,16914.4233547034,9585.7827023846
"401",401,16775.5,8923.8,16779.1412556765,8927.22655177961
"402",402,16775.6,9642,16779.7103908345,9644.84687323001
"403",403,17124,9291.9,17122.4028810313,9296.63805983498
"404",404,17083.7,8990.5,17082.3106766473,8995.30310114631
"405",405,16896.1,8940.9,16892.5767780949,8944.44780318046
"406",406,16949.7,9643.2,16954.4330938636,9644.81177618729
"407",407,16731.4,9273.6,16735.2963219057,9276.73347660072
"408",408,16602.1,9087.2,16598.5180257563,9090.68847538578
"409",409,17081.9,9517.8,17086.4591471688,9519.85284609594
"410",410,16845.7,8810.6,16850.6664910863,8811.17789816543
"411",411,17010.7,9084.7,17010.8260809087,9089.69841010767
"412",412,16780.5,9478,16785.34049947,9479.25282276524
"413",413,16357.4,9655.2,16358.4956653658,9660.07847490577
"414",414,16617,9464.2,16615.0982918976,9468.82423034605
"415",415,16731.8,8708.5,16729.3446488569,8704.14440006839
"416",416,16614.3,9369.4,16619.2400623509,9368.62812956442
"417",417,16428.4,8724.6,16424.8600571367,8728.13111944351
"418",418,16325.5,9608.9,16329.6962197897,9611.61877536336
"419",419,17037.9,9073.6,17032.920970352,9074.05745356516
"420",420,16834.7,9124.2,16832.4417170417,9119.73904067713
"421",421,16407.9,9057.7,16412.7855706413,9058.76357863298
"422",422,16866.7,9013.7,16861.7491081385,9014.39904919436
"423",423,16072.7,9254,16075.6269833855,9258.0537351
"424",424,16582.3,9773.8,16584.6409334768,9778.21814785371
"425",425,17076.9,9393.5,17075.2199440659,9398.20928997391
"426",426,16882.9,8897.2,16879.0176487007,8900.35076949155
"427",427,16103.8,8972.3,16101.442615868,8976.70939225453
"428",428,17038.4,9453.5,17039.1293424482,9458.44651994772
"429",429,16703.6,9344.7,16704.8009875895,9339.8463798243
"430",430,16886.8,8772.6,16884.6829497679,8777.12969075266
"431",431,16545.9,9786.5,16541.2032277721,9788.21473923352
"432",432,16801.5,9183.1,16801.847256214,9188.08792673581
"433",433,16908.6,8865.9,16913.5868886374,8866.26185869957
"434",434,16775.5,9215.5,16773.3074639786,9211.00636163061
"435",435,16073.7,9045.1,16071.3022638479,9049.48758035197
"436",436,16807.3,8778.3,16812.0060815745,8779.98902226575
"437",437,16655.2,9618.7,16660.1207975078,9619.58642647039
"438",438,16585.6,9019.7,16590.320964157,9021.34696612852
"439",439,16070.6,9232.1,16073.4979970799,9236.1745076911
"440",440,17120.7,9170.6,17123.4539643248,9174.77320985547
"441",441,16444,9422.2,16448.5788059585,9424.20861544207
"442",442,16606.5,9004.8,16610.3920560587,9007.9387735879
"443",443,16744.4,9681.5,16749.0696605243,9683.2872522452
"444",444,16594,9026.8,16590.4538157103,9030.324851342
"445",445,16550.8,9407.3,16545.8056544567,9407.53772377758
"446",446,17086.6,9006.2,17088.9237264845,9010.62722206642
"447",447,16799.6,8891.9,16801.8976192928,8896.3408271285
"448",448,16884.6,8969.3,16882.7312079413,8964.66236954455
"449",449,16844.8,9163.9,16843.4532513781,9168.71521216038
"450",450,16475.5,9705.2,16480.4535406431,9704.51997419392
"451",451,16541,9798.1,16545.9172014556,9797.19383784815
"452",452,16568.2,9562.1,16565.6734894962,9557.78528741698
"453",453,16930.3,9632.1,16934.8335805449,9634.20870752892
"454",454,17047.5,9059.3,17048.5123017289,9064.19645230853
"455",455,16661.7,9533.4,16657.7808272405,9530.29515139161
"456",456,16953,9606.4,16956.7460752372,9609.71163408567
"457",457,17066.8,9037.9,17069.3818510857,9042.18182729347
"458",458,16954.7,8979.3,16956.2418867047,8984.05632057264
"459",459,16722.6,9618.5,16726.9304016624,9616.0004757568
"460",460,16713.5,9344.3,16712.7595353445,9349.24486724735
"461",461,16818.5,9180.9,16819.6028666576,9185.77685196983
"462",462,16795.4,9723,16792.6662691808,9727.18649206476
"463",463,16460,8946,16464.6918603477,8947.7281338137
"464",464,16695.2,9311.4,16691.8015517098,9315.06749904142
"465",465,16903.7,8956.6,16901.5621375165,8952.08009469108
"466",466,16282.1,9035,16281.147965508,9030.09147371139
"467",467,17012.2,8854.3,17010.1883679421,8858.8774814542
"468",468,16371.3,9604.6,16375.7301839388,9602.28192531007
"469",469,16614.1,9484.4,16614.1404781985,9489.39983614886
"470",470,16941.1,9577.9,16945.6957173526,9579.86961468696
"471",471,16389.1,8704.4,16386.7084154658,8708.79093650782
"472",472,17098.3,9139.1,17102.404321497,9136.24438359557
"473",473,16757.4,9186.7,16756.3175859402,9191.58143214674
"474",474,16156,9484.3,16160.9999331221,9484.32586068059
"475",475,16848.6,9624.4,16847.6984243107,9619.48195554347
"476",476,16906.4,8748,16908.8866027721,8752.33783432762
"477",477,16558,8959.5,16562.2032875862,8956.79216443118
"478",478,16873.9,8917.2,16870.6922412563,8921.03539878531
"479",479,16849.2,8818.6,16853.4782853459,8821.18771607783
"480",480,16057.5,9340,16058.5209888099,9344.89464828666
"481",481,16714.5,9623.1,16712.7942779501,9618.39994550155
"482",482,16585.3,9089,16580.3891826839,9089.94014535477
"483",483,16814.2,8835,16812.6789136803,8839.76301337476
"484",484,16983.1,9539.3,16986.9216922132,9542.52407639912
"485",485,17039.5,9428.9,17044.3190567475,9430.23292612871
"486",486,16850.1,8877.6,16848.9196804131,8872.74131235077
"487",487,16602.1,9073,16600.0265486274,9077.54981311766
"488",488,17103.1,9466.4,17105.1304850369,9470.96914986785
"489",489,16829.1,8997.6,16834.0945612788,8997.83314723331
"490",490,16891.3,8799.3,16891.647189785,8804.28793136011
"491",491,16949.3,8983.5,16944.3242432915,8983.99177756954
"492",492,17033.4,9065.5,17037.7180976889,9068.02072060123
"493",493,16654,8988.6,16657.6873544847,8991.97689456518
"494",494,16220.5,9030.7,16225.4991895368,9030.60997792119
"495",495,16795.5,8931.4,16796.3338645093,8936.32997667135
"496",496,16219.2,9606.4,16216.0463675263,9610.28002605929
"497",497,16378.3,8844.1,16380.1088910744,8848.76132095879
"498",498,16201.6,9441.4,16200.9979326464,9446.36361913343
"499",499,16924.8,8935.8,16925.547437681,8940.74381805016
"500",500,16716.4,9729.4,16721.3952537889,9729.18219369933
"501",501,16993.8,9546.4,16989.5117028368,9543.82890928979
"502",502,16369.9,8718.1,16364.9417419244,8717.45526993568
"503",503,16218.2,8943.8,16216.1792254495,8939.22654723257
"504",504,16497.4,8848.1,16501.9264154669,8850.22404402519
"505",505,16895,9582.3,16892.4617180915,9586.60779815602
"506",506,16428.4,8968.1,16432.9126270997,8970.25318291359
"507",507,16341.2,9469,16346.1957567935,9469.20594674177
"508",508,16968.8,9595.8,16969.6273631204,9600.73107191866
"509",509,16734.9,8679.5,16734.8647805798,8684.4998759577
"510",510,16697,9790.3,16693.1179737195,9793.45116993471
"511",511,16941.5,9542.6,16936.6282612451,9543.7252384208
"512",512,16968.2,9512.5,16964.162784846,9515.44972775022
"513",513,16977.8,9023.6,16982.2981924361,9025.78317768578
"514",514,16752.3,9251.7,16748.7247316189,9255.19534776574
"515",515,17112.2,9273,17111.8078833214,9277.98460073731
"516",516,16282.8,9619.7,16287.4289619522,9621.59016169801
"517",517,16893.2,8891.5,16891.4865093354,8896.19722787848
"518",518,16916.6,9558.7,16914.1930499015,9563.0825325125
"519",519,16611.8,9601.6,16615.1083528265,9605.34897340287
"520",520,17065.3,9538.8,17060.3305454879,9539.3518349868
"521",521,16402.4,9748.1,16406.3149827134,9751.21013027926
"522",522,16617.9,9351.8,16615.6680242165,9347.32582028727
"523",523,16084.1,9252.2,16081.1134766581,9248.18992788989
"524",524,16953.2,9567.7,16957.3427383523,9570.49959263896
"525",525,16808.1,9198,16806.4363315852,9202.71510417761
"526",526,16567.7,9061.6,16572.5295066691,9062.89455217487
"527",527,16823.6,9197.7,16823.6340427735,9202.69988410761
"528",528,16525.6,9229.9,16529.8663810212,9232.50729610547
"529",529,16254.4,9093,16259.399925834,9093.02723334065
"530",530,16522,9805.4,16526.9738941287,9804.88972831135
"531",531,16922.9,8852.1,16923.7465115671,8847.17217916653
"532",532,16994.9,9609.6,16992.6768850424,9614.07858905071
"533",533,16949.4,9610.8,16947.0092112797,9615.1913698654
"534",534,16942.6,8979.6,16947.5836829578,8979.19638610489
"535",535,16160.7,9001.3,16164.4051756664,9004.65733127367
"536",536,16380.9,9652.5,16376.0519627399,9653.72332936067
"537",537,16763.1,9795.6,16765.7226257694,9799.85697475606
"538",538,16493.8,9753.7,16497.4754922189,9757.08980190401
"539",539,17097.8,9165.7,17098.956443979,9170.56442569308
"540",540,17045.6,9568.6,17048.9531823813,9572.30893083214
"541",541,16139.3,9484.4,16138.4457429797,9489.32648403461
"542",542,16875.1,8821.2,16875.7816452754,8826.15331805142
"543",543,16455.9,9718.3,16457.7023886576,9722.96383909746
"544",544,16359.6,9030.4,16360.6145704341,9035.29598272406
"545",545,16859.5,9645.5,16856.8458810321,9641.26258893849
"546",546,16620.7,9404.7,16620.9843333704,9399.70809109313
"547",547,16808.5,8740.2,16810.7004927173,8744.68974740952
"548",548,17145.8,9311.9,17140.8659529581,9312.70943176865
"549",549,16744.2,9646.5,16749.1409871643,9647.26592809181
"550",550,16213.1,9434.8,16216.9384947948,9438.00405332508
"551",551,16379.7,9393.2,16384.6754582405,9393.69478813372
"552",552,16788.3,9191.8,16788.0006319844,9196.79102983274
"553",553,16298.9,9664.5,16296.0653937071,9660.38114006496
"554",554,16803.9,9214.7,16800.1703346074,9218.03010451177
"555",555,16513.1,9402.2,16514.6620017713,9406.94975267424
"556",556,16934.7,8912.8,16932.3962597851,8917.23765490119
"557",557,16601.4,8990.5,16599.4118891803,8985.91225378114
"558",558,17062.9,9466.9,17067.2414141118,9469.38034745751
"559",559,16240.9,9638.3,16237.7143405637,9642.15377398871
"560",560,16508.7,9062.6,16506.0719345024,9058.34638133581
"561",561,16894.1,8961.5,16889.256395997,8962.74076599825
"562",562,16211.3,9657.3,16209.3806516245,9652.68306359007
"563",563,16558.3,9520,16562.1155165059,9523.23138264425
"564",564,16837.5,8888.9,16841.9874856302,8891.10510152128
"565",565,16800.2,9626.3,16796.636917188,9629.80776864614
"566",566,16702,9686.4,16706.9985176527,9686.52174266223
"567",567,16252.7,9006.6,16249.5520254894,9010.48461793237
"568",568,17076.8,9474,17074.7157529811,9469.4551221838
"569",569,16366.7,9743.4,16370.8552017647,9746.1810606421
"570",570,16735.6,8734.5,16739.3048673285,8737.85767152621
"571",571,16795.6,9196,16791.6189894229,9199.02515367954
"572",572,16493.4,9789.3,16496.3456734077,9793.34017427534
"573",573,16783.1,9709,16780.509641994,9704.72331373596
"574",574,17133.9,9318.3,17134.0993138836,9323.29602581817
"575",575,16858.8,8718,16863.1802116562,8720.41117105304
"576",576,16071.9,9060.7,16070.452173551,9065.48579132156
"577",577,16858.6,8863.9,16861.9640171068,8867.59910650092
"578",578,16297,9362.6,16301.4897671002,9364.80045254124
"579",579,17145.5,9153.2,17145.1993498711,9158.19095276475
"580",580,16590.7,9557.8,16588.727051868,9553.20571271376
"581",581,16445.4,9810.3,16450.2674754903,9811.44353939664
"582",582,16420.9,9401,16425.8971101456,9401.16997115403
"583",583,16331.2,8944.8,16336.114228038,8945.72215117569
"584",584,16240.7,9615.1,16238.3012572396,9619.48703010813
"585",585,16079.1,9325.9,16083.2389892742,9328.70513240114
"586",586,16179,9040.8,16182.7233069447,9044.13721221912
"587",587,16526.2,9386.2,16521.265309666,9387.00550065668
"588",588,16329.6,9692.6,16333.0887175126,9696.18173842114
"589",589,16822.3,8704.2,16817.5076627613,8705.62600974418
"590",590,16927.4,8840.9,16924.8403740503,8836.60484982829
"591",591,16971.3,8988.3,16969.289996308,8983.72180328532
"592",592,16442.6,9775.5,16446.4500748774,9778.69012906291
"593",593,16760.1,8778.4,16758.0552651633,8773.83720924788
"594",594,16941.8,8831.5,16946.7272532269,8832.34980917721
"595",595,16434.5,9682,16439.489767718,9681.68028431344
"596",596,17004.3,9506.4,17008.2216961083,9503.29833921359
"597",597,16466.6,9056.2,16462.8101568879,9059.46145507181
"598",598,16762.2,9636.5,16757.4063181666,9637.92148319717
"599",599,16601.8,9060.6,16597.1601053578,9062.46316336089
"600",600,16596.2,9506.9,16599.8993340848,9510.26376683634
"601",601,16812,9003.6,16815.986479055,9006.61794379406
"602",602,16470,8796.7,16474.1296881037,8799.51880757883
"603",603,16137.2,9510.6,16142.1895615917,9510.27708341151
"604",604,16967.2,9609.3,16964.96473498,9613.77253734367
"605",605,16322.6,8767.5,16323.2217163731,8772.46119630245
"606",606,16453.2,9781,16448.5828070814,9782.91873123501
"607",607,16776.1,9792.4,16779.276630669,9796.26121970274
"608",608,17061,9442.3,17065.9986105007,9442.41786883384
"609",609,16947.9,9672.1,16946.1250460618,9676.77434899395
"610",610,16810.1,8750.3,16808.1494122052,8745.69617471502
"611",611,16972.8,8951.1,16976.7877385856,8954.11627932606
"612",612,16601.9,9832.7,16596.9229796351,9833.17881968165
"613",613,16938,8995.2,16933.3078971272,8996.92747521874
"614",614,16596.8,9372.7,16600.4486469529,9369.28131963865
"615",615,16583.6,9573.4,16588.11731896,9575.54332205082
"616",616,16793.2,8736.7,16790.635489848,8740.99223574376
"617",617,16831.8,8770.4,16827.560762315,8773.05120045453
"618",618,17123.1,9204,17120.7979750012,9199.56145509149
"619",619,16716.8,9270.5,16714.2032966735,9274.77283650918
"620",620,16677.1,9329.1,16672.8230654018,9331.68994796135
"621",621,16267.9,9380.4,16271.1627313758,9384.18874437896
"622",622,16511.4,8866.8,16515.0462881104,8870.22119613823
"623",623,16915.6,9722.2,16920.3248176217,9723.83587849234
"624",624,16099.1,9169.9,16102.3965093034,9173.65939176102
"625",625,16553.4,8950.1,16556.4687041849,8954.04753779283
"626",626,16820.6,9622.9,16815.7479388096,9624.10727055965
"627",627,16808.1,9694.2,16806.8012850262,9699.02838890488
"628",628,16243.5,9335.5,16247.9699660087,9337.74040261584
"629",629,16913.3,8857.4,16911.4103095888,8862.02915436659
"630",630,16763.1,8715,16768.0929069305,8715.26623370126
"631",631,16944.6,9619,16939.6510964402,9619.71298916935
"632",632,16906.9,8852.3,16904.6919478037,8856.7860344959
"633",633,17068.5,9422.3,17066.0976484432,9417.91494504051
"634",634,16551.7,9459.1,16550.095946482,9463.8357166629
"635",635,16622.1,9468,16626.1501770028,9465.06809511645
"636",636,17011.5,9570.5,17009.8116872017,9575.20633614346
"637",637,16568.5,8966.8,16566.5099350664,8962.2131010955
"638",638,17152.3,9137.8,17148.0076222014,9140.36427237901
"639",639,16681.6,9761.5,16678.2576955242,9765.21873645084
"640",640,16616.2,9031,16611.2007357162,9031.08577074384
"641",641,16443.6,9510.7,16448.3140456076,9512.36666553624
"642",642,16821.3,9132.1,16825.1552917194,9135.2838225073
"643",643,17161.7,9357.7,17156.7480783688,9357.00828318074
"644",644,16536.2,9442.7,16539.8663475949,9446.09969047319
"645",645,16500.1,9069,16495.1901434452,9068.054849953
"646",646,16816.8,8723.5,16814.6162415893,8727.99791053756
"647",647,16126.1,9282.3,16127.1976573116,9287.17802710388
"648",648,16104.4,9479.4,16108.1836425038,9482.66864641758
"649",649,16190.4,9314.8,16187.6769826513,9310.60653168386
"650",650,17087.7,9130,17090.4310926562,9134.18821356943
"651",651,17145.5,9194.6,17149.5487148866,9197.53392361296
"652",652,16623.6,9561.4,16622.3789870029,9566.2486211711
"653",653,16424.4,9755.3,16429.1266147238,9756.93067877051
"654",654,16433.2,9768.6,16436.881414719,9771.98336898178
"655",655,16616.5,9452.5,16613.8663699832,9456.75017563571
"656",656,16606.7,9493.3,16606.3743908761,9498.28938660543
"657",657,16635.6,9378.5,16632.7328921884,9382.59630233221
"658",658,17044,8938.1,17043.9553355784,8943.09980050496
"659",659,16953.7,9529.5,16949.7895211603,9532.615791271
"660",660,16078.1,9426.6,16083.0105567735,9427.54150527067
"661",661,16436.2,9386.2,16441.1977475281,9386.35006547029
"662",662,16657,9001.2,16660.2637505623,8997.41213354681
"663",663,16812.3,8718.2,16808.8038110312,8721.77444578846
"664",664,16655.2,9374,16654.2710677604,9378.91295073192
"665",665,16134,9289.1,16136.8897105854,9293.18038879678
"666",666,16877.8,9052.3,16881.787226843,9055.31695576745
"667",667,16604.7,9384.6,16600.1986115154,9386.77658027896
"668",668,16305.7,9670.4,16309.2294937673,9673.9415637431
"669",669,16263.9,9602.1,16268.5262869289,9603.99669956803
"670",670,16633.9,9493.7,16638.2518610849,9496.16197179063
"671",671,16609.2,9466,16609.1500777423,9470.99975077061
"672",672,16864.9,9606.1,16869.8345100293,9606.90660447009
"673",673,16854.3,9611,16849.478938362,9612.32565632146
"674",674,16439.5,8683,16436.8066045557,8687.21255516057
"675",675,16616.5,9067.6,16620.5801189883,9070.4900915282
"676",676,16537.2,9380.9,16533.2279766714,9383.93694429932
"677",677,16960.5,9523.3,16957.7271162901,9527.4606629197
"678",678,16725.2,9234.9,16720.2016838648,9235.02975288915
"679",679,17084.9,9110,17089.494587472,9111.97224896044
"680",680,16434.2,9762.7,16438.1856486444,9765.71904039114
"681",681,16604.3,9413.5,16604.3868161286,9418.49924623917
"682",682,16583,8988.4,16587.9492714188,8989.11043115309
"683",683,17063.1,9066.7,17067.3182242157,9069.38450823549
"684",684,16938.1,9530.1,16939.7825614083,9534.80839538562
"685",685,16889.2,8933.2,16885.5644930726,8936.63265048916
"686",686,16944.7,9569.2,16948.9280817252,9571.86895577425
"687",687,17051.8,9040.1,17049.4302034578,9035.69726626417
"688",688,16975.1,9546.7,16971.5993030908,9543.12996902672
"689",689,17152.4,9350.4,17155.1244865668,9354.5925139174
"690",690,16685.3,9293.9,16681.085416904,9296.59022105535
"691",691,16792.2,9625.2,16788.7794426421,9628.8468873524
"692",692,16846.6,9649.4,16845.5571395044,9654.29003496785
"693",693,16450.9,9520.6,16445.987682006,9519.6677275473
"694",694,16231.1,9048.6,16230.0717412227,9043.7068738125
"695",695,16417.5,9454.8,16412.5055035012,9455.03453085748
"696",696,16181.3,9295.4,16179.1090411074,9290.90559246053
"697",697,16075.9,9264.7,16071.5866903381,9267.22890485394
"698",698,16936,9551.9,16932.3461731685,9555.31314363677
"699",699,16431.1,9657.8,16436.0203017941,9658.68917391733
"700",700,17158,9352.9,17153.1932462091,9351.52336715372
"701",701,16741,8693.7,16745.989220466,8694.02814500127
"702",702,16321.7,8736.3,16318.6482073125,8740.2606263889
"703",703,16711.3,9552.3,16716.25638087,9552.95900582072
"704",704,16376.8,9636.7,16380.58613236,9639.9657620477
"705",705,16215.4,8823.4,16214.5005662689,8828.31843663814
"706",706,16116.7,9293.3,16116.3825576684,9298.28991286158
"707",707,17086.9,9150,17090.7973658042,9153.13217812201
"708",708,16803.2,8811.7,16804.9595388839,8816.38017338524
"709",709,16972.3,9550.8,16969.5979573819,9546.59298613147
"710",710,16260,8874.3,16263.8164091748,8877.53032831315
"711",711,17073.9,9097.5,17078.2597311081,9099.94800830572
"712",712,16480.9,8897.6,16485.413227031,8899.75192513029
"713",713,16593.1,9044.1,16596.6552390895,9047.61571827884
"714",714,16765.5,8747.8,16768.3636486554,8751.89872131016
"715",715,17153.4,9151.6,17156.7496981636,9155.31207788347
"716",716,16297.6,8786.7,16297.1473477153,8791.67946843641
"717",717,16758.3,8704.9,16763.2825192243,8704.48226542008
"718",718,16163.6,9569.2,16158.6041075365,9568.99737104661
"719",719,17020.8,9479.8,17019.3523552929,9475.01415370055
"720",720,16560.1,8976,16564.3032657605,8978.70786944793
"721",721,16950,9599.2,16948.2558138045,9603.88591661424
"722",722,16934.9,8970.9,16939.4798416732,8972.90625278766
"723",723,17119.5,9141.5,17121.3030640056,9146.16357804607
"724",724,16480,8732.2,16480.2367067061,8737.19439385064
"725",725,16330.7,9075.9,16335.4403636607,9077.49026801664
"726",726,16091,9270.1,16092.6928055908,9274.80472201428
"727",727,16341.6,9415.6,16343.0771272895,9420.37682896602
"728",728,16917.2,9578.4,16920.7713101511,9581.89939191931
"729",729,17088.1,8975.2,17091.8477696557,8978.50971639384
"730",730,16411.8,9763.3,16415.7363423143,9766.383051927
"731",731,16607.4,9679.7,16610.8741196793,9676.1041006057
"732",732,16094.1,9489.5,16099.0384913474,9488.71814118197
"733",733,16281.7,8841.9,16285.7762308623,8844.79557282016
"734",734,16772.8,9230.4,16771.3413442373,9235.18250178942
"735",735,16446.5,9746.7,16444.7289839993,9751.37584241877
"736",736,16282.2,8813.3,16286.7887120958,8815.28588048539
"737",737,16740.8,8705.9,16735.8262496244,8705.38832901115
"738",738,16346.7,8902.8,16342.7066006478,8905.80878075198
"739",739,16846.9,8823.5,16851.1715567616,8826.09880796376
"740",740,16796.9,9179.7,16797.1589847771,9184.69328818368
"741",741,16970,9653.5,16974.9561796521,9654.16051741552
"742",742,16264,8905.1,16268.3004222378,8907.65075843169
"743",743,16873,8725.9,16875.5130475608,8730.22256775044
"744",744,16336.4,9591.9,16339.1093490245,9596.10231220442
"745",745,16991.8,9508.4,16988.302809149,9511.97346556608
"746",746,16804.8,9122.5,16809.7827500682,9122.91497199685
"747",747,16826.4,8755.6,16826.7590186283,8760.58709390573
"748",748,16855.2,8901.9,16850.4251941492,8903.38365396479
"749",749,16680.7,8884.4,16680.4629718256,8889.39437860445
"750",750,16887.8,8729.1,16886.2148829571,8724.3579114348
"751",751,16785.5,9251.6,16781.9155675472,9255.08594951073
"752",752,16366.1,9675.6,16371.0823694476,9675.18048279254
"753",753,16622.8,9399.3,16619.5139196337,9403.06851108874
"754",754,16440.4,8785.2,16438.1709621314,8780.72435589211
"755",755,16221.7,9642.4,16220.5915337248,9637.52441772536
"756",756,16453.9,9684,16452.3145355947,9688.74197243978
"757",757,16952.9,8967.9,16949.1031765268,8971.15332622307
"758",758,17121.8,9116.9,17125.9503748257,9119.68825909956
"759",759,16293.1,9611,16297.1704118239,9613.9037471625
"760",760,16135.3,9365.7,16139.4372600914,9368.50768212882
"761",761,17077.4,9119.7,17077.2526043723,9124.69782698069
"762",762,16615.7,9682.4,16611.6471987025,9685.32827622383
"763",763,17027.9,9550.9,17030.7267484249,9555.02425670182
"764",764,16737.6,9211.7,16737.7642902277,9216.69730014319
"765",765,16289,8944.1,16292.6304221396,8947.53802779048
"766",766,16533.1,9386.2,16528.1077117836,9385.9224061156
"767",767,16299.8,9657.2,16303.1805588222,9660.8839953922
"768",768,16727.9,8669,16732.6503358849,8670.56022722071
"769",769,16613.3,9433.8,16614.1729821776,9438.7232003938
"770",770,16476.3,8713.3,16476.0603907941,8718.29425544285
"771",771,16372,8944.2,16367.1111321252,8943.15168186934
"772",772,16493.3,8822.6,16492.3772060546,8817.6858926208
"773",773,16254.1,8871.8,16250.6572980361,8875.42598995969
"774",774,16576.2,9055.3,16581.1003243904,9056.29338857876
"775",775,16366.1,9385.9,16370.906997129,9387.27578290493
"776",776,16478.8,8889.1,16481.7183777363,8893.15993489948
"777",777,17112.6,9501.2,17117.5897427917,9501.52010447127
"778",778,16685.2,9354.9,16680.2668914938,9355.71513217699
"779",779,16403.3,8927.2,16407.4726113583,8929.95487104108
"780",780,16825.3,8719.7,16822.259022763,8723.66893656334
"781",781,16721.4,9658.6,16725.9882273342,9660.58700023392
"782",782,16892.3,9725.2,16887.7001754388,9727.16000357298
"783",783,16882.2,8937.4,16879.1999947829,8941.39999608715
"784",784,16230.8,8930.3,16228.2084938256,8934.57599061598
"785",785,16995.1,8974.4,16990.2104813942,8975.44527881599
"786",786,16824,8836.3,16819.8488231748,8839.08706493754
"787",787,16924.2,9714,16928.523795627,9716.51093436318
"788",788,17075,9454.5,17075.9662864776,9459.40574056012
"789",789,17115.6,9479.2,17115.4768896197,9484.19848415365
"790",790,17004.1,9519,17007.0438984441,9523.0414677966
"791",791,16931.6,9579.5,16935.4856626359,9582.64668490314
"792",792,16353.7,9633.4,16348.8193695496,9632.31397679265
"793",793,16612.7,9072.5,16617.6848436635,9072.88901626041
"794",794,16893.3,8912.6,16888.3099158768,8912.28526130957
"795",795,17109.8,9156.6,17112.8128575567,9160.59032446585
"796",796,17002.7,8991.6,17007.6532099018,8992.28243070603
"797",797,16934.9,8960.3,16939.8322562941,8959.47972696679
"798",798,16487.5,8812.1,16489.1869550944,8816.80682297411
"799",799,16278.3,9393.4,16282.5114089586,9396.09518730022
"800",800,16589.8,9386.1,16594.790289742,9385.78853845998
"801",801,16277.2,9021.3,16281.8861312614,9023.04360941767
"802",802,16947.6,8943.7,16951.7501461261,8946.488599493
"803",803,16864.2,8910.5,16869.1365407219,8909.70591832851
"804",804,16900,8932.7,16904.4415219841,8934.99627578159
"805",805,16844.4,8714.4,16849.3594747315,8715.0353033824
"806",806,16822.4,9615.1,16827.3943810828,9614.86302405139
"807",807,16471.6,9695.3,16476.0416138894,9697.59609800694
"808",808,16979.4,9544.3,16983.6984526942,9546.85407604345
"809",809,16416.1,8953.6,16421.0779634912,8954.06891308435
"810",810,16591.4,9542.1,16594.1120354655,9546.30057896413
"811",811,17148.6,9340.5,17151.4782213169,9344.5885011986
"812",812,16904.4,9611.6,16906.1229524667,9616.29376552433
"813",813,16634.2,8668.9,16638.6410933175,8671.19710473093
"814",814,16632.9,9031.6,16635.0571907614,9036.1107125844
"815",815,16994.3,9556.4,16989.5070011345,9557.82378434996
"816",816,16417.5,9641.4,16422.4370299242,9640.6089655335
"817",817,16550.1,9759.5,16545.1160269321,9759.0999844275
"818",818,16050.9,9334.7,16051.5846920785,9339.65289781417
"819",819,16507.1,9027.1,16510.783187519,9030.4814389984
"820",820,16379.3,9726.7,16382.3324041586,9730.67549053813
"821",821,16659.4,9084.2,16663.8704413037,9081.9605459259
"822",822,16496.3,8842,16500.6516505272,8844.46234394208
"823",823,16202.5,9339.3,16206.3191316909,9342.5271090976
"824",824,16837.9,9658.1,16841.2239017959,9661.83519435251
"825",825,16860.5,8929.8,16859.4797172755,8934.69479551791
"826",826,16587.4,9079.1,16592.179007632,9080.57006328198
"827",827,17123.8,9423.2,17123.3845200003,9418.21729226526
"828",828,16256.3,9664.4,16261.2856119408,9664.77904297363
"829",829,16196.5,9593.5,16196.3712878049,9598.49834304253
"830",830,16672.9,9303,16677.0633548394,9305.76884027736
"831",831,16618.6,8997.2,16623.4649249428,8998.3543419343
"832",832,16215.5,9484.4,16220.4954412035,9484.61346471076
"833",833,16853.1,9616.1,16848.1646588795,9615.29849639812
"834",834,16502.9,8869.6,16506.7768702648,8872.75751119553
"835",835,16629.4,9500.2,16628.6049026885,9495.26362275902
"836",836,16316.9,9370,16321.6598691307,9371.53089707647
"837",837,16985.8,9214.5,16987.5616090971,9219.17939455367
"838",838,16998.5,9001.5,17001.4898317534,9005.5076060293
"839",839,16088,9029.3,16086.5928888697,9034.09792020224
"840",840,16328.4,9000.3,16333.3997904367,9000.25422239521
"841",841,16987.6,8979.4,16992.5972336704,8979.56629985913
"842",842,16754.7,8763,16756.8418095831,8767.51803626697
"843",843,16966.7,8852.2,16971.0757058857,8854.61933833973
"844",844,16800.4,8939.2,16797.957044648,8934.83743548493
"845",845,16425.2,9640.6,16429.6050408669,9642.96550522323
"846",846,16212.1,9464.6,16208.3666612348,9467.92598581839
"847",847,16812,8796.8,16816.9712705368,8797.33522822241
"848",848,16653.5,9641.5,16657.5051884973,9644.49306951153
"849",849,16811,9203.5,16808.8669036536,9208.02215656263
"850",850,16863.8,8792,16867.3959571765,8795.47405987062
"851",851,16631.9,8735.4,16636.210145132,8737.93429456484
"852",852,16691.4,9364.8,16696.1852887649,9363.35051338863
"853",853,16627,9033.8,16628.9801954954,9038.39116823912
"854",854,16616.2,9013,16616.3910885231,9017.99634718333
"855",855,16625.9,8651.1,16630.0730709329,8653.85417482902
"856",856,16110.9,9337.3,16106.5408690776,9339.74907688763
"857",857,16570,8951.2,16573.2326699099,8955.01442594027
"858",858,16039.8,9198.3,16038.7852290217,9203.19594116199
"859",859,16861.9,8957.3,16863.3941319845,8962.07153744749
"860",860,16605.8,9077.5,16600.830901164,9078.05502861013
"861",861,16294.7,9059.7,16298.9268609145,9062.37088876766
"862",862,16432,9776.6,16435.3067766032,9780.35036378192
"863",863,16835.6,9143.3,16832.9471486127,9139.06179524838
"864",864,16349.9,9594.7,16352.1464647455,9599.16692244695
"865",865,16081.5,9363.5,16079.9858730585,9368.26523027827
"866",866,16238.2,9633,16238.3375529032,9637.99810756175
"867",867,16238.1,8814.9,16235.2485771127,8819.00723599492
"868",868,16599,9562.8,16597.4037598258,9558.06164402917
"869",869,16541.9,9387.8,16537.1438557056,9389.34243037143
"870",870,16374.6,8926,16370.8460869648,8929.30274687559
"871",871,16616.9,9048.1,16620.2660537813,9051.79725329687
"872",872,16899.5,9640,16903.5344337799,9642.9535307812
"873",873,16358.7,9688.8,16359.8962997384,9693.65477774321
"874",874,16891.2,8966,16895.7545530627,8968.06301875887
"875",875,17058.4,9100.2,17057.2500296454,9095.33403984977
"876",876,16174.5,9114.3,16179.49967431,9114.35706832933
"877",877,16097.3,9265.6,16101.139884435,9268.80238778504
"878",878,17126.8,9222.7,17124.7058783614,9218.15966360686
"879",879,16310.2,9619.6,16305.201946941,9619.73951924444
"880",880,16127.8,9074.7,16132.7773167389,9075.17572899901
"881",881,16238.7,8883.6,16240.6476810333,8888.20505576431
"882",882,16288.8,9041.9,16284.375087086,9044.22812063775
"883",883,17145.6,9252.5,17142.6434703261,9248.46776336417
"884",884,16383.4,8749.9,16380.3442803784,8745.94240254774
"885",885,16924.1,9593.5,16919.2171682,9594.57608253056
"886",886,16103.7,8990.9,16101.4733570109,8995.37683604783
"887",887,16837.6,8876.7,16841.6589778662,8879.61970866382
"888",888,16888.5,8906.7,16884.1289150893,8909.12767722397
"889",889,17076,9133.4,17074.2242645575,9128.72594783532
"890",890,17115,9218,17119.9963867276,9217.8099482472
"891",891,16253.8,9692.6,16255.773415372,9697.19408660886
"892",892,16970.6,8968.6,16971.5225102522,8973.51416064395
"893",893,16714.9,8683.9,16713.8901682945,8688.79696231623
"894",894,17088.7,9072.2,17087.98036741,9077.14794188885
"895",895,16233.2,8832.4,16238.047027675,8833.62732339589
"896",896,16765.2,9789.5,16760.2169687589,9789.08841811225
"897",897,16999.6,8876.7,17004.5365971112,8877.49373103874
"898",898,16849.4,9155.1,16847.391132398,9159.67869533356
"899",899,16815.2,9119.9,16820.1965315675,9119.71379501936
"900",900,16363.7,9697.2,16361.6973464132,9692.61858334013
"901",901,16277.9,9043.4,16278.7481833381,9048.32753336111
"902",902,16332.2,9515.8,16336.3563791222,9518.57930073807
"903",903,17139.3,9304.5,17139.7638913954,9309.47843396795
"904",904,16942.2,9522.9,16937.8827227347,9525.42212549531
"905",905,16776,9692.8,16778.4908126327,9697.13541836839
"906",906,16828.8,8794.8,16832.1792231228,8798.48522062924
"907",907,16170.2,9124.8,16175.1266156498,9123.94650234954
"908",908,16126.5,9293.3,16130.8541775224,9295.75787267851
"909",909,16356,8919.4,16359.9919629989,8922.41068620342
"910",910,16123,9455.1,16120.0625929339,9459.14618829616
"911",911,16915.1,8850.2,16915.7679550629,8855.15518274476
"912",912,16446.6,9666.6,16444.0290710339,9662.3116058657
"913",913,16419.3,9648.1,16423.6270054307,9650.60539897081
"914",914,16736.7,8669.6,16740.5722278825,8672.76320268499
"915",915,16915.2,8983.2,16910.5695144014,8985.08642601796
"916",916,16841.1,9189.8,16838.4634765087,9194.04838132465
"917",917,16290.3,8868,16290.6729599765,8872.986070683
"918",918,16940.9,9518.4,16940.0063135884,9523.31948418004
"919",919,16844.7,8844.9,16843.0881482487,8840.16693186909
"920",920,16349.8,8915,16354.2323124726,8917.3140021921
"921",921,16408.8,8684.7,16413.7803228042,8685.1431532077
"922",922,16244.3,9320.4,16248.8243981163,9322.52833777522
"923",923,16793.5,8942.1,16796.0302437977,8946.41252435634
"924",924,16405,9733.3,16407.9190011421,9737.35948670802
"925",925,16871.2,8934.7,16870.6220720206,8929.73351238292
"926",926,16584.7,9083.9,16589.6985756578,9084.01933731072
"927",927,16542.7,9804.6,16547.6710491215,9805.13728077559
"928",928,17044.3,9449.4,17049.1864468482,9450.45954575154
"929",929,17033.9,9015.6,17029.3341888096,9017.63798139683
"930",930,16161,9139.3,16165.5696798966,9141.32929190677
"931",931,16825.3,9092.4,16829.8578990778,9090.34438427796
"932",932,17160.1,9147.3,17161.3681577303,9152.13650451992
"933",933,16614.6,9120.2,16619.5703389589,9119.65618878846
"934",934,16524.5,8909,16527.3318871647,8913.12072992153
"935",935,17154.4,9367.5,17158.7126711686,9370.02999355559
"936",936,16320.9,9648,16325.6198879694,9649.65004774357
"937",937,17150.9,9323.7,17154.7736947978,9326.8614061133
"938",938,16965.5,9560.2,16969.8075859211,9562.7386420646
"939",939,16177.8,9442.1,16181.568185522,9445.38645369232
"940",940,17079.1,9385.4,17079.3359131505,9380.40556860239
"941",941,16765.9,9218.2,16764.2417883108,9213.48297403082
"942",942,16673.9,9334.6,16678.858002269,9333.95330571304
"943",943,16413,9389.7,16417.4331034542,9392.01248648949
"944",944,16625.3,9409.1,16624.6688626087,9414.06000661223
"945",945,16419,9760.6,16423.60468289,9762.54856241422
"946",946,16530.8,8896.8,16533.1621674611,8901.20683161529
"947",947,16781.3,9301.3,16786.2933603886,9301.55758887771
"948",948,16615.2,9089,16619.8923430354,9090.72682275809
"949",949,16463.5,8791.4,16465.4662165921,8795.99717220831
"950",950,16495.2,8980.1,16499.749579096,8982.1739648138
"951",951,16303.7,9351.5,16307.6975214823,9354.50330184938
"952",952,17028.7,8912,17033.6983359301,8912.12898809884
"953",953,16678.3,9705.1,16673.8961365944,9707.46769658206
"954",954,16753.5,8723.1,16757.7463422173,8725.73980638949
"955",955,17035,9037.2,17037.9773069996,9041.21691959465
"956",956,16827,9700.7,16829.5934961767,9704.97478392219
"957",957,16851.8,8706.8,16856.1125929929,8709.3301268105
"958",958,17089,9168.7,17088.342979995,9163.74335549863
"959",959,16588.3,8975.8,16583.375169285,8976.66373747641
"960",960,16379.1,9338.9,16374.5388896831,9340.94848057766
"961",961,16864,8862,16867.4367785745,8865.63160474582
"962",962,16135.4,9308.3,16139.148050367,9311.60939850219
"963",963,16606.9,9510.2,16606.8153618303,9515.1992835867
"964",964,16459.5,8874.1,16454.5810796688,8874.99678468719
"965",965,16803.4,9207.5,16799.2319128444,9210.26171132867
"966",966,16311.1,8747.4,16315.0393491204,8744.32079092823
"967",967,16505.3,9003.4,16506.1961177223,9008.31904188108
"968",968,16216,9018.4,16214.1881834011,9013.73981538863
"969",969,16961.4,8941.5,16966.3171634337,8942.40636844953
"970",970,16893.6,8927.8,16890.0910373213,8931.36190692184
"971",971,16806.4,8825.9,16808.6769498847,8830.35146034717
"972",972,16723.3,9811.2,16718.4301817002,9812.33352094257
"973",973,16505.6,8856.3,16503.088838955,8851.97633602066
"974",974,16751.6,9214.1,16748.5207430454,9218.03931169209
"975",975,16597.1,9821.8,16600.8894254935,9825.06194028594
"976",976,16787.5,8811.6,16785.4908950984,8807.02140878715
"977",977,16083,9434.5,16082.6041371755,9439.48430462794
"978",978,17145.3,9214.9,17146.1478047083,9219.82759852023
"979",979,16415.9,9440.9,16415.0073361707,9445.81966983525
"980",980,16268.1,8834.1,16266.5625965172,8829.34222840703
"981",981,16695.5,8888.2,16693.3912134413,8883.66645621507
"982",982,16657.1,8878.5,16661.272543725,8881.25497347768
"983",983,16803.9,9242.6,16800.722266399,9246.4603120549
"984",984,17129.7,9131.1,17130.422523273,9136.04752060329
"985",985,16793.8,9205.2,16792.077189639,9200.50618231502
"986",986,16525.4,8880.6,16528.149717396,8884.77600936805
"987",987,16927.9,9619.7,16923.8523032748,9616.76467187167
"988",988,16051.1,9141.2,16046.8067803496,9143.7628626637
"989",989,16980.7,9556.8,16977.1601754497,9553.26876195183
"990",990,16177.1,9140,16182.0973056577,9140.16412240557
"991",991,16672,9341.8,16668.2515272861,9345.10892011286
"992",992,17022.9,9047.4,17020.7271712877,9042.89679942853
"993",993,16459,9667.3,16461.1699028629,9671.80461114479
"994",994,16374.9,8728.3,16370.1063716058,8729.72166339852
"995",995,16654.9,8995.9,16650.3564413323,8997.98712113525
"996",996,16749.2,8737.6,16752.3407173711,8741.49048768086
"997",997,16833.3,9662.2,16835.5215111006,9666.6793848272
"998",998,16278.2,9667.4,16281.8174707717,9670.85165253405
"999",999,16896.1,8966.7,16891.3610210019,8968.29438955578
"1000",1000,16448.3,9394.5,16453.2009245331,9395.49042350585
"1001",1001,16864.6,8711.9,16867.5018771284,8715.97174521941
"1002",1002,17145.1,9323.7,17149.0637379453,9326.747750236
"1003",1003,16925.3,9606.5,16920.6212999351,9608.26345277862
"1004",1004,17072.3,9387.6,17070.8330519114,9392.37996478076
"1005",1005,17013,9506,17014.9787644168,9510.59178520653
"1006",1006,16711.4,9254.3,16707.4996033187,9257.42840306362
"1007",1007,16396.9,9073.3,16392.4588404882,9075.59697675021
"1008",1008,17001.1,9549.3,17001.2521853601,9554.29768342496
"1009",1009,16225.8,9067.8,16220.8315751739,9068.36103007711
"1010",1010,16762.3,8862.7,16757.4831935213,8864.04103517746
"1011",1011,16504.6,8833.5,16504.8459296089,8838.49394820032
"1012",1012,16530.5,8957.2,16528.8320834244,8961.91360311194
"1013",1013,16718.8,8704.4,16719.3678613031,8709.36764869334
"1014",1014,16818.4,9223,16815.0909515241,9226.748359399
"1015",1015,16882.8,8910.3,16879.6183780174,8914.15710792691
"1016",1016,17145.2,9352.1,17144.3102924817,9357.02020533431
"1017",1017,16705.7,8973.4,16703.3633592692,8977.82041967409
"1018",1018,16309.3,9423.9,16308.6188754289,9428.85338967967
"1019",1019,16646.2,8958.6,16641.3241957503,8959.70748946669
"1020",1020,16634,9616.7,16638.3855668971,9619.10141687158
"1021",1021,16247.5,9607.5,16243.4379063005,9610.41537215063
"1022",1022,16810.3,8922.9,16813.5560661967,8926.69447399814
"1023",1023,17029.5,8994.7,17032.1264485813,8998.95461723891
"1024",1024,17024.7,9446.1,17021.5167894209,9449.95579698756
"1025",1025,16870.5,8765.6,16867.0310604674,8769.20089690478
"1026",1026,16536.2,8777.3,16536.456409344,8782.29342109663
"1027",1027,16583.6,8972.9,16585.0981323246,8977.67028296203
"1028",1028,17157.5,9134,17152.6215902504,9135.09595543496
"1029",1029,16301.9,8916.1,16306.7014112982,8917.49515215862
"1030",1030,16727.4,9613.3,16730.0363324236,9617.54849989433
"1031",1031,16605.3,9083.4,16603.7926761487,9088.16738658044
"1032",1032,16403.2,8683.3,16404.8130233584,8688.03266897693
"1033",1033,16865.1,9717.3,16860.1006747623,9717.38214114315
"1034",1034,16648.7,9374.5,16644.909540709,9377.76073892907
"1035",1035,16876.3,8767.7,16873.2971007664,8771.69782393217
"1036",1036,16967.4,9556.5,16971.1677279619,9559.7869782483
"1037",1037,16338.9,8788.3,16343.8850351299,8787.91344501888
"1038",1038,16755.1,9233.9,16760.0092969851,9234.84805227267
"1039",1039,16783.8,8751.6,16788.1840338033,8749.19578544819
"1040",1040,16375.6,9670,16378.9652652346,9673.69797105188
"1041",1041,16702.1,9614.8,16698.2689592956,9618.01296235909
"1042",1042,16090,9259.4,16089.1865281042,9264.33338255914
"1043",1043,16884.9,8876.1,16889.1559225783,8878.72433286896
"1044",1044,16068.6,9336.4,16072.5461253481,9339.47052027138
"1045",1045,16389.6,8995,16384.8764753626,8996.63960818489
"1046",1046,16804.7,8902.4,16802.6500549371,8897.83954769357
"1047",1047,16441.4,8982.2,16440.63145353,8987.14058056543
"1048",1048,17150,9223.8,17146.8547279627,9227.68680637685
"1049",1049,16666.6,9356.8,16662.8348348884,9360.08991362844
"1050",1050,16157.7,9400.9,16161.2975139702,9404.37244772951
"1051",1051,16317.9,9638.9,16315.5530406711,9634.48505018053
"1052",1052,16404.3,8744.9,16399.9715615833,8747.40292246637
"1053",1053,16245.7,9329,16249.8850589009,9331.7359243404
"1054",1054,16552.6,8999.7,16556.8694880404,9002.30220519428
"1055",1055,16174.6,8999.7,16179.5975529784,8999.8564104467
"1056",1056,16806.4,8719,16803.5077972342,8723.078622704
"1057",1057,16099.3,9432.6,16101.2300220983,9437.21248465582
"1058",1058,16720.8,9258.1,16718.2453663177,9262.39812130461
"1059",1059,16554.1,8939,16556.4764766784,8943.39913157308
"1060",1060,16101.3,9173,16098.0779557986,9176.82340570227
"1061",1061,16300.8,9036.4,16300.5896458373,9041.39557315293
"1062",1062,16632.2,9100.8,16628.274342235,9103.89664513819
"1063",1063,16858.2,8805,16862.3699094293,8807.75895910648
"1064",1064,17074.9,9404.3,17075.1943772181,9409.2913266827
"1065",1065,16772.1,9183.8,16771.3340337218,9178.85901875528
"1066",1066,16786.9,8791.3,16785.2152671126,8786.59238116473
"1067",1067,16065.1,9179.1,16062.743043561,9174.69037911552
"1068",1068,17147.7,9368.2,17143.2182444534,9370.41672443492
"1069",1069,17145.7,9227.2,17145.6445312048,9232.19969231181
"1070",1070,16565.8,9385.9,16561.2559608943,9387.9860749281
"1071",1071,17020,9461.1,17016.9930199804,9465.09475545703
"1072",1072,16780.6,9455.5,16780.4054141738,9460.49621220088
"1073",1073,16781.3,9428.7,16786.2819656401,9429.12428570683
"1074",1074,16826.4,9208.5,16827.3769388197,9213.40363034318
"1075",1075,17146.3,9303.1,17150.9387556588,9304.96599730377
"1076",1076,16152.2,9009.6,16151.3124920939,9014.52060257657
"1077",1077,16076.4,9186.7,16078.2887968115,9191.32951904681
"1078",1078,16860.7,8774.2,16856.2847790933,8776.54644930584
"1079",1079,16576.6,9406.6,16577.8590168106,9411.43889209123
"1080",1080,16449.7,8938.7,16454.333014318,8940.58020699117
"1081",1081,16274.2,9333.3,16278.3434709753,9336.09850822349
"1082",1082,16766.1,9257.4,16761.2974180799,9258.7911171411
"1083",1083,17035.2,9500.5,17036.8477566809,9505.22068828885
"1084",1084,16593.2,9075.3,16598.1999893752,9075.31030765587
"1085",1085,16645.1,9075.3,16646.6843324909,9080.04235074179
"1086",1086,16883.5,8879.8,16887.0406558827,8883.33040449814
"1087",1087,16812.2,8894.6,16813.9861914886,8899.27006637706
"1088",1088,16779.3,9557.5,16774.3319505274,9556.93565574562
"1089",1089,16192.7,9034.8,16187.8993245588,9036.19768211978
"1090",1090,16864.3,8726.4,16867.0975727916,8730.54410261407
"1091",1091,16147.5,9282.9,16145.2374060641,9278.4412256526
"1092",1092,16261.8,8840.7,16260.0869262769,8845.39737995263
"1093",1093,16804.9,9199.9,16804.9077208897,9204.89999403878
"1094",1094,16473.1,8698.9,16473.3496736445,8703.89376241638
"1095",1095,16373.2,9681.2,16372.4172099186,9686.1383438204
"1096",1096,16888.6,9591.9,16884.6295414931,9594.93898983956
"1097",1097,16473,9684.1,16471.1218709993,9679.46614291796
"1098",1098,16947.6,8972.6,16943.5277207355,8975.50112764145
"1099",1099,16146.8,9274.6,16149.3263787515,9278.91478972881
"1100",1100,16431.5,9402.6,16436.2708357214,9404.09637111677
"1101",1101,16753.1,9262.6,16748.6782261484,9264.93407712077
"1102",1102,16824.6,8790,16828.3892492997,8793.26214496072
"1103",1103,16299.2,9486.7,16301.5736428778,9491.10066125584
"1104",1104,16954.4,9648,16959.2546349411,9646.80312089624
"1105",1105,16602.8,9357.9,16598.028931477,9359.39562868008
"1106",1106,16132.2,9261.6,16130.5116086363,9256.89369204121
"1107",1107,16684,9485.7,16679.421865827,9483.68985386264
"1108",1108,16963.4,9574.7,16966.7821698796,9578.38251638226
"1109",1109,16936.5,9534.7,16934.2822413862,9539.18124388209
"1110",1110,16914.4,9710.7,16919.3445609488,9711.44250725517
"1111",1111,16782.8,9385.1,16777.8035961527,9385.28960114538
"1112",1112,16490.4,8928.5,16494.1918206883,8931.75915569858
"1113",1113,16922.9,9619.4,16927.3806558019,9621.61894650341
"1114",1114,17044.5,9033.1,17049.3459582026,9031.86846067904
"1115",1115,16451.3,8862.5,16447.6876299654,8865.95699041557
"1116",1116,16804.7,9011.4,16808.2516871806,9014.91930649008
"1117",1117,16402.7,9701.4,16397.9696241172,9703.01973578317
"1118",1118,16370.3,8992.9,16375.2649033165,8993.49138401906
"1119",1119,16180.7,9143.7,16185.6897378217,9144.0201819338
"1120",1120,17088.4,9414.5,17088.2177256758,9419.49667650251
"1121",1121,16872.4,8779.2,16869.8004810171,8783.47112409767
"1122",1122,16840.7,8825.9,16835.8352247714,8824.74502728383
"1123",1123,16241.9,9658.3,16243.3997328808,9663.06978000397
"1124",1124,16951.4,8996.9,16951.5972882217,8991.9038937804
"1125",1125,16172.9,9144.2,16173.7057647086,9149.13464722491
"1126",1126,16841.7,9667.2,16837.0619728796,9665.33219261427
"1127",1127,17146.8,9361.4,17142.0813258734,9359.74648420434
"1128",1128,16201.9,8863.7,16206.8973244906,8863.53645203772
"1129",1129,17090.1,9384,17088.3258001482,9388.6746352677
"1130",1130,16799.5,8949.9,16797.0600850187,8954.26426567525
"1131",1131,16427.8,9648.9,16422.832926283,9649.47286882414
"1132",1132,17152.3,9221.6,17154.2224659155,9226.21563915442
"1133",1133,16961.1,8874.8,16956.1114243983,8875.13780684733
"1134",1134,17068.1,9384.2,17063.5601533351,9386.29518310883
"1135",1135,17105.5,9191.8,17106.610684232,9196.67507749034
"1136",1136,17033.8,9601.3,17029.5086139852,9603.86593181358
"1137",1137,16480.4,9383.5,16475.4135499558,9383.1321468275
"1138",1138,16154.4,8896.9,16152.2132557449,8901.39645966987
"1139",1139,16496.3,8834.2,16500.5334661583,8836.86040678974
"1140",1140,16226.4,8935.8,16224.0614940537,8940.21943321471
"1141",1141,16810.5,9711.8,16806.2087017172,9714.36607853503
"1142",1142,16874.4,8940.1,16870.1067500875,8942.66281196915
"1143",1143,16108.4,9502,16105.7013093552,9506.20916485819
"1144",1144,16322.3,9380.6,16325.8716010737,9384.09909499301
"1145",1145,16476.5,8675.4,16475.1725521779,8680.22056866766
"1146",1146,16292.8,9095.5,16297.6211963979,9096.82516613792
"1147",1147,16856.8,8785.7,16851.8000007452,8785.70272979975
"1148",1148,16282.8,8835,16277.9774080229,8833.67992173619
"1149",1149,17088.5,9389.4,17088.3630694448,9394.39812465061
"1150",1150,16833,8712.6,16837.9909162409,8712.90125583175
"1151",1151,16922,8920.6,16917.0202609759,8921.04966571139
"1152",1152,16747.1,8747.1,16749.9561291159,8751.20396472612
"1153",1153,16501.4,9778.8,16505.1491343026,9782.10817048846
"1154",1154,16995.5,9472.4,16991.435916374,9475.31259751438
"1155",1155,16615.8,9517.2,16615.211537328,9512.234749585
"1156",1156,16238.8,9317.4,16233.9779659932,9316.07788501342
"1157",1157,16463,8680.2,16467.6893342238,8678.46502318814
"1158",1158,16815.6,8880.6,16817.0118920181,8885.39651549871
"1159",1159,16110.9,9166.4,16115.5912694404,9168.1297372741
"1160",1160,16249,8907.6,16248.2898431122,8902.65068922023
"1161",1161,17032.2,9595.7,17037.1084220716,9594.74742834012
"1162",1162,16638,9764.2,16639.1790019021,9769.0590075648
"1163",1163,16945.5,9526.9,16941.4161336392,9529.78479384822
"1164",1164,16549.5,9059.6,16550.2338631627,9064.54585127742
"1165",1165,16080.5,9196,16078.1187906793,9191.60342836164
"1166",1166,16387,8776,16385.8247983387,8780.85992809157
"1167",1167,16656.9,8662.9,16660.6260210438,8666.23418163592
"1168",1168,16681,9308,16677.2252506399,9311.27891251308
"1169",1169,16070.4,9179,16069.0030549057,9174.19911004047
"1170",1170,16964.8,9484.2,16964.6871166729,9489.19872557303
"1171",1171,16338.6,9378.6,16342.8322326386,9381.26236866206
"1172",1172,16855.9,8843.4,16860.1601255455,8846.01750460113
"1173",1173,16952.9,9152.1,16948.5563943621,9154.57650763419
"1174",1174,16969.2,9563.4,16972.9015400346,9566.76133922308
"1175",1175,16093,9078.3,16092.4610728216,9083.27087089918
"1176",1176,17091.9,9172.5,17090.6195869113,9177.33327449274
"1177",1177,16944.1,8933.7,16947.9716251155,8936.86394041745
"1178",1178,17147.4,9207.4,17148.3562761711,9212.30770169068
"1179",1179,16245.8,9074.5,16250.5236993606,9076.13910474067
"1180",1180,16730,8664.6,16734.970247665,8665.14464497465
"1181",1181,16956.1,9669.5,16951.3538216687,9667.92717094146
"1182",1182,17046,9040,17044.1087401515,9035.37148661172
"1183",1183,16673.2,8971,16668.3400169864,8972.17497451346
"1184",1184,16399.5,9053.2,16402.2642629001,9057.36639539877
"1185",1185,16501.6,8865.7,16499.6684043079,8870.31182589462
"1186",1186,16833.9,9729.9,16829.2994556635,9731.8583135111
"1187",1187,16499.6,8933,16499.4295261178,8937.9970930205
"1188",1188,16476.6,8987.6,16478.2337020945,8992.32557059692
"1189",1189,16263.2,9704.9,16267.2254804198,9707.86572206893
"1190",1190,17110.7,9255.1,17108.70135543,9259.6831670145
"1191",1191,16446.7,9388.6,16441.8099754267,9389.6429092351
"1192",1192,16316.7,9075.5,16321.6645985492,9074.90606292822
"1193",1193,17030.2,9511.3,17028.3471705224,9515.94403089213
"1194",1194,16652.5,9370.9,16649.1626034082,9374.62314168267
"1195",1195,16773.8,8799,16776.7437477634,8803.0415775516
"1196",1196,16232.9,9652.6,16235.5906576493,9656.8143043808
"1197",1197,17145,9338.7,17144.8736666864,9343.69840373458
"1198",1198,17012.6,9639.7,17009.1673974314,9643.3355521735
"1199",1199,16161.8,8898.4,16157.8682476978,8901.4889033384
"1200",1200,16370.2,8734.6,16368.2935257729,8739.22226741128
"1201",1201,16511.4,9686.8,16514.9825776307,9690.28785571951
"1202",1202,16802.6,8880.8,16801.3747522523,8875.95244721982
"1203",1203,16338.9,8803.5,16339.6910909533,8808.43702087332
"1204",1204,17112,9225.3,17115.2123145261,9229.13158392641
"1205",1205,16738,9286.2,16733.8902823064,9289.04784488326
"1206",1206,17010.1,9463.1,17006.2050665459,9466.23520228823
"1207",1207,16879.2,9704.6,16874.4521660381,9706.1678241834
"1208",1208,17012.6,8864.8,17016.2010663543,8868.26876362871
"1209",1209,17108.5,9164.1,17108.1811970284,9169.08982611574
"1210",1210,16820,8695.5,16824.9295377881,8694.66354486307
"1211",1211,16952.8,9655.5,16948.0271579378,9656.98995927762
"1212",1212,17140.2,9282,17139.7967741962,9286.98371437295
"1213",1213,16361.9,9711,16360.815099095,9715.88088004629
"1214",1214,16129.6,9256.9,16127.5006532604,9252.36207720792
"1215",1215,16477.1,9605.7,16472.795204412,9608.24337078413
"1216",1216,17064.9,9113.9,17063.3568476369,9109.14408990998
"1217",1217,16319.8,9662.9,16322.6081188137,9667.03696370883
"1218",1218,16105.7,9225.1,16109.3307772075,9228.53765281398
"1219",1219,16975.4,9574.3,16978.3603114792,9578.32946099948
"1220",1220,17093.8,9369.6,17091.5448079919,9374.06252271776
"1221",1221,16747,9746,16751.8789223029,9747.09367141432
"1222",1222,16549.9,9424.1,16553.53455461,9427.53365880471
"1223",1223,16548.9,8915.1,16549.6438577262,8920.04435796471
"1224",1224,16348.4,8943.6,16353.0929058484,8945.32529264125
"1225",1225,16590,9370.9,16587.4553494488,9375.20403921592
"1226",1226,16183.5,9614.9,16187.5233412905,9617.86862339485
"1227",1227,16888,8939.2,16883.7351663814,8941.80982647045
"1228",1228,16598.7,9047.9,16603.0543339409,9050.35759555883
"1229",1229,16495.5,9383.5,16490.5373145299,9384.10971544589
"1230",1230,16524.3,9709.5,16523.7997393486,9714.47491098219
"1231",1231,16504.8,9761.9,16500.1229076702,9763.66771245929
"1232",1232,16072.2,9183,16074.7972675715,9187.27249355321
"1233",1233,16366.6,8724.5,16361.8428917667,8726.03945485705
"1234",1234,16491.1,8665.9,16490.8025448012,8670.89114419795
"1235",1235,16571,8970.1,16572.7467480752,8974.78496223697
"1236",1236,16480.5,9678.1,16485.1145880407,9680.02498758817
"1237",1237,16165,9126.3,16169.6896199244,9128.03420441833
"1238",1238,16787.4,9222.9,16791.9466977591,9224.98027389722
"1239",1239,16106.3,9190.2,16107.5571999542,9195.0393644495
"1240",1240,16627.6,8914.2,16625.5858164582,8909.62364067626
"1241",1241,16643,8731.9,16647.3463616955,8734.37166745581
"1242",1242,16367.6,8853.2,16372.5562769418,8853.85978699306
"1243",1243,17072.7,9547.3,17074.4204418274,9551.99468634931
"1244",1244,16087.5,9209.6,16090.5732864569,9213.54397139364
"1245",1245,16726.7,8678.5,16726.710552977,8683.49998886346
"1246",1246,17015.5,8971.9,17019.7390203781,8974.55154789405
"1247",1247,16613.9,9376.3,16612.4028064105,9381.07057767524
"1248",1248,16202.2,9456.3,16199.6057671917,9460.5743369236
"1249",1249,17108.9,9139.9,17112.557686373,9143.30900724503
"1250",1250,16821.2,9697.2,16826.1934085445,9697.45665367356
"1251",1251,16506.9,8656.9,16503.1334812251,8660.18836377526
"1252",1252,16780.5,9740.5,16785.4728735117,9741.02012405927
"1253",1253,16121.2,9088.3,16118.9922495494,9083.81381699573
"1254",1254,16415.7,8750.4,16420.6592612635,8751.03696759786
"1255",1255,17021.6,9002.6,17018.4569636992,8998.7113854894
"1256",1256,16862.7,8921.9,16861.5431909933,8926.76433889877
"1257",1257,16902.4,8941.9,16907.3999476418,8941.92288185844
"1258",1258,16818.4,8755.2,16818.6958690342,8760.19123847503
"1259",1259,17148,9144.3,17152.6445827202,9146.15144574727
"1260",1260,16649.7,8904.4,16652.2212275472,8908.71780171558
"1261",1261,16550.6,9082.9,16553.5071741116,9086.96796493162
"1262",1262,16164.4,9574,16160.9623363091,9577.63076690907
"1263",1263,16416.5,8964.2,16411.5319399858,8964.76425144666
"1264",1264,16218.6,9491.5,16216.5603231897,9486.93494594672
"1265",1265,16942.8,8974.7,16938.5695675038,8977.36522811312
"1266",1266,16829.1,9304.9,16833.3674703585,9302.29448724056
"1267",1267,16093.5,9464.4,16093.2877431344,9469.3954926707
"1268",1268,16595.4,9068.4,16599.8358802156,9070.70715554578
"1269",1269,16395,8705.3,16391.0073777511,8708.30981188407
"1270",1270,16966.9,9579.1,16969.2858659435,9583.49404639254
"1271",1271,16515.4,8861,16515.6749842912,8865.99243263746
"1272",1272,16721.1,8668.3,16726.0223814745,8667.42241204479
"1273",1273,17101.8,9110.5,17104.715438858,9114.56204582264
"1274",1274,17101,9170.4,17102.3368455803,9175.21797093126
"1275",1275,16812.9,8755.7,16812.8775034031,8760.69994939006
"1276",1276,16712.5,9640.8,16707.7897171606,9642.47727027422
"1277",1277,16640.7,9132.9,16645.5985247161,9131.89777467326
"1278",1278,16284.4,8925.9,16285.1261508692,8930.84698948
"1279",1279,16500.6,8830.7,16500.6380465489,8835.69985524392
"1280",1280,16578.4,9029.6,16583.0638391465,9031.40238853067
"1281",1281,16243.5,8993.9,16245.8643767593,8998.30564666537
"1282",1282,16887.8,9711.4,16882.8388287104,9710.77808406132
"1283",1283,16837.5,9025,16837.2786827991,9020.00490053186
"1284",1284,16730.8,9432.2,16730.3437303545,9437.17913827993
"1285",1285,16415.8,8894.5,16420.7999508059,8894.52217969423
"1286",1286,16934.1,8941.7,16938.9820186845,8942.77976551356
"1287",1287,16587,8795.5,16591.9709767898,8796.03794958432
"1288",1288,16791.2,9367.8,16786.2153027201,9368.19088748699
"1289",1289,16501.9,8659.8,16497.3710743373,8661.91868646612
"1290",1290,16616.2,8737.4,16618.3014121561,8741.9369667125
"1291",1291,16337.2,9659.4,16341.3252719229,9662.22526663551
"1292",1292,16397.7,8698.7,16393.2256109453,8700.93155609094
"1293",1293,17139,9362.7,17136.1966394535,9366.84018956644
"1294",1294,17038.4,9040.6,17042.6560824754,9043.2240735436
"1295",1295,17153.3,9217.8,17153.9239463709,9212.83908366063
"1296",1296,16164,8891.2,16160.1753977079,8894.42062374511
"1297",1297,16812.4,9299,16808.1840912214,9301.68814307099
"1298",1298,16625.3,9063.1,16622.597374425,9058.89336060481
"1299",1299,17084.1,9044.7,17082.3207506668,9049.3727156783
"1300",1300,16464.5,9713.5,16469.4145621266,9714.42036900423
"1301",1301,16669.6,9312.9,16665.8190821255,9316.17179767504
"1302",1302,16167,9132.1,16164.691912399,9136.53539531792
"1303",1303,16834.2,8754.9,16830.806810509,8751.22763494758
"1304",1304,16715.3,9314.7,16713.0722311449,9319.1762758995
"1305",1305,16706.6,8703.7,16702.6645537079,8706.78419559719
"1306",1306,16245.4,8809.6,16241.3913161121,8812.58838643533
"1307",1307,16910.3,9588,16908.5241258608,9592.6739994696
"1308",1308,16232.8,8813.3,16229.5393651825,8817.09054885037
"1309",1309,16835,8761.2,16834.7035649707,8766.19120489195
"1310",1310,16801,8754.7,16796.0048338395,8754.48019320048
"1311",1311,16627,8743.6,16628.2609413882,8748.43839093249
"1312",1312,16855.7,8794.4,16859.0504792124,8798.11137293296
"1313",1313,16590.2,9105.1,16595.1743756931,9105.60555559908
"1314",1314,16483.8,9065.7,16482.4571218982,9060.88370698527
"1315",1315,16105.9,9178.9,16110.8976496165,9178.74670841197
"1316",1316,16868.7,8777.9,16867.4645556825,8782.74496412148
"1317",1317,17113.3,9475.4,17114.6794544079,9470.59405518796
"1318",1318,16590,9094.2,16585.0018771246,9094.33699533651
"1319",1319,16092.6,9172.4,16096.3460277816,9175.71168776598
"1320",1320,16514.8,8983.9,16519.4122047476,8985.83069090382
"1321",1321,16397.2,9012.6,16398.2687849002,9017.48443434156
"1322",1322,16716.1,8960.6,16721.0758942707,8961.09038373396
"1323",1323,16579.6,9081,16574.8508487514,9079.43617059188
"1324",1324,17112.4,9303.1,17113.5009678216,9307.97728099005
"1325",1325,16079.3,9054.6,16078.1349993055,9049.7376164917
"1326",1326,16686,8972.2,16690.6209210729,8970.29026482506
"1327",1327,16644.4,9066.7,16645.898451706,9071.47018264689
"1328",1328,16501.7,8982.3,16506.3028560607,8984.25287380153
"1329",1329,17089.4,9396.1,17087.4870825173,9400.71960460475
"1330",1330,16101.8,9080.6,16106.576523247,9079.12188441906
"1331",1331,16489.9,9752,16493.5668582818,9755.39913964723
"1332",1332,16816.8,9007.9,16821.4719014096,9009.68138631934
"1333",1333,16090.7,9165.9,16089.4853225615,9170.75021223457
"1334",1334,16699.5,9120.5,16699.4823893031,9125.49996898624
"1335",1335,16911,8939.4,16915.9986266642,8939.51718136181
"1336",1336,16289,8771.7,16288.9533335911,8776.69978221989
"1337",1337,16791.5,8701.1,16787.6214062195,8704.25539384008
"1338",1338,16743.8,9794.2,16739.3879631681,9796.55243086912
"1339",1339,16676.5,8731.1,16680.4393599434,8734.17919522549
"1340",1340,16778.6,8680.4,16773.6026929441,8680.56407982565
"1341",1341,16722.2,8848.9,16724.9509562115,8853.07519339937
"1342",1342,16884.5,9594.3,16879.8493553785,9596.13616573451
"1343",1343,16888.6,8943.9,16883.9863114458,8945.82714242472
"1344",1344,16971.7,9566.5,16974.8088042846,9570.41603574041
"1345",1345,16232.8,9244,16236.1780410428,9247.68630420788
"1346",1346,16558.8,9093.5,16563.3290517934,9095.61841682703
"1347",1347,16796.2,9190.7,16796.5414667936,9195.68832641563
"1348",1348,16780.7,9287.5,16775.7007594693,9287.58714422524
"1349",1349,16290,9464.5,16287.4676994146,9468.81131693864
"1350",1350,16484.7,8888,16489.3849970476,8889.74665470662
"1351",1351,16415.7,9124.6,16410.7634814374,9125.39421941603
"1352",1352,17001.1,9085.9,16996.616059784,9088.11230199995
"1353",1353,16050.8,9179.1,16051.3333455111,9184.07147287691
"1354",1354,16459.9,9241.3,16454.9577369338,9242.05765149285
"1355",1355,16798.8,8687.4,16803.6986981319,8688.4013773577
"1356",1356,17037.9,9459.7,17042.8908446343,9459.39756019363
"1357",1357,16527.6,9237.3,16524.7745114888,9233.1748800414
"1358",1358,16250.3,9163.8,16253.0157797609,9167.99815915496
"1359",1359,17093.3,9455.5,17094.3500702691,9460.38849183593
"1360",1360,16447.3,8708.1,16449.3308084978,8712.6690061113
"1361",1361,16695,8882.1,16690.2781020264,8883.74428693572
"1362",1362,16807.6,8881.8,16805.6419758446,8877.19933250422
"1363",1363,16779.9,9237.5,16784.776465674,9238.60457346089
"1364",1364,16363.3,9356.3,16362.9529064852,9351.31206193984
"1365",1365,16867.1,8716,16871.0529200244,8719.06176799922
"1366",1366,16466.6,8712,16468.1885437844,8716.74094174664
"1367",1367,16488.5,8950.8,16493.064052497,8952.84191694358
"1368",1368,16084.4,9213.7,16087.9367573815,9217.23431000685
"1369",1369,16279.9,9336.8,16284.6005086832,9338.50447004063
"1370",1370,16743.4,8723.5,16746.5138566194,8727.41201954927
"1371",1371,16837.5,9217.3,16833.263213695,9219.9551161568
"1372",1372,16544.4,8946.7,16547.7743174104,8950.38971299886
"1373",1373,16238.8,9650,16241.6885973599,9654.08117694938
"1374",1374,16406.2,9007.2,16409.7898991797,9010.68031950824
"1375",1375,16795.7,9622.7,16790.7388511105,9623.32209460413
"1376",1376,16462.5,8798.9,16460.6973943419,8794.23624477042
"1377",1377,16721.7,8673.9,16717.1468514276,8675.96611666601
"1378",1378,16917.1,9612.2,16921.6035720215,9614.37205871172
"1379",1379,16238.1,9191.1,16242.50456029,9193.46639993483
"1380",1380,17145.5,9140.3,17150.4957216362,9140.50679780971
"1381",1381,16415.5,9769.5,16420.4621929194,9770.11371119464
"1382",1382,16758.2,9752.5,16754.1057237603,9755.37000036115
"1383",1383,16938.7,9613.4,16943.6739588556,9613.9096403661
"1384",1384,17093.4,9362.3,17091.6458315409,9357.61781108698
"1385",1385,16556.4,9411.9,16551.4812397551,9412.7976623271
"1386",1386,16703.7,8897.2,16699.2320097175,8899.44434017817
"1387",1387,16112.3,9467.2,16109.2607064113,9471.17022599886
"1388",1388,16764.6,8719.7,16769.1662260396,8721.73705173104
"1389",1389,16568.9,9001.6,16572.6349929296,9004.92412812865
"1390",1390,16922,9211,16922.8964199978,9215.91898680497
"1391",1391,16480.3,9006.2,16483.6219671452,9009.93691507611
"1392",1392,16685.6,9027.2,16687.0056137362,9031.99835909709
"1393",1393,16358,8755.2,16353.0360959794,8755.79971399396
"1394",1394,16217.2,9174.5,16220.2723988651,9178.4446628771
"1395",1395,16813.6,8869.3,16810.9541648533,8865.05741159475
"1396",1396,16564.2,9379.7,16559.5688698237,9381.58484304118
"1397",1397,16453.4,8876.2,16449.3636647821,8879.15093171873
"1398",1398,16578,9788.7,16576.1057569496,9784.07270670196
"1399",1399,16356.3,8892.6,16357.8528023958,8897.3527681113
"1400",1400,17092.4,9377,17092.149244224,9381.9937081954
"1401",1401,16645.8,9624.1,16650.5263031939,9622.46841852207
"1402",1402,17103.6,9505.2,17107.2419172184,9501.77415134982
"1403",1403,16110.1,9505.6,16107.3826898971,9509.7971687844
"1404",1404,16096.8,9182,16093.743595081,9178.04293177069
"1405",1405,16609,9157.1,16606.7588768664,9161.56960480357
"1406",1406,16787.2,9439.9,16782.2259261378,9439.3914833201
"1407",1407,16492.3,9514.7,16494.69922935,9519.08676401534
"1408",1408,16310.9,8794.3,16309.3379601095,8799.04974013821
"1409",1409,16460.3,9386.3,16462.2361557469,9390.9099133315
"1410",1410,16775.2,8809.4,16778.5613758364,8813.10150678593
"1411",1411,16623.2,9005.3,16625.3861481095,9009.79674954198
"1412",1412,16678,9159.1,16682.8918955923,9160.13409743942
"1413",1413,16638.8,9778.9,16641.9499322377,9782.78303063317
"1414",1414,16444.3,8701.4,16444.1784322398,8706.39852190949
"1415",1415,16415.6,9205.5,16420.3549080096,9207.04623731043
"1416",1416,16990.4,9172,16990.711516677,9176.9902863004
"1417",1417,16439.7,9081.3,16444.6571834543,9081.95294119236
"1418",1418,17065.9,9484.6,17060.9060064619,9484.84500722674
"1419",1419,16253.8,8864.6,16249.7840616465,8867.57863041365
"1420",1420,16929.1,8897.6,16933.8929900144,8899.02381414588
"1421",1421,16944.2,9689,16949.1403257511,9689.77018275286
"1422",1422,17118.3,9132.2,17122.3275799061,9135.16287024696
"1423",1423,16098,8976.1,16096.7481000212,8980.94073821261
"1424",1424,16591.3,9563.9,16592.0018131088,9558.94949918085
"1425",1425,16551.7,8885.6,16553.903245514,8890.08839717552
"1426",1426,16384.3,8709.8,16388.0876644134,8706.53601496762
"1427",1427,16383.2,8996.9,16378.4312445638,8998.40298755467
"1428",1428,16533,9393.8,16530.2502182306,9397.97596698031
"1429",1429,16694.3,9012.4,16698.2703156368,9015.43917649116
"1430",1430,16696.1,8955.2,16691.1055516814,8955.43555465005
"1431",1431,16612.2,9357,16607.543194813,9358.82048494928
"1432",1432,16724.6,9253.8,16721.9439519578,9258.03620216676
"1433",1433,16426.7,8737.8,16429.0083216384,8742.23527352187
"1434",1434,16257.4,9096.9,16260.4515741184,9100.860794794
"1435",1435,16095.2,9404.5,16094.2053202015,9409.40006245864
"1436",1436,17155.2,9148.1,17155.9590633123,9153.04204642713
"1437",1437,16710.5,8892.7,16709.4471276691,8897.5878891001
"1438",1438,16827.1,8863.2,16824.600603029,8858.86952487812
"1439",1439,16714.8,8966.3,16718.2209760578,8969.94649459234
"1440",1440,16267.6,9065.6,16272.5486671663,9064.88537193084
"1441",1441,16718.2,9376.9,16714.1209407479,9379.79158704131
"1442",1442,16633,9788.5,16635.124508903,9793.02619729145
"1443",1443,16083.4,9103.9,16085.0928475448,9108.60470691862
"1444",1444,17116.2,9110.8,17120.0880529181,9113.94373098499
"1445",1445,16482,8839,16481.9158943623,8843.99929257412
"1446",1446,16967.9,9551.4,16968.8814140691,9556.3027366261
"1447",1447,16132.8,9270.1,16134.5511245513,9274.78332817617
"1448",1448,17054.3,9073.2,17051.9907156185,9068.76522766702
"1449",1449,16621.8,9037.7,16617.9462238862,9034.51434313455
"1450",1450,16265.8,9639,16266.427735174,9643.96043834266
"1451",1451,16808.5,8768.3,16809.4418621836,8763.38951167121
"1452",1452,17082.2,8996.9,17082.7490256335,9001.86976567393
"1453",1453,16815,8692.3,16819.9826814356,8692.7157952755
"1454",1454,16801.6,9190.6,16802.1977496787,9195.56414094498
"1455",1455,17110.3,9102.6,17114.5152716568,9105.28914203038
"1456",1456,16210.8,9484.1,16215.7911118377,9483.80200230948
"1457",1457,17125.2,9155,17122.5645273292,9150.75096672156
"1458",1458,16115.7,9084.3,16111.1102137153,9082.31660345345
"1459",1459,16646.2,8949.3,16641.2167302547,8949.70868404171
"1460",1460,16062.3,9132.1,16064.2760701638,9136.6929453195
"1461",1461,16715.2,9483.9,16710.2068919612,9483.63756503097
